_MEMBER_M19050.Micro,_MEMBER_M19050.OPC,_MEMBER_M19050.Oligo,_MEMBER_M59593.Micro,_MEMBER_M59593.OPC,_MEMBER_M59593.Oligo,_LogP_M19050.Micro,_LogP_M19050.OPC,_LogP_M19050.Oligo,_LogP_M59593.Micro,_LogP_M59593.OPC,_LogP_M59593.Oligo,GO,_PATTERN_,_RANK_,GiniIndex,Category,CategoryID,Description,PARENT_GO,LogP,Enrichment,Z-score,#TotalGeneInLibrary,#GeneInGO,#GeneInHitList,#GeneInGOAndHitList,%InGO,STDV %InGO,GeneID,Hits,Log(q-value),EvidenceCutoff
1,0,0,0,0,0,-5.6,0,0,0,0,0,C0011991,M100000,1,0,DisGeNET,35,Diarrhea,,-5.6,8.9,7.6,30304,631,43,8,19,5.9,712|3119|4988|5293|7100|7903|10320|57817,C1QA|HLA-DQB1|OPRM1|PIK3CD|TLR5|ST8SIA4|IKZF1|HAMP,-2.8,0
0,0,1,0,0,0,0,0,-5.5,0,0,0,C3266898,M001000,1,0,DisGeNET,35,Waardenburg Syndrome,,-5.5,1.1e+02,18,30304,21,41,3,7.3,4.1,1287|6663|55636,COL4A5|SOX10|CHD7,-2.8,0
1,0,0,0,0,0,-5.4,0,0,0,0,0,C0027697,M100000,1,0,DisGeNET,35,Nephritis,,-5.4,14,8.7,30304,296,43,6,14,5.3,712|3119|7100|7903|10320|57817,C1QA|HLA-DQB1|TLR5|ST8SIA4|IKZF1|HAMP,-2.7,0
1,0,0,0,0,0,-5.4,0,0,0,0,0,C0042109,M100000,1,0,DisGeNET,35,Urticaria,,-5.4,21,9.8,30304,168,43,5,12,4.9,3119|4988|5293|6850|30817,HLA-DQB1|OPRM1|PIK3CD|SYK|ADGRE2,-2.7,0
0,0,1,0,0,0,0,0,-5.2,0,0,0,C0023520,M001000,1,0,DisGeNET,35,Leukodystrophy,,-5.2,19,9.4,30304,190,41,5,12,5.1,6663|10215|84504|84668|116448,SOX10|OLIG2|NKX6-2|HYCC1|OLIG1,-2.5,0
1,0,0,0,0,0,-5.1,0,0,0,0,0,C0023896,M100000,1,0,DisGeNET,35,Alcoholic Liver Diseases,,-5.1,18,9,30304,195,43,5,12,4.9,409|5293|6916|7903|57817,ARRB2|PIK3CD|TBXAS1|ST8SIA4|HAMP,-2.4,0
1,0,0,0,0,0,-5.1,0,0,0,0,0,C0036920,M100000,1,0,DisGeNET,35,Sezary Syndrome,,-5.1,18,9,30304,196,43,5,12,4.9,409|3119|5293|6195|6404,ARRB2|HLA-DQB1|PIK3CD|RPS6KA1|SELPLG,-2.4,0
1,0,0,0,0,0,-4.7,0,0,0,0,0,C0014742,M100000,1,0,DisGeNET,35,Erythema Multiforme,,-4.7,56,13,30304,38,43,3,7,3.9,3119|6404|23659,HLA-DQB1|SELPLG|PLA2G15,-2.1,0
0,0,1,0,0,0,0,0,-4.7,0,0,0,C0003126,M001000,1,0,DisGeNET,35,Anosmia,,-4.7,55,13,30304,40,41,3,7.3,4.1,1902|6663|55636,LPAR1|SOX10|CHD7,-2.1,0
1,0,0,0,0,0,-4.6,0,0,0,0,0,C1565489,M100000,1,0,DisGeNET,35,Renal Insufficiency,,-4.6,8,6.6,30304,615,43,7,16,5.6,712|2651|9935|10320|51085|51177|57817,C1QA|GCNT2|MAFB|IKZF1|MLXIPL|PLEKHO1|HAMP,-2.1,0
0,0,1,0,0,0,0,0,-4.6,0,0,0,C0241355,M001000,1,0,DisGeNET,35,Small testicle,,-4.6,23,9.2,30304,129,41,4,9.8,4.6,1028|6663|55636|57187,CDKN1C|SOX10|CHD7|THOC2,-2,0
0,0,1,0,1,1,0,0,-4.5,0,-2.1,-2.3,C0751396,M001011,3,0,DisGeNET,35,Well Differentiated Oligodendroglioma,,-4.5,14,7.7,30304,270,41,5,12,5.1,6663|7368|10215|84504|116448,SOX10|UGT8|OLIG2|NKX6-2|OLIG1,-2,0
1,0,0,0,0,0,-4.5,0,0,0,0,0,C0085693,M100000,1,0,DisGeNET,35,Acute appendicitis NOS (disorder),,-4.5,49,12,30304,43,43,3,7,3.9,6404|23659|57817,SELPLG|PLA2G15|HAMP,-2,0
1,0,0,0,0,0,-4.4,0,0,0,0,0,C0018133,M100000,1,0,DisGeNET,35,Graft-vs-Host Disease,,-4.4,9.5,6.8,30304,447,43,6,14,5.3,3119|4988|5293|6850|7100|10320,HLA-DQB1|OPRM1|PIK3CD|SYK|TLR5|IKZF1,-1.9,0
0,0,1,0,1,1,0,0,-4.4,0,-2,-2.3,C0028945,M001011,3,0,DisGeNET,35,oligodendroglioma,,-4.4,13,7.5,30304,282,41,5,12,5.1,6663|7368|10215|84504|116448,SOX10|UGT8|OLIG2|NKX6-2|OLIG1,-1.9,0
1,0,0,0,0,0,-4.3,0,0,0,0,0,C0854135,M100000,1,0,DisGeNET,35,Pseudomonas aeruginosa infection,,-4.3,43,11,30304,49,43,3,7,3.9,6850|7100|11213,SYK|TLR5|IRAK3,-1.9,0
1,0,1,0,0,0,-4.2,0,-3.2,0,0,0,C0042384,M101000,2,0,DisGeNET,35,Vasculitis,,-4.2,12,7.1,30304,294,43,5,12,4.9,3119|6850|7100|10320|57817,HLA-DQB1|SYK|TLR5|IKZF1|HAMP,-1.8,0
1,0,0,0,0,0,-4.2,0,0,0,0,0,C0000737,M100000,1,0,DisGeNET,35,Abdominal Pain,,-4.2,12,7,30304,302,43,5,12,4.9,712|3119|4988|7462|10320,C1QA|HLA-DQB1|OPRM1|LAT2|IKZF1,-1.7,0
0,0,0,0,0,1,0,0,0,0,0,-4.2,C0205682,M000001,1,0,DisGeNET,35,Waist-Hip Ratio,,-4.2,8.5,6.3,30304,565,38,6,16,5.9,2070|3486|7444|10395|56987|79899,EYA4|IGFBP3|VRK2|DLC1|BBX|PRR5L,-1.7,0
1,0,0,0,0,0,-4.1,0,0,0,0,0,C0017662,M100000,1,0,DisGeNET,35,"Glomerulonephritis, Membranoproliferative",,-4.1,37,10,30304,57,43,3,7,3.9,712|3119|5293,C1QA|HLA-DQB1|PIK3CD,-1.7,0
1,0,0,0,0,0,-4.1,0,0,0,0,0,C0151449,M100000,1,0,DisGeNET,35,Primary Sj√∂gren's syndrome,,-4.1,11,6.9,30304,312,43,5,12,4.9,397|3119|5293|7100|10320,ARHGDIB|HLA-DQB1|PIK3CD|TLR5|IKZF1,-1.7,0
1,0,0,0,0,0,-4.1,0,0,0,0,0,C0242380,M100000,1,0,DisGeNET,35,Libman-Sacks Disease,,-4.1,36,10,30304,59,43,3,7,3.9,712|7100|10320,C1QA|TLR5|IKZF1,-1.7,0
1,0,0,0,0,0,-4.1,0,0,0,0,0,C0024537,M100000,1,0,DisGeNET,35,"Malaria, Vivax",,-4.1,35,10,30304,60,43,3,7,3.9,7100|11309|57817,TLR5|SLCO2B1|HAMP,-1.7,0
0,0,0,0,1,0,0,0,0,0,-4,0,C0201899,M000010,1,0,DisGeNET,35,Aspartate aminotransferase measurement,,-4,34,9.8,30304,57,47,3,6.4,3.6,80709|116328|121256,AKNA|C8orf34|TMEM132D,-1.6,0
1,0,0,0,0,0,-4,0,0,0,0,0,C0085281,M100000,1,0,DisGeNET,35,Addictive Behavior,,-4,11,6.6,30304,332,43,5,12,4.9,409|4988|5293|8440|51085,ARRB2|OPRM1|PIK3CD|NCK2|MLXIPL,-1.6,0
0,0,0,1,0,0,0,0,0,-3.9,0,0,C0393819,M000100,1,0,DisGeNET,35,"Polyradiculoneuropathy, Chronic Inflammatory Demyelinating",,-3.9,31,9.3,30304,82,36,3,8.3,4.6,942|2705|4481,CD86|GJB1|MSR1,-1.5,0
0,0,1,0,1,0,0,0,-2.3,0,-3.9,0,C0279550,M001010,2,0,DisGeNET,35,Adult Rhabdomyosarcoma,,-3.9,7.6,5.9,30304,509,47,6,13,4.9,858|2100|4254|10215|28514|65108,CAV2|ESR2|KITLG|OLIG2|DLL1|MARCKSL1,-1.5,0
1,0,0,0,0,0,-3.9,0,0,0,0,0,C0202236,M100000,1,0,DisGeNET,35,Triglycerides measurement,,-3.9,7.5,5.9,30304,563,43,6,14,5.3,6195|6916|23659|51085|220107|221935,RPS6KA1|TBXAS1|PLA2G15|MLXIPL|DLEU7|SDK1,-1.5,0
0,0,1,0,1,0,0,0,-2.3,0,-3.8,0,C0220611,M001010,2,0,DisGeNET,35,Childhood Rhabdomyosarcoma,,-3.8,7.5,5.9,30304,517,47,6,13,4.9,858|2100|4254|10215|28514|65108,CAV2|ESR2|KITLG|OLIG2|DLL1|MARCKSL1,-1.5,0
1,0,0,0,0,0,-3.8,0,0,0,0,0,C0236807,M100000,1,0,DisGeNET,35,Amphetamine Abuse,,-3.8,28,8.9,30304,75,43,3,7,3.9,409|4988|344558,ARRB2|OPRM1|SH3RF3,-1.5,0
1,0,0,0,0,0,-3.8,0,0,0,0,0,C0242621,M100000,1,0,DisGeNET,35,Isochromosomes,,-3.8,28,8.9,30304,75,43,3,7,3.9,5293|6850|220107,PIK3CD|SYK|DLEU7,-1.5,0
1,0,0,0,0,0,-3.7,0,0,0,0,0,C0271650,M100000,1,0,DisGeNET,35,Impaired glucose tolerance,,-3.7,7.1,5.7,30304,596,43,6,14,5.3,3119|5293|7462|8440|51085|57817,HLA-DQB1|PIK3CD|LAT2|NCK2|MLXIPL|HAMP,-1.4,0
1,0,0,0,0,0,-3.7,0,0,0,0,0,C0236733,M100000,1,0,DisGeNET,35,Amphetamine-Related Disorders,,-3.7,27,8.7,30304,78,43,3,7,3.9,409|4988|344558,ARRB2|OPRM1|SH3RF3,-1.4,0
0,0,1,0,0,0,0,0,-3.7,0,0,0,C4521256,M001000,1,0,DisGeNET,35,Glomerulopathy Assessment,,-3.7,26,8.6,30304,84,41,3,7.3,4.1,1028|1287|7456,CDKN1C|COL4A5|WIPF1,-1.4,0
0,1,0,0,0,0,0,-3.7,0,0,0,0,C1837461,M010000,1,0,DisGeNET,35,"SCOLIOSIS, ISOLATED, SUSCEPTIBILITY TO, 3",,-3.7,7,5.6,30304,578,45,6,13,5.1,2899|9760|55553|81792|137868|338645,GRIK3|TOX|SOX6|ADAMTS12|SGCZ|LUZP2,-1.4,0
1,0,0,0,0,0,-3.7,0,0,0,0,0,C0236804,M100000,1,0,DisGeNET,35,Amphetamine Addiction,,-3.7,26,8.5,30304,81,43,3,7,3.9,409|4988|344558,ARRB2|OPRM1|SH3RF3,-1.4,0
0,0,1,0,0,0,0,0,-3.7,0,0,0,C1387005,M001000,1,0,DisGeNET,35,Penis agenesis,,-3.7,14,6.9,30304,217,41,4,9.8,4.6,1028|6663|55636|57187,CDKN1C|SOX10|CHD7|THOC2,-1.4,0
0,0,0,0,0,1,0,0,0,0,0,-3.7,C0432072,M000001,1,0,DisGeNET,35,Dysmorphic features,,-3.7,9.1,6,30304,439,38,5,13,5.5,2070|3486|6925|10472|64919,EYA4|IGFBP3|TCF4|ZBTB18|BCL11B,-1.4,0
1,0,0,0,0,0,-3.6,0,0,0,0,0,C0017658,M100000,1,0,DisGeNET,35,Glomerulonephritis,,-3.6,9,6,30304,391,43,5,12,4.9,3119|6850|6916|7100|10320,HLA-DQB1|SYK|TBXAS1|TLR5|IKZF1,-1.4,0
1,0,0,0,0,0,-3.6,0,0,0,0,0,C0003615,M100000,1,0,DisGeNET,35,Appendicitis,,-3.6,25,8.4,30304,83,43,3,7,3.9,6404|23659|57817,SELPLG|PLA2G15|HAMP,-1.4,0
1,0,0,1,0,0,-2.4,0,0,-3.6,0,0,C0007113,M100100,2,0,DisGeNET,35,Rectal Carcinoma,,-3.6,8.9,6,30304,472,36,5,14,5.8,241|2118|4481|5163|5321,ALOX5AP|ETV4|MSR1|PDK1|PLA2G4A,-1.4,0
0,0,1,0,1,0,0,0,-2.2,0,-3.6,0,C0035412,M001010,2,0,DisGeNET,35,Rhabdomyosarcoma,,-3.6,6.8,5.5,30304,565,47,6,13,4.9,858|2100|4254|10215|28514|65108,CAV2|ESR2|KITLG|OLIG2|DLL1|MARCKSL1,-1.4,0
0,0,0,1,0,0,0,0,0,-3.6,0,0,C0339543,M000100,1,0,DisGeNET,35,Epiretinal Membrane,,-3.6,25,8.3,30304,102,36,3,8.3,4.6,2013|2119|3059,EMP2|ETV5|HCLS1,-1.4,0
1,1,0,0,0,0,-3.6,-2.5,0,0,0,0,C0013146,M110000,2,0,DisGeNET,35,Drug abuse,,-3.6,8.7,5.9,30304,404,43,5,12,4.9,409|4988|7903|23659|57817,ARRB2|OPRM1|ST8SIA4|PLA2G15|HAMP,-1.3,0
1,0,0,0,0,0,-3.6,0,0,0,0,0,C0042029,M100000,1,0,DisGeNET,35,Urinary tract infection,,-3.6,13,6.6,30304,219,43,4,9.3,4.4,6404|7100|23659|57817,SELPLG|TLR5|PLA2G15|HAMP,-1.3,0
0,0,1,0,0,0,0,0,-3.6,0,0,0,C0280781,M001000,1,0,DisGeNET,35,Adult Pilocytic Astrocytoma,,-3.6,24,8.2,30304,92,41,3,7.3,4.1,6663|10215|25897,SOX10|OLIG2|RNF19A,-1.3,0
0,0,0,0,1,0,0,0,0,0,-3.6,0,C0334579,M000010,1,0,DisGeNET,35,Anaplastic astrocytoma,,-3.6,13,6.6,30304,202,47,4,8.5,4.1,429|2100|10215|65108,ASCL1|ESR2|OLIG2|MARCKSL1,-1.3,0
0,1,0,0,0,0,0,-3.6,0,0,0,0,C1839829,M010000,1,0,DisGeNET,35,Short distal phalanx of finger,,-3.6,24,8.1,30304,85,45,3,6.7,3.7,7227|50515|55784,TRPS1|CHST11|MCTP2,-1.3,0
0,0,0,0,1,0,0,0,0,0,-3.5,0,C0003504,M000010,1,0,DisGeNET,35,Aortic Valve Insufficiency,,-3.5,8.6,5.8,30304,377,47,5,11,4.5,429|1267|2100|2296|5592,ASCL1|CNP|ESR2|FOXC1|PRKG1,-1.3,0
0,0,1,0,0,0,0,0,-3.5,0,0,0,C1332995,M001000,1,0,DisGeNET,35,Childhood Pilocytic Astrocytoma,,-3.5,23,7.9,30304,97,41,3,7.3,4.1,6663|10215|25897,SOX10|OLIG2|RNF19A,-1.3,0
1,0,0,0,0,0,-3.5,0,0,0,0,0,C0270850,M100000,1,0,DisGeNET,35,Idiopathic generalized epilepsy,,-3.5,22,7.9,30304,94,43,3,7,3.9,3786|4988|6850,KCNQ3|OPRM1|SYK,-1.3,0
1,0,0,1,0,0,-3.5,0,0,-2.6,0,0,C0004610,M100100,2,0,DisGeNET,35,Bacteremia,,-3.5,12,6.4,30304,232,43,4,9.3,4.4,409|6404|7100|57817,ARRB2|SELPLG|TLR5|HAMP,-1.3,0
0,1,0,0,0,0,0,-3.5,0,0,0,0,C0424621,M010000,1,0,DisGeNET,35,Body Fat Distribution,,-3.5,22,7.9,30304,90,45,3,6.7,3.7,5125|155185|170691,PCSK5|AMZ1|ADAMTS17,-1.3,0
0,0,0,1,0,0,0,0,0,-3.5,0,0,C0553580,M000100,1,0,DisGeNET,35,Ewings sarcoma,,-3.5,8.1,5.6,30304,517,36,5,14,5.8,942|1051|2118|2119|2313,CD86|CEBPB|ETV4|ETV5|FLI1,-1.3,0
1,0,0,0,0,0,-3.5,0,0,0,0,0,C0262655,M100000,1,0,DisGeNET,35,Recurrent urinary tract infection,,-3.5,12,6.3,30304,237,43,4,9.3,4.4,6404|7100|51085|57817,SELPLG|TLR5|MLXIPL|HAMP,-1.3,0
1,0,0,1,0,0,-3.4,0,0,-2.5,0,0,C0867389,M100100,2,0,DisGeNET,35,Chronic graft-versus-host disease,,-3.4,12,6.3,30304,241,43,4,9.3,4.4,3119|4988|5293|6850,HLA-DQB1|OPRM1|PIK3CD|SYK,-1.2,0
0,1,0,0,1,0,0,-3.4,0,0,-3.3,0,C0410702,M010010,2,0,DisGeNET,35,Adolescent idiopathic scoliosis,,-3.4,6.2,5.2,30304,656,45,6,13,5.1,2899|9760|55553|81792|137868|338645,GRIK3|TOX|SOX6|ADAMTS12|SGCZ|LUZP2,-1.2,0
1,0,0,1,0,0,-3.4,0,0,-2,0,0,C2363741,M100100,2,0,DisGeNET,35,HIV-1 infection,,-3.4,6.1,5.1,30304,695,43,6,14,5.3,397|3119|5293|5359|6404|344558,ARHGDIB|HLA-DQB1|PIK3CD|PLSCR1|SELPLG|SH3RF3,-1.2,0
1,0,0,0,0,0,-3.4,0,0,0,0,0,C0020429,M100000,1,0,DisGeNET,35,Hyperalgesia,,-3.4,7.8,5.5,30304,451,43,5,12,4.9,409|3786|4988|5293|57817,ARRB2|KCNQ3|OPRM1|PIK3CD|HAMP,-1.2,0
0,1,0,0,0,0,0,-3.3,0,0,0,0,C0010701,M010000,1,0,DisGeNET,35,Phyllodes Tumor,,-3.3,20,7.4,30304,100,45,3,6.7,3.7,6935|8821|9760,ZEB1|INPP4B|TOX,-1.2,0
0,0,1,0,0,0,0,0,-3.3,0,0,0,C1609433,M001000,1,0,DisGeNET,35,Congenital absence of kidneys syndrome,,-3.3,20,7.4,30304,110,41,3,7.3,4.1,6663|30812|55636,SOX10|SOX8|CHD7,-1.2,0
1,0,0,0,0,0,-3.3,0,0,0,0,0,C4703473,M100000,1,0,DisGeNET,35,Atherosclerotic lesion,,-3.3,11,6.1,30304,253,43,4,9.3,4.4,5293|7100|51085|57817,PIK3CD|TLR5|MLXIPL|HAMP,-1.2,0
1,0,0,0,0,0,-3.3,0,0,0,0,0,C4277682,M100000,1,0,DisGeNET,35,Chemical and Drug Induced Liver Injury,,-3.3,7.6,5.4,30304,461,43,5,12,4.9,2180|3119|6916|7100|57817,ACSL1|HLA-DQB1|TBXAS1|TLR5|HAMP,-1.2,0
1,0,0,0,0,0,-3.3,0,0,0,0,0,C0035309,M100000,1,0,DisGeNET,35,Retinal Diseases,,-3.3,5.9,5,30304,714,43,6,14,5.3,3119|4988|5293|8440|51085|220107,HLA-DQB1|OPRM1|PIK3CD|NCK2|MLXIPL|DLEU7,-1.2,0
1,0,1,1,0,0,-2.9,0,-2.1,-3.3,0,0,C0151650,M101100,3,0,DisGeNET,35,Renal fibrosis,,-3.3,7.4,5.3,30304,570,36,5,14,5.8,1051|2119|2705|4055|5321,CEBPB|ETV5|GJB1|LTBR|PLA2G4A,-1.1,0
1,0,0,0,0,0,-3.2,0,0,0,0,0,C0520679,M100000,1,0,DisGeNET,35,"Sleep Apnea, Obstructive",,-3.2,7.3,5.3,30304,480,43,5,12,4.9,3119|4988|5293|23659|57817,HLA-DQB1|OPRM1|PIK3CD|PLA2G15|HAMP,-1.1,0
1,0,0,0,0,0,-3.2,0,0,0,0,0,C4529962,M100000,1,0,DisGeNET,35,Fatty Liver Disease,,-3.2,5.7,4.9,30304,741,43,6,14,5.3,2180|5293|6850|11309|51085|57817,ACSL1|PIK3CD|SYK|SLCO2B1|MLXIPL|HAMP,-1.1,0
1,0,0,0,0,0,-3.2,0,0,0,0,0,C0020443,M100000,1,0,DisGeNET,35,Hypercholesterolemia,,-3.2,7.2,5.2,30304,489,43,5,12,4.9,5293|7462|7903|11309|23659,PIK3CD|LAT2|ST8SIA4|SLCO2B1|PLA2G15,-1.1,0
0,0,0,0,1,0,0,0,0,0,-3.2,0,C0349782,M000010,1,0,DisGeNET,35,Ischemic cardiomyopathy,,-3.2,18,6.9,30304,110,47,3,6.4,3.6,55083|58480|65108,KIF26B|RHOU|MARCKSL1,-1.1,0
1,0,0,1,0,0,-2.9,0,0,-3.2,0,0,C0023485,M100100,2,0,DisGeNET,35,Precursor B-Cell Lymphoblastic Leukemia-Lymphoma,,-3.2,17,6.8,30304,145,36,3,8.3,4.6,2119|5321|29760,ETV5|PLA2G4A|BLNK,-1.1,0
1,0,0,0,0,0,-3.2,0,0,0,0,0,C0030305,M100000,1,0,DisGeNET,35,Pancreatitis,,-3.2,7,5.1,30304,502,43,5,12,4.9,3119|7903|10320|30817|57817,HLA-DQB1|ST8SIA4|IKZF1|ADGRE2|HAMP,-1.1,0
1,0,0,0,0,0,-3.2,0,0,0,0,0,C0027796,M100000,1,0,DisGeNET,35,Neuralgia,,-3.2,5.5,4.8,30304,766,43,6,14,5.3,409|3119|4988|5293|7100|9935,ARRB2|HLA-DQB1|OPRM1|PIK3CD|TLR5|MAFB,-1.1,0
0,0,0,1,0,0,0,0,0,-3.2,0,0,C1282496,M000100,1,0,DisGeNET,35,Metastasis from malignant tumor of prostate,,-3.2,9.8,5.7,30304,342,36,4,11,5.2,2118|4481|56937|64333,ETV4|MSR1|PMEPA1|ARHGAP9,-1.1,0
1,0,0,0,0,0,-3.2,0,0,0,0,0,C0024143,M100000,1,0,DisGeNET,35,Lupus Nephritis,,-3.2,7,5.1,30304,503,43,5,12,4.9,5293|6850|7100|10320|57817,PIK3CD|SYK|TLR5|IKZF1|HAMP,-1.1,0
1,0,0,0,0,0,-3.1,0,0,0,0,0,C0023448,M100000,1,0,DisGeNET,35,Lymphoid leukemia,,-3.1,9.8,5.6,30304,288,43,4,9.3,4.4,4066|6404|6850|10320,LYL1|SELPLG|SYK|IKZF1,-1,0
1,0,0,0,0,0,-3.1,0,0,0,0,0,C1691215,M100000,1,0,DisGeNET,35,Penile hypospadias,,-3.1,17,6.7,30304,127,43,3,7,3.9,5293|9935|23659,PIK3CD|MAFB|PLA2G15,-1,0
1,0,0,0,0,0,-3.1,0,0,0,0,0,C0162309,M100000,1,0,DisGeNET,35,Adrenoleukodystrophy,,-3.1,9.6,5.6,30304,294,43,4,9.3,4.4,409|5293|7903|57817,ARRB2|PIK3CD|ST8SIA4|HAMP,-1,0
0,0,0,0,1,0,0,0,0,0,-3.1,0,C0032927,M000010,1,0,DisGeNET,35,Precancerous Conditions,,-3.1,6.8,5,30304,471,47,5,11,4.5,2070|2100|5592|50486|121256,EYA4|ESR2|PRKG1|G0S2|TMEM132D,-1,0
1,0,0,0,0,0,-3.1,0,0,0,0,0,C0334634,M100000,1,0,DisGeNET,35,"Malignant lymphoma, lymphocytic, intermediate differentiation, diffuse",,-3.1,9.5,5.6,30304,296,43,4,9.3,4.4,5293|5359|6850|7462,PIK3CD|PLSCR1|SYK|LAT2,-1,0
0,0,0,1,0,0,0,0,0,-3.1,0,0,C0936223,M000100,1,0,DisGeNET,35,Metastatic Prostate Carcinoma,,-3.1,9.3,5.5,30304,362,36,4,11,5.2,2118|4481|56937|64333,ETV4|MSR1|PMEPA1|ARHGAP9,-1,0
1,0,0,0,0,0,-3.1,0,0,0,0,0,C0042963,M100000,1,0,DisGeNET,35,Vomiting,,-3.1,9.3,5.5,30304,303,43,4,9.3,4.4,712|3119|4988|5293,C1QA|HLA-DQB1|OPRM1|PIK3CD,-1,0
0,0,0,0,1,0,0,0,0,0,-3,0,C0026850,M000010,1,0,DisGeNET,35,Muscular Dystrophy,,-3,9.2,5.4,30304,280,47,4,8.5,4.1,191|1837|2100|4254,AHCY|DTNA|ESR2|KITLG,-0.98,0
0,0,0,0,0,1,0,0,0,0,0,-3,C3642345,M000001,1,0,DisGeNET,35,Luminal A Breast Carcinoma,,-3,16,6.4,30304,153,38,3,7.9,4.4,7832|27324|100271722,BTG2|TOX3|LINC00899,-0.98,0
0,0,0,1,0,0,0,0,0,-3,0,0,C0024419,M000100,1,0,DisGeNET,35,Waldenstrom Macroglobulinemia,,-3,16,6.4,30304,162,36,3,8.3,4.6,3059|7805|29760,HCLS1|LAPTM5|BLNK,-0.98,0
1,0,0,0,0,0,-3,0,0,0,0,0,C1862382,M100000,1,0,DisGeNET,35,SVEINSSON CHORIORETINAL ATROPHY,,-3,15,6.3,30304,139,43,3,7,3.9,3119|4988|5293,HLA-DQB1|OPRM1|PIK3CD,-0.95,0
0,0,0,0,1,0,0,0,0,0,-3,0,C0017612,M000010,1,0,DisGeNET,35,"Glaucoma, Open-Angle",,-3,15,6.3,30304,129,47,3,6.4,3.6,858|2100|2296,CAV2|ESR2|FOXC1,-0.94,0
1,0,0,0,0,0,-2.9,0,0,0,0,0,C0409974,M100000,1,0,DisGeNET,35,Lupus Erythematosus,,-2.9,6.3,4.8,30304,558,43,5,12,4.9,712|5293|6850|7100|57817,C1QA|PIK3CD|SYK|TLR5|HAMP,-0.92,0
0,0,0,0,1,0,0,0,0,0,-2.9,0,C1449563,M000010,1,0,DisGeNET,35,"Cardiomyopathy, Familial Idiopathic",,-2.9,5,4.4,30304,772,47,6,13,4.9,2070|4254|5592|28514|58480|65108,EYA4|KITLG|PRKG1|DLL1|RHOU|MARCKSL1,-0.91,0
0,0,1,0,0,0,0,0,-2.9,0,0,0,C0271561,M001000,1,0,DisGeNET,35,Somatotropin deficiency,,-2.9,14,6.1,30304,154,41,3,7.3,4.1,1028|55636|57187,CDKN1C|CHD7|THOC2,-0.9,0
1,0,0,0,0,0,-2.9,0,0,0,0,0,C0748355,M100000,1,0,DisGeNET,35,Acute respiratory distress,,-2.9,14,6.1,30304,147,43,3,7,3.9,4988|5293|6404,OPRM1|PIK3CD|SELPLG,-0.9,0
0,0,1,0,0,0,0,0,-2.9,0,0,0,C0234132,M001000,1,0,DisGeNET,35,Pyramidal sign,,-2.9,14,6.1,30304,155,41,3,7.3,4.1,6663|84504|84668,SOX10|NKX6-2|HYCC1,-0.9,0
0,0,1,0,0,1,0,0,-2.8,0,0,-2.9,C0153690,M001001,2,0,DisGeNET,35,Secondary malignant neoplasm of bone,,-2.9,6.2,4.7,30304,647,38,5,13,5.5,1809|3486|6446|10395|27324,DPYSL3|IGFBP3|SGK1|DLC1|TOX3,-0.9,0
0,0,0,0,1,0,0,0,0,0,-2.9,0,C0153392,M000010,1,0,DisGeNET,35,Malignant neoplasm of nasopharynx,,-2.9,14,6.1,30304,136,47,3,6.4,3.6,56999|65108|143872,ADAMTS9|MARCKSL1|ARHGAP42,-0.9,0
1,0,0,0,0,0,-2.9,0,0,0,0,0,C0001973,M100000,1,0,DisGeNET,35,"Alcoholic Intoxication, Chronic",,-2.9,6.1,4.7,30304,577,43,5,12,4.9,4988|5293|7903|54360|57817,OPRM1|PIK3CD|ST8SIA4|CYTL1|HAMP,-0.88,0
1,0,0,0,1,0,-2.3,0,0,0,-2.9,0,C0004936,M100010,2,0,DisGeNET,35,Mental disorders,,-2.9,4.9,4.4,30304,789,47,6,13,4.9,1267|4661|6536|10215|23544|121256,CNP|MYT1|SLC6A9|OLIG2|SEZ6L|TMEM132D,-0.87,0
0,0,1,0,0,0,0,0,-2.9,0,0,0,C0000846,M001000,1,0,DisGeNET,35,Agenesis,,-2.9,14,6,30304,161,41,3,7.3,4.1,1028|6663|55636,CDKN1C|SOX10|CHD7,-0.87,0
0,1,0,0,0,0,0,-2.9,0,0,0,0,C0221357,M010000,1,0,DisGeNET,35,Brachydactyly,,-2.9,8.3,5.1,30304,325,45,4,8.9,4.2,7227|50515|81792|170691,TRPS1|CHST11|ADAMTS12|ADAMTS17,-0.86,0
1,0,0,0,1,0,-2,0,0,0,-2.9,0,C0027831,M100010,2,0,DisGeNET,35,Neurofibromatosis 1,,-2.9,8.3,5.1,30304,311,47,4,8.5,4.1,2690|4147|4254|10215,GHR|MATN2|KITLG|OLIG2,-0.86,0
0,1,1,0,1,0,0,-2.7,-2.9,0,-2.7,0,C0334583,M011010,3,0,DisGeNET,35,Pilocytic Astrocytoma,,-2.9,14,5.9,30304,163,41,3,7.3,4.1,6663|10215|25897,SOX10|OLIG2|RNF19A,-0.86,0
1,0,0,0,0,0,-2.8,0,0,0,0,0,C0038002,M100000,1,0,DisGeNET,35,Splenomegaly,,-2.8,8.2,5,30304,345,43,4,9.3,4.4,3119|5293|6916|57817,HLA-DQB1|PIK3CD|TBXAS1|HAMP,-0.85,0
1,0,0,0,0,0,-2.8,0,0,0,0,0,C0040034,M100000,1,0,DisGeNET,35,Thrombocytopenia,,-2.8,6,4.6,30304,592,43,5,12,4.9,712|5293|6850|6916|10320,C1QA|PIK3CD|SYK|TBXAS1|IKZF1,-0.85,0
0,0,0,0,1,0,0,0,0,0,-2.8,0,C0023264,M000010,1,0,DisGeNET,35,Leigh Disease,,-2.8,13,5.9,30304,144,47,3,6.4,3.6,2690|4254|65108,GHR|KITLG|MARCKSL1,-0.85,0
0,0,0,0,1,0,0,0,0,0,-2.8,0,C1257925,M000010,1,0,DisGeNET,35,"Mammary Carcinoma, Animal",,-2.8,13,5.9,30304,144,47,3,6.4,3.6,2100|4254|50486,ESR2|KITLG|G0S2,-0.85,0
0,0,0,0,1,0,0,0,0,0,-2.8,0,C0238301,M000010,1,0,DisGeNET,35,Cancer of Nasopharynx,,-2.8,13,5.9,30304,145,47,3,6.4,3.6,56999|65108|143872,ADAMTS9|MARCKSL1|ARHGAP42,-0.84,0
0,0,1,0,0,0,0,0,-2.8,0,0,0,C3714796,M001000,1,0,DisGeNET,35,Isolated somatotropin deficiency,,-2.8,13,5.8,30304,168,41,3,7.3,4.1,1028|55636|57187,CDKN1C|CHD7|THOC2,-0.83,0
0,1,0,0,0,0,0,-2.8,0,0,0,0,C0026010,M010000,1,0,DisGeNET,35,Microphthalmos,,-2.8,8,5,30304,336,45,4,8.9,4.2,6935|7101|23418|55553,ZEB1|NR2E1|CRB1|SOX6,-0.83,0
0,0,0,0,1,0,0,0,0,0,-2.8,0,C0024667,M000010,1,0,DisGeNET,35,Animal Mammary Neoplasms,,-2.8,13,5.8,30304,147,47,3,6.4,3.6,2100|4254|50486,ESR2|KITLG|G0S2,-0.83,0
1,0,0,0,0,0,-2.8,0,0,0,0,0,C0041956,M100000,1,0,DisGeNET,35,Ureteral obstruction,,-2.8,7.9,4.9,30304,359,43,4,9.3,4.4,409|5293|11213|57817,ARRB2|PIK3CD|IRAK3|HAMP,-0.81,0
1,0,0,0,0,0,-2.8,0,0,0,0,0,C0085409,M100000,1,0,DisGeNET,35,"Polyendocrinopathies, Autoimmune",,-2.8,13,5.7,30304,166,43,3,7,3.9,5359|6404|8935,PLSCR1|SELPLG|SKAP2,-0.8,0
1,0,0,0,0,0,-2.8,0,0,0,0,0,C0004623,M100000,1,0,DisGeNET,35,Bacterial Infections,,-2.8,5.7,4.5,30304,616,43,5,12,4.9,4988|5293|7100|11213|57817,OPRM1|PIK3CD|TLR5|IRAK3|HAMP,-0.79,0
1,0,0,0,0,0,-2.7,0,0,0,0,0,C1292778,M100000,1,0,DisGeNET,35,Chronic myeloproliferative disorder,,-2.7,7.7,4.9,30304,366,43,4,9.3,4.4,5293|6850|10320|57817,PIK3CD|SYK|IKZF1|HAMP,-0.79,0
1,0,0,0,0,0,-2.7,0,0,0,0,0,C0079773,M100000,1,0,DisGeNET,35,"Lymphoma, T-Cell, Cutaneous",,-2.7,7.7,4.9,30304,367,43,4,9.3,4.4,3119|4988|5293|6404,HLA-DQB1|OPRM1|PIK3CD|SELPLG,-0.79,0
1,0,0,0,0,0,-2.7,0,0,0,0,0,C4525297,M100000,1,0,DisGeNET,35,Stage 0 Gallbladder Cancer AJCC v8,,-2.7,7.7,4.9,30304,367,43,4,9.3,4.4,2651|5293|7903|8935,GCNT2|PIK3CD|ST8SIA4|SKAP2,-0.79,0
1,0,0,0,0,0,-2.7,0,0,0,0,0,C4525300,M100000,1,0,DisGeNET,35,Stage IIA Gallbladder Cancer AJCC v8,,-2.7,7.7,4.9,30304,367,43,4,9.3,4.4,2651|5293|7903|8935,GCNT2|PIK3CD|ST8SIA4|SKAP2,-0.79,0
1,0,0,0,0,0,-2.7,0,0,0,0,0,C4525301,M100000,1,0,DisGeNET,35,Stage IIB Gallbladder Cancer AJCC v8,,-2.7,7.7,4.9,30304,367,43,4,9.3,4.4,2651|5293|7903|8935,GCNT2|PIK3CD|ST8SIA4|SKAP2,-0.79,0
1,0,0,0,0,0,-2.7,0,0,0,0,0,C4525302,M100000,1,0,DisGeNET,35,Stage III Gallbladder Cancer AJCC v8,,-2.7,7.7,4.9,30304,367,43,4,9.3,4.4,2651|5293|7903|8935,GCNT2|PIK3CD|ST8SIA4|SKAP2,-0.79,0
1,0,0,0,0,0,-2.7,0,0,0,0,0,C4525305,M100000,1,0,DisGeNET,35,Stage IV Gallbladder Cancer AJCC v8,,-2.7,7.7,4.9,30304,367,43,4,9.3,4.4,2651|5293|7903|8935,GCNT2|PIK3CD|ST8SIA4|SKAP2,-0.79,0
0,0,1,0,0,0,0,0,-2.7,0,0,0,C0085136,M001000,1,0,DisGeNET,35,Central Nervous System Neoplasms,,-2.7,12,5.6,30304,180,41,3,7.3,4.1,6663|8850|10215,SOX10|KAT2B|OLIG2,-0.78,0
0,0,0,1,0,0,0,0,0,-2.7,0,0,C0007959,M000100,1,0,DisGeNET,35,Charcot-Marie-Tooth Disease,,-2.7,12,5.6,30304,208,36,3,8.3,4.6,2013|2705|3059,EMP2|GJB1|HCLS1,-0.77,0
1,0,0,0,0,0,-2.7,0,0,0,0,0,C0035078,M100000,1,0,DisGeNET,35,Kidney Failure,,-2.7,7.5,4.8,30304,378,43,4,9.3,4.4,2651|3119|23659|57817,GCNT2|HLA-DQB1|PLA2G15|HAMP,-0.75,0
1,0,0,1,0,0,-2.4,0,0,-2.7,0,0,C0017661,M100100,2,0,DisGeNET,35,IGA Glomerulonephritis,,-2.7,7.4,4.7,30304,456,36,4,11,5.2,942|4055|7805|29760,CD86|LTBR|LAPTM5|BLNK,-0.75,0
0,0,0,0,1,0,0,0,0,0,-2.7,0,C3711374,M000010,1,0,DisGeNET,35,Nonsyndromic Deafness,,-2.7,12,5.5,30304,162,47,3,6.4,3.6,429|2070|4254,ASCL1|EYA4|KITLG,-0.75,0
0,0,0,1,0,0,0,0,0,-2.7,0,0,C1704272,M000100,1,0,DisGeNET,35,Benign Prostatic Hyperplasia,,-2.7,5.5,4.3,30304,770,36,5,14,5.8,2313|4055|4481|50615|56937,FLI1|LTBR|MSR1|IL21R|PMEPA1,-0.75,0
1,0,0,0,0,0,-2.7,0,0,0,0,0,C0027726,M100000,1,0,DisGeNET,35,Nephrotic Syndrome,,-2.7,7.3,4.7,30304,384,43,4,9.3,4.4,712|3119|5293|8440,C1QA|HLA-DQB1|PIK3CD|NCK2,-0.74,0
1,0,0,0,0,0,-2.7,0,0,0,0,0,C1719672,M100000,1,0,DisGeNET,35,Severe Sepsis,,-2.7,12,5.4,30304,181,43,3,7,3.9,7462|11213|57817,LAT2|IRAK3|HAMP,-0.73,0
0,1,0,0,0,0,0,-2.7,0,0,0,0,C4048158,M010000,1,0,DisGeNET,35,Convulsions,,-2.7,12,5.4,30304,173,45,3,6.7,3.7,590|1392|57626,BCHE|CRH|KLHL1,-0.73,0
1,0,1,1,0,0,-2.6,0,-2.6,-2.1,0,0,C0007785,M101100,3,0,DisGeNET,35,Cerebral Infarction,,-2.6,5.4,4.3,30304,687,41,5,12,5.1,2840|6050|25897|57556|116448,GPR17|RNH1|RNF19A|SEMA6A|OLIG1,-0.72,0
0,0,1,0,0,0,0,0,-2.6,0,0,0,C0020757,M001000,1,0,DisGeNET,35,Ichthyoses,,-2.6,11,5.4,30304,194,41,3,7.3,4.1,1287|6663|55636,COL4A5|SOX10|CHD7,-0.71,0
1,0,0,0,0,0,-2.6,0,0,0,0,0,C0242966,M100000,1,0,DisGeNET,35,Systemic Inflammatory Response Syndrome,,-2.6,11,5.4,30304,185,43,3,7,3.9,5293|6404|7462,PIK3CD|SELPLG|LAT2,-0.71,0
1,0,0,0,0,0,-2.6,0,0,0,0,0,C0035243,M100000,1,0,DisGeNET,35,Respiratory Tract Infections,,-2.6,11,5.3,30304,187,43,3,7,3.9,5293|7100|57817,PIK3CD|TLR5|HAMP,-0.7,0
1,0,0,1,0,0,-2.3,0,0,-2.6,0,0,C0008312,M100100,2,0,DisGeNET,35,Primary biliary cirrhosis,,-2.6,7,4.6,30304,478,36,4,11,5.2,942|4055|6672|50615,CD86|LTBR|SP100|IL21R,-0.69,0
1,0,0,1,0,0,-2.3,0,0,-2.6,0,0,C1292769,M100100,2,0,DisGeNET,35,Precursor B-cell lymphoblastic leukemia,,-2.6,7,4.6,30304,478,36,4,11,5.2,942|5321|7805|29760,CD86|PLA2G4A|LAPTM5|BLNK,-0.69,0
1,0,0,0,0,0,-2.6,0,0,0,0,0,C0220597,M100000,1,0,DisGeNET,35,Adult Hodgkin Lymphoma,,-2.6,7.1,4.6,30304,399,43,4,9.3,4.4,397|3119|5293|57817,ARHGDIB|HLA-DQB1|PIK3CD|HAMP,-0.69,0
1,0,0,0,0,0,-2.6,0,0,0,0,0,C0376618,M100000,1,0,DisGeNET,35,Endotoxemia,,-2.6,7,4.6,30304,401,43,4,9.3,4.4,5293|6404|6916|11213,PIK3CD|SELPLG|TBXAS1|IRAK3,-0.69,0
1,0,0,0,0,0,-2.6,0,0,0,0,0,C0023343,M100000,1,0,DisGeNET,35,Leprosy,,-2.6,11,5.3,30304,190,43,3,7,3.9,3119|57817|285419,HLA-DQB1|HAMP|LINC01091,-0.69,0
0,0,0,0,0,1,0,0,0,0,0,-2.6,C0278876,M000001,1,0,DisGeNET,35,Adult Medulloblastoma,,-2.6,5.2,4.2,30304,762,38,5,13,5.5,3486|6446|6925|7832|10472,IGFBP3|SGK1|TCF4|BTG2|ZBTB18,-0.68,0
0,0,0,0,1,0,0,0,0,0,-2.6,0,C0409959,M000010,1,0,DisGeNET,35,"Osteoarthritis, Knee",,-2.6,7,4.6,30304,368,47,4,8.5,4.1,2100|56243|56999|80709,ESR2|KIAA1217|ADAMTS9|AKNA,-0.68,0
1,0,0,0,0,0,-2.6,0,0,0,0,0,C0742343,M100000,1,0,DisGeNET,35,Acute Chest Syndrome,,-2.6,7,4.6,30304,405,43,4,9.3,4.4,6404|11213|23659|57817,SELPLG|IRAK3|PLA2G15|HAMP,-0.68,0
0,0,0,0,0,1,0,0,0,0,0,-2.6,C0278510,M000001,1,0,DisGeNET,35,Childhood Medulloblastoma,,-2.6,5.2,4.2,30304,771,38,5,13,5.5,3486|6446|6925|7832|10472,IGFBP3|SGK1|TCF4|BTG2|ZBTB18,-0.67,0
1,0,0,0,0,0,-2.6,0,0,0,0,0,C2936719,M100000,1,0,DisGeNET,35,Mechanical Allodynia,,-2.6,6.9,4.5,30304,408,43,4,9.3,4.4,409|4988|5293|7100,ARRB2|OPRM1|PIK3CD|TLR5,-0.67,0
1,0,0,0,0,0,-2.6,0,0,0,0,0,C0031099,M100000,1,0,DisGeNET,35,Periodontitis,,-2.6,5.2,4.2,30304,680,43,5,12,4.9,712|4988|5293|6850|7903,C1QA|OPRM1|PIK3CD|SYK|ST8SIA4,-0.67,0
1,0,0,0,0,0,-2.6,0,0,0,0,0,C0023508,M100000,1,0,DisGeNET,35,White Blood Cell Count procedure,,-2.6,5.2,4.2,30304,681,43,5,12,4.9,2651|5293|6916|7903|51085,GCNT2|PIK3CD|TBXAS1|ST8SIA4|MLXIPL,-0.67,0
1,0,0,0,0,0,-2.6,0,0,0,0,0,C0005283,M100000,1,0,DisGeNET,35,beta Thalassemia,,-2.6,11,5.2,30304,197,43,3,7,3.9,3119|57713|57817,HLA-DQB1|SFMBT2|HAMP,-0.66,0
1,0,0,0,0,0,-2.5,0,0,0,0,0,C0600427,M100000,1,0,DisGeNET,35,Cocaine Dependence,,-2.5,11,5.1,30304,199,43,3,7,3.9,409|4988|5293,ARRB2|OPRM1|PIK3CD,-0.66,0
0,0,0,1,0,0,0,0,0,-2.5,0,0,C0023524,M000100,1,0,DisGeNET,35,"Leukoencephalopathy, Progressive Multifocal",,-2.5,11,5.1,30304,240,36,3,8.3,4.6,1051|6672|29760,CEBPB|SP100|BLNK,-0.65,0
0,0,0,0,1,0,0,0,0,0,-2.5,0,C0740858,M000010,1,0,DisGeNET,35,Substance abuse problem,,-2.5,10,5.1,30304,185,47,3,6.4,3.6,1267|10215|11278,CNP|OLIG2|KLF12,-0.65,0
0,0,0,0,1,0,0,0,0,0,-2.5,0,C0205699,M000010,1,0,DisGeNET,35,Carcinomatosis,,-2.5,10,5.1,30304,186,47,3,6.4,3.6,2100|4254|50486,ESR2|KITLG|G0S2,-0.64,0
1,0,0,0,0,0,-2.5,0,0,0,0,0,C0153452,M100000,1,0,DisGeNET,35,Malignant neoplasm of gallbladder,,-2.5,6.6,4.4,30304,425,43,4,9.3,4.4,2651|5293|7903|8935,GCNT2|PIK3CD|ST8SIA4|SKAP2,-0.64,0
0,0,0,0,0,1,0,0,0,0,0,-2.5,C1854882,M000001,1,0,DisGeNET,35,Absent speech,,-2.5,10,5,30304,232,38,3,7.9,4.4,6925|10472|64919,TCF4|ZBTB18|BCL11B,-0.64,0
0,0,0,0,0,1,0,0,0,0,0,-2.5,C0035372,M000001,1,0,DisGeNET,35,Rett Syndrome,,-2.5,10,5,30304,234,38,3,7.9,4.4,3486|6925|10472,IGFBP3|TCF4|ZBTB18,-0.63,0
1,0,0,0,0,0,-2.5,0,0,0,0,0,C0542476,M100000,1,0,DisGeNET,35,Forgetful,,-2.5,6.6,4.4,30304,429,43,4,9.3,4.4,3119|3786|4988|5293,HLA-DQB1|KCNQ3|OPRM1|PIK3CD,-0.63,0
1,0,0,0,0,0,-2.5,0,0,0,0,0,C0009447,M100000,1,0,DisGeNET,35,Common Variable Immunodeficiency,,-2.5,10,5,30304,207,43,3,7,3.9,3119|5293|10320,HLA-DQB1|PIK3CD|IKZF1,-0.63,0
1,0,0,0,0,0,-2.5,0,0,0,0,0,C0150055,M100000,1,0,DisGeNET,35,Chronic pain,,-2.5,10,5,30304,207,43,3,7,3.9,409|4988|5293,ARRB2|OPRM1|PIK3CD,-0.63,0
1,0,0,0,0,0,-2.5,0,0,0,0,0,C0038013,M100000,1,0,DisGeNET,35,Ankylosing spondylitis,,-2.5,5,4,30304,710,43,5,12,4.9,3119|5293|7100|7903|8935,HLA-DQB1|PIK3CD|TLR5|ST8SIA4|SKAP2,-0.63,0
0,0,0,0,1,0,0,0,0,0,-2.5,0,C0023487,M000010,1,0,DisGeNET,35,Acute Promyelocytic Leukemia,,-2.5,5,4,30304,651,47,5,11,4.5,1837|2296|2690|50486|65108,DTNA|FOXC1|GHR|G0S2|MARCKSL1,-0.62,0
1,0,0,0,0,0,-2.5,0,0,0,0,0,C4082937,M100000,1,0,DisGeNET,35,Necrotizing enterocolitis in fetus OR newborn,,-2.5,10,5,30304,210,43,3,7,3.9,409|5293|11213,ARRB2|PIK3CD|IRAK3,-0.62,0
0,0,1,0,0,0,0,0,-2.5,0,0,0,C0178664,M001000,1,0,DisGeNET,35,Glomerulosclerosis (disorder),,-2.5,10,5,30304,221,41,3,7.3,4.1,1028|1287|25897,CDKN1C|COL4A5|RNF19A,-0.62,0
0,0,1,0,0,0,0,0,-2.5,0,0,0,C0268731,M001000,1,0,DisGeNET,35,Renal glomerular disease,,-2.5,10,5,30304,221,41,3,7.3,4.1,1028|1287|7456,CDKN1C|COL4A5|WIPF1,-0.62,0
0,0,0,0,0,1,0,0,0,0,0,-2.5,C2004493,M000001,1,0,DisGeNET,35,"Leukemia, B-Cell",,-2.5,10,5,30304,239,38,3,7.9,4.4,6446|7832|64919,SGK1|BTG2|BCL11B,-0.62,0
0,1,0,0,0,0,0,-2.5,0,0,0,0,C0162429,M010000,1,0,DisGeNET,35,Malnutrition,,-2.5,6.5,4.3,30304,417,45,4,8.9,4.2,590|1392|5803|9580,BCHE|CRH|PTPRZ1|SOX13,-0.62,0
1,0,0,0,0,0,-2.5,0,0,0,0,0,C0011269,M100000,1,0,DisGeNET,35,"Dementia, Vascular",,-2.5,10,4.9,30304,212,43,3,7,3.9,5293|6850|57817,PIK3CD|SYK|HAMP,-0.62,0
1,0,0,0,0,0,-2.5,0,0,0,0,0,C1848701,M100000,1,0,DisGeNET,35,Elevated hepatic transaminase,,-2.5,10,4.9,30304,212,43,3,7,3.9,3119|10320|57817,HLA-DQB1|IKZF1|HAMP,-0.62,0
0,0,0,1,1,0,0,0,0,-2.5,-2.1,0,C2745900,M000110,2,0,DisGeNET,35,Promyelocytic leukemia,,-2.5,9.9,4.9,30304,255,36,3,8.3,4.6,1051|6672|8832,CEBPB|SP100|CD84,-0.62,0
1,0,0,0,0,0,-2.5,0,0,0,0,0,C0948089,M100000,1,0,DisGeNET,35,Acute Coronary Syndrome,,-2.5,6.4,4.3,30304,439,43,4,9.3,4.4,397|6404|23659|57817,ARHGDIB|SELPLG|PLA2G15|HAMP,-0.62,0
0,1,0,0,0,0,0,-2.5,0,0,0,0,C0563625,M010000,1,0,DisGeNET,35,Agnosia for Pain,,-2.5,9.9,4.9,30304,204,45,3,6.7,3.7,1371|1392|5125,CPOX|CRH|PCSK5,-0.62,0
0,0,0,0,1,0,0,0,0,0,-2.5,0,C1527349,M000010,1,0,DisGeNET,35,Ductal Breast Carcinoma,,-2.5,9.9,4.9,30304,196,47,3,6.4,3.6,858|2100|3175,CAV2|ESR2|ONECUT1,-0.62,0
0,0,0,1,0,0,0,0,0,-2.4,0,0,C0598935,M000100,1,0,DisGeNET,35,Tumor Initiation,,-2.4,6.3,4.3,30304,533,36,4,11,5.2,2013|2119|2313|5163,EMP2|ETV5|FLI1|PDK1,-0.61,0
0,0,0,0,1,0,0,0,0,0,-2.4,0,C1378703,M000010,1,0,DisGeNET,35,Renal carcinoma,,-2.4,4.8,4,30304,665,47,5,11,4.5,858|4254|4610|91851|121256,CAV2|KITLG|MYCL|CHRDL1|TMEM132D,-0.61,0
0,1,0,0,0,0,0,-2.4,0,0,0,0,C0270824,M010000,1,0,DisGeNET,35,Visual seizure,,-2.4,9.7,4.8,30304,209,45,3,6.7,3.7,590|1392|5803,BCHE|CRH|PTPRZ1,-0.6,0
0,0,0,0,1,0,0,0,0,0,-2.4,0,C0023827,M000010,1,0,DisGeNET,35,liposarcoma,,-2.4,9.7,4.8,30304,200,47,3,6.4,3.6,858|2690|50486,CAV2|GHR|G0S2,-0.6,0
1,0,0,0,0,0,-2.4,0,0,0,0,0,C0521158,M100000,1,0,DisGeNET,35,Recurrent tumor,,-2.4,4.8,3.9,30304,735,43,5,12,4.9,397|2180|5293|6850|7100,ARHGDIB|ACSL1|PIK3CD|SYK|TLR5,-0.6,0
0,1,0,0,0,0,0,-2.4,0,0,0,0,C0001948,M010000,1,0,DisGeNET,35,Alcohol consumption,,-2.4,9.6,4.8,30304,210,45,3,6.7,3.7,5125|7227|55553,PCSK5|TRPS1|SOX6,-0.6,0
1,0,0,0,0,0,-2.4,0,0,0,0,0,C0853897,M100000,1,0,DisGeNET,35,Diabetic Cardiomyopathies,,-2.4,9.6,4.8,30304,220,43,3,7,3.9,5293|6195|6850,PIK3CD|RPS6KA1|SYK,-0.6,0
0,1,0,0,0,1,0,-2.2,0,0,0,-2.4,C4317109,M010001,2,0,DisGeNET,35,Epileptic Seizures,,-2.4,9.6,4.8,30304,250,38,3,7.9,4.4,1267|6925|54886,CNP|TCF4|PLPPR1,-0.6,0
0,1,0,0,0,0,0,-2.4,0,0,0,0,C1865017,M010000,1,0,DisGeNET,35,Thin upper lip vermilion,,-2.4,9.6,4.8,30304,211,45,3,6.7,3.7,4983|7227|55784,OPHN1|TRPS1|MCTP2,-0.6,0
0,0,0,0,1,0,0,0,0,0,-2.4,0,C0003125,M000010,1,0,DisGeNET,35,Anorexia Nervosa,,-2.4,9.6,4.8,30304,202,47,3,6.4,3.6,2100|10215|28514,ESR2|OLIG2|DLL1,-0.6,0
1,0,0,0,0,0,-2.4,0,0,0,0,0,C0013404,M100000,1,0,DisGeNET,35,Dyspnea,,-2.4,9.5,4.8,30304,222,43,3,7,3.9,409|712|10320,ARRB2|C1QA|IKZF1,-0.6,0
0,0,0,1,0,0,0,0,0,-2.4,0,0,C0392885,M000100,1,0,DisGeNET,35,High density lipoprotein measurement,,-2.4,6.2,4.2,30304,545,36,4,11,5.2,241|1051|2119|196383,ALOX5AP|CEBPB|ETV5|RILPL2,-0.6,0
1,0,0,0,0,0,-2.4,0,0,0,0,0,C0264716,M100000,1,0,DisGeNET,35,Chronic heart failure,,-2.4,9.5,4.8,30304,223,43,3,7,3.9,4988|51177|57817,OPRM1|PLEKHO1|HAMP,-0.59,0
1,0,0,0,0,0,-2.4,0,0,0,0,0,C0011615,M100000,1,0,DisGeNET,35,"Dermatitis, Atopic",,-2.4,4.7,3.9,30304,751,43,5,12,4.9,3119|4988|6850|7100|11213,HLA-DQB1|OPRM1|SYK|TLR5|IRAK3,-0.59,0
0,0,1,0,0,0,0,0,-2.4,0,0,0,C0013362,M001000,1,0,DisGeNET,35,Dysarthria,,-2.4,6.1,4.2,30304,487,41,4,9.8,4.6,6663|55636|84504|84668,SOX10|CHD7|NKX6-2|HYCC1,-0.58,0
1,0,0,0,0,0,-2.4,0,0,0,0,0,C4721414,M100000,1,0,DisGeNET,35,Mantle cell lymphoma,,-2.4,6,4.1,30304,466,43,4,9.3,4.4,5293|5359|6850|7462,PIK3CD|PLSCR1|SYK|LAT2,-0.58,0
1,0,0,0,0,0,-2.4,0,0,0,0,0,C0149871,M100000,1,0,DisGeNET,35,Deep Vein Thrombosis,,-2.4,9.2,4.7,30304,230,43,3,7,3.9,6404|23659|57817,SELPLG|PLA2G15|HAMP,-0.58,0
1,0,0,0,0,0,-2.4,0,0,0,0,0,C0282612,M100000,1,0,DisGeNET,35,Prostatic Intraepithelial Neoplasias,,-2.4,9.2,4.7,30304,230,43,3,7,3.9,409|5293|7100,ARRB2|PIK3CD|TLR5,-0.58,0
1,0,0,0,1,0,-2.4,0,0,0,-2.3,0,C0205696,M100010,2,0,DisGeNET,35,Anaplastic carcinoma,,-2.4,9.1,4.7,30304,232,43,3,7,3.9,2180|30817|220107,ACSL1|ADGRE2|DLEU7,-0.57,0
1,0,0,0,0,0,-2.4,0,0,0,0,0,C0346957,M100000,1,0,DisGeNET,35,Disseminated Malignant Neoplasm,,-2.4,9.1,4.7,30304,232,43,3,7,3.9,397|23659|51085,ARHGDIB|PLA2G15|MLXIPL,-0.57,0
0,0,0,0,1,0,0,0,0,0,-2.4,0,C1153706,M000010,1,0,DisGeNET,35,Endometrial adenocarcinoma,,-2.4,9.1,4.7,30304,212,47,3,6.4,3.6,2100|2690|28514,ESR2|GHR|DLL1,-0.57,0
0,0,0,0,1,0,0,0,0,0,-2.4,0,C0042834,M000010,1,0,DisGeNET,35,Vital capacity,,-2.4,6,4.1,30304,430,47,4,8.5,4.1,2070|5592|51232|116328,EYA4|PRKG1|CRIM1|C8orf34,-0.57,0
1,0,0,0,0,0,-2.4,0,0,0,0,0,C2347747,M100000,1,0,DisGeNET,35,Adult Classical Hodgkin Lymphoma,,-2.4,9.1,4.7,30304,233,43,3,7,3.9,397|5293|6850,ARHGDIB|PIK3CD|SYK,-0.57,0
1,0,0,0,0,0,-2.4,0,0,0,0,0,C0155626,M100000,1,0,DisGeNET,35,Acute myocardial infarction,,-2.4,4.6,3.8,30304,766,43,5,12,4.9,2180|5293|11213|23659|57817,ACSL1|PIK3CD|IRAK3|PLA2G15|HAMP,-0.57,0
1,0,0,0,0,0,-2.3,0,0,0,0,0,C2347748,M100000,1,0,DisGeNET,35,Adult Erythroleukemia,,-2.3,9,4.6,30304,236,43,3,7,3.9,4066|5293|6916,LYL1|PIK3CD|TBXAS1,-0.57,0
1,0,0,0,0,0,-2.3,0,0,0,0,0,C0002874,M100000,1,0,DisGeNET,35,Aplastic Anemia,,-2.3,8.9,4.6,30304,237,43,3,7,3.9,3119|6404|57817,HLA-DQB1|SELPLG|HAMP,-0.57,0
1,0,0,0,0,0,-2.3,0,0,0,0,0,C0014378,M100000,1,0,DisGeNET,35,Enterovirus Infections,,-2.3,8.9,4.6,30304,237,43,3,7,3.9,3119|5293|6404,HLA-DQB1|PIK3CD|SELPLG,-0.57,0
1,0,0,0,0,0,-2.3,0,0,0,0,0,C4520840,M100000,1,0,DisGeNET,35,Erythroleukemia (Erythroid/Myeloid),,-2.3,8.9,4.6,30304,237,43,3,7,3.9,4066|5293|6916,LYL1|PIK3CD|TBXAS1,-0.57,0
1,0,0,1,0,0,-2.1,0,0,-2.3,0,0,C1333064,M100100,2,0,DisGeNET,35,Classical Hodgkin's Lymphoma,,-2.3,8.9,4.6,30304,285,36,3,8.3,4.6,942|4481|29760,CD86|MSR1|BLNK,-0.56,0
0,0,0,0,1,0,0,0,0,0,-2.3,0,C0024668,M000010,1,0,DisGeNET,35,"Mammary Neoplasms, Experimental",,-2.3,8.9,4.6,30304,218,47,3,6.4,3.6,2100|4254|50486,ESR2|KITLG|G0S2,-0.56,0
0,0,0,0,1,0,0,0,0,0,-2.3,0,C0205697,M000010,1,0,DisGeNET,35,"Carcinoma, Spindle-Cell",,-2.3,8.9,4.6,30304,218,47,3,6.4,3.6,2100|4254|50486,ESR2|KITLG|G0S2,-0.56,0
1,0,0,0,0,0,-2.3,0,0,0,0,0,C0033687,M100000,1,0,DisGeNET,35,Proteinuria,,-2.3,8.8,4.6,30304,239,43,3,7,3.9,712|8440|9935,C1QA|NCK2|MAFB,-0.56,0
0,0,0,1,0,1,0,0,0,-2.3,0,-2.3,C0003130,M000101,2,0,DisGeNET,35,Anoxia,,-2.3,8.8,4.6,30304,287,36,3,8.3,4.6,241|2705|3779,ALOX5AP|GJB1|KCNMB1,-0.56,0
1,0,0,0,0,0,-2.3,0,0,0,0,0,C0342257,M100000,1,0,DisGeNET,35,Complications of Diabetes Mellitus,,-2.3,8.8,4.6,30304,240,43,3,7,3.9,3119|5293|57817,HLA-DQB1|PIK3CD|HAMP,-0.56,0
1,0,0,0,0,0,-2.3,0,0,0,0,0,C0282193,M100000,1,0,DisGeNET,35,Iron Overload,,-2.3,8.8,4.6,30304,241,43,3,7,3.9,5293|6916|57817,PIK3CD|TBXAS1|HAMP,-0.56,0
1,0,0,0,1,0,-2.3,0,0,0,-2.2,0,C0079772,M100010,2,0,DisGeNET,35,T-Cell Lymphoma,,-2.3,5.8,4,30304,485,43,4,9.3,4.4,3119|4988|5293|6850,HLA-DQB1|OPRM1|PIK3CD|SYK,-0.56,0
1,0,0,0,1,0,-2.3,0,0,0,-2.2,0,C3642347,M100010,2,0,DisGeNET,35,Basal-Like Breast Carcinoma,,-2.3,8.6,4.5,30304,245,43,3,7,3.9,2651|5293|6850,GCNT2|PIK3CD|SYK,-0.54,0
1,0,0,0,0,0,-2.3,0,0,0,0,0,C3714514,M100000,1,0,DisGeNET,35,Infection,,-2.3,5.7,4,30304,491,43,4,9.3,4.4,3119|6850|7100|57817,HLA-DQB1|SYK|TLR5|HAMP,-0.54,0
1,0,0,0,0,0,-2.3,0,0,0,0,0,C0042164,M100000,1,0,DisGeNET,35,Uveitis,,-2.3,8.6,4.5,30304,247,43,3,7,3.9,3119|5293|23659,HLA-DQB1|PIK3CD|PLA2G15,-0.54,0
0,0,0,0,1,0,0,0,0,0,-2.3,0,C0007129,M000010,1,0,DisGeNET,35,Merkel cell carcinoma,,-2.3,8.6,4.5,30304,226,47,3,6.4,3.6,429|4254|4610,ASCL1|KITLG|MYCL,-0.54,0
1,0,0,0,0,0,-2.3,0,0,0,0,0,C0003862,M100000,1,0,DisGeNET,35,Arthralgia,,-2.3,8.5,4.5,30304,248,43,3,7,3.9,712|3119|9935,C1QA|HLA-DQB1|MAFB,-0.54,0
1,0,0,0,0,0,-2.3,0,0,0,0,0,C0235782,M100000,1,0,DisGeNET,35,Gallbladder Carcinoma,,-2.3,5.7,4,30304,498,43,4,9.3,4.4,2651|5293|7903|8935,GCNT2|PIK3CD|ST8SIA4|SKAP2,-0.53,0
1,0,0,0,0,0,-2.3,0,0,0,0,0,C0026948,M100000,1,0,DisGeNET,35,Mycosis Fungoides,,-2.3,8.4,4.5,30304,251,43,3,7,3.9,3119|5293|6404,HLA-DQB1|PIK3CD|SELPLG,-0.53,0
1,0,0,0,0,0,-2.3,0,0,0,0,0,C0275524,M100000,1,0,DisGeNET,35,Coinfection,,-2.3,8.4,4.4,30304,252,43,3,7,3.9,3119|5293|57817,HLA-DQB1|PIK3CD|HAMP,-0.53,0
1,0,0,0,0,0,-2.3,0,0,0,0,0,C0280324,M100000,1,0,DisGeNET,35,Laryngeal Squamous Cell Carcinoma,,-2.3,5.6,3.9,30304,504,43,4,9.3,4.4,1730|5293|6850|7903,DIAPH2|PIK3CD|SYK|ST8SIA4,-0.52,0
1,0,0,0,0,0,-2.2,0,0,0,0,0,C0018939,M100000,1,0,DisGeNET,35,Hematological Disease,,-2.2,8.3,4.4,30304,255,43,3,7,3.9,5293|10320|57817,PIK3CD|IKZF1|HAMP,-0.52,0
1,0,0,0,0,0,-2.2,0,0,0,0,0,C0242350,M100000,1,0,DisGeNET,35,Erectile dysfunction,,-2.2,8.3,4.4,30304,256,43,3,7,3.9,5293|23659|57817,PIK3CD|PLA2G15|HAMP,-0.51,0
0,0,0,1,0,0,0,0,0,-2.2,0,0,C0200638,M000100,1,0,DisGeNET,35,Eosinophil count procedure,,-2.2,5.5,3.9,30304,610,36,4,11,5.2,942|2313|7090|80008,CD86|FLI1|TLE3|TMEM156,-0.51,0
1,0,0,0,0,0,-2.2,0,0,0,0,0,C0027498,M100000,1,0,DisGeNET,35,Nausea and vomiting,,-2.2,8.2,4.4,30304,257,43,3,7,3.9,3786|4988|10320,KCNQ3|OPRM1|IKZF1,-0.51,0
1,0,0,0,1,0,-2.2,0,0,0,-2.1,0,C2938924,M100010,2,0,DisGeNET,35,Oestrogen receptor positive breast cancer,,-2.2,5.5,3.9,30304,510,43,4,9.3,4.4,5293|6195|11309|57713,PIK3CD|RPS6KA1|SLCO2B1|SFMBT2,-0.51,0
0,0,0,0,0,1,0,0,0,0,0,-2.2,C0525045,M000001,1,0,DisGeNET,35,Mood Disorders,,-2.2,5.5,3.9,30304,580,38,4,11,5,6925|7444|55502|56987,TCF4|VRK2|HES6|BBX,-0.51,0
1,0,0,0,0,0,-2.2,0,0,0,0,0,C0149931,M100000,1,0,DisGeNET,35,Migraine Disorders,,-2.2,5.5,3.9,30304,512,43,4,9.3,4.4,3119|3786|4988|5293,HLA-DQB1|KCNQ3|OPRM1|PIK3CD,-0.51,0
0,0,1,0,0,0,0,0,-2.2,0,0,0,C0200641,M001000,1,0,DisGeNET,35,Blood basophil count (lab test),,-2.2,8.2,4.4,30304,272,41,3,7.3,4.1,1902|3092|55636,LPAR1|HIP1|CHD7,-0.51,0
0,1,0,0,0,0,0,-2.2,0,0,0,0,C0489786,M010000,1,0,DisGeNET,35,Height,,-2.2,8.1,4.3,30304,249,45,3,6.7,3.7,5125|155185|170691,PCSK5|AMZ1|ADAMTS17,-0.51,0
1,0,0,0,0,0,-2.2,0,0,0,0,0,C0566602,M100000,1,0,DisGeNET,35,Primary sclerosing cholangitis,,-2.2,8,4.3,30304,264,43,3,7,3.9,3119|5293|57817,HLA-DQB1|PIK3CD|HAMP,-0.5,0
1,0,0,0,0,0,-2.2,0,0,0,0,0,C1536220,M100000,1,0,DisGeNET,35,ST segment elevation myocardial infarction,,-2.2,8,4.3,30304,264,43,3,7,3.9,6850|11213|23659,SYK|IRAK3|PLA2G15,-0.5,0
1,0,0,0,0,0,-2.2,0,0,0,0,0,C0032181,M100000,1,0,DisGeNET,35,Platelet Count measurement,,-2.2,8,4.3,30304,265,43,3,7,3.9,9938|51085|285419,ARHGAP25|MLXIPL|LINC01091,-0.49,0
0,0,1,0,0,0,0,0,-2.2,0,0,0,C4721453,M001000,1,0,DisGeNET,35,Peripheral Nervous System Diseases,,-2.2,5.4,3.8,30304,549,41,4,9.8,4.6,6663|7456|25897|30812,SOX10|WIPF1|RNF19A|SOX8,-0.49,0
1,0,0,0,0,0,-2.2,0,0,0,0,0,C0234251,M100000,1,0,DisGeNET,35,Inflammatory pain,,-2.2,7.9,4.3,30304,266,43,3,7,3.9,409|4988|5293,ARRB2|OPRM1|PIK3CD,-0.49,0
1,0,0,0,0,0,-2.2,0,0,0,0,0,C0024131,M100000,1,0,DisGeNET,35,Lupus Vulgaris,,-2.2,5.4,3.8,30304,526,43,4,9.3,4.4,712|6850|7100|57817,C1QA|SYK|TLR5|HAMP,-0.49,0
0,0,0,1,0,0,0,0,0,-2.2,0,0,C0376544,M000100,1,0,DisGeNET,35,Hematopoietic Neoplasms,,-2.2,7.8,4.3,30304,322,36,3,8.3,4.6,752|3059|50615,FMNL1|HCLS1|IL21R,-0.48,0
1,0,0,0,0,0,-2.2,0,0,0,0,0,C0018553,M100000,1,0,DisGeNET,35,"Hamartoma Syndrome, Multiple",,-2.2,7.8,4.2,30304,270,43,3,7,3.9,3119|5293|57817,HLA-DQB1|PIK3CD|HAMP,-0.48,0
1,0,0,0,0,0,-2.2,0,0,0,0,0,C0014060,M100000,1,0,DisGeNET,35,"Encephalitis, St. Louis",,-2.2,7.8,4.2,30304,272,43,3,7,3.9,397|3119|5293,ARHGDIB|HLA-DQB1|PIK3CD,-0.47,0
0,1,0,0,0,0,0,-2.2,0,0,0,0,C0276496,M010000,1,0,DisGeNET,35,Familial Alzheimer Disease (FAD),,-2.2,7.8,4.2,30304,260,45,3,6.7,3.7,590|1392|9672,BCHE|CRH|SDC3,-0.47,0
1,0,0,0,0,0,-2.2,0,0,0,0,0,C0860207,M100000,1,0,DisGeNET,35,Drug-Induced Liver Disease,,-2.2,5.2,3.7,30304,537,43,4,9.3,4.4,2180|3119|7100|11309,ACSL1|HLA-DQB1|TLR5|SLCO2B1,-0.46,0
0,0,0,1,0,0,0,0,0,-2.2,0,0,C0019348,M000100,1,0,DisGeNET,35,Herpes Simplex Infections,,-2.2,5.2,3.7,30304,645,36,4,11,5.2,942|2119|2705|4055,CD86|ETV5|GJB1|LTBR,-0.46,0
0,0,0,0,1,0,0,0,0,0,-2.1,0,C0018784,M000010,1,0,DisGeNET,35,Sensorineural Hearing Loss (disorder),,-2.1,4.1,3.5,30304,783,47,5,11,4.5,429|2070|2296|4254|91851,ASCL1|EYA4|FOXC1|KITLG|CHRDL1,-0.46,0
0,0,1,0,0,0,0,0,-2.1,0,0,0,C0541764,M001000,1,0,DisGeNET,35,Delayed bone age,,-2.1,7.5,4.1,30304,295,41,3,7.3,4.1,1028|6663|55636,CDKN1C|SOX10|CHD7,-0.45,0
0,1,0,0,0,0,0,-2.1,0,0,0,0,C0022578,M010000,1,0,DisGeNET,35,Keratoconus,,-2.1,7.5,4.1,30304,269,45,3,6.7,3.7,6935|23418|170691,ZEB1|CRB1|ADAMTS17,-0.45,0
1,0,0,0,0,0,-2.1,0,0,0,0,0,C0162557,M100000,1,0,DisGeNET,35,"Liver Failure, Acute",,-2.1,7.5,4.1,30304,282,43,3,7,3.9,5293|10320|57817,PIK3CD|IKZF1|HAMP,-0.45,0
1,0,0,0,0,0,-2.1,0,0,0,0,0,C0024138,M100000,1,0,DisGeNET,35,"Lupus Erythematosus, Discoid",,-2.1,5.1,3.7,30304,552,43,4,9.3,4.4,712|6850|7100|57817,C1QA|SYK|TLR5|HAMP,-0.44,0
0,0,1,0,0,0,0,0,-2.1,0,0,0,C4551915,M001000,1,0,DisGeNET,35,"Gait Disturbance, CTCAE",,-2.1,7.4,4.1,30304,299,41,3,7.3,4.1,6663|55636|57187,SOX10|CHD7|THOC2,-0.44,0
1,0,0,0,0,0,-2.1,0,0,0,0,0,C0027059,M100000,1,0,DisGeNET,35,Myocarditis,,-2.1,7.4,4.1,30304,285,43,3,7,3.9,409|3119|7100,ARRB2|HLA-DQB1|TLR5,-0.44,0
0,0,0,0,1,0,0,0,0,0,-2.1,0,C0751690,M000010,1,0,DisGeNET,35,Malignant Peripheral Nerve Sheath Tumor,,-2.1,7.4,4.1,30304,261,47,3,6.4,3.6,1267|2070|2100,CNP|EYA4|ESR2,-0.44,0
1,0,0,0,0,0,-2.1,0,0,0,0,0,C0006413,M100000,1,0,DisGeNET,35,Burkitt Lymphoma,,-2.1,5.1,3.7,30304,556,43,4,9.3,4.4,5293|6850|10320|30817,PIK3CD|SYK|IKZF1|ADGRE2,-0.44,0
0,1,0,0,0,0,0,-2.1,0,0,0,0,C0021125,M010000,1,0,DisGeNET,35,Impulsive Behavior,,-2.1,7.3,4.1,30304,276,45,3,6.7,3.7,590|1392|5125,BCHE|CRH|PCSK5,-0.43,0
0,0,1,0,0,0,0,0,-2.1,0,0,0,C0020619,M001000,1,0,DisGeNET,35,Hypogonadism,,-2.1,7.3,4.1,30304,304,41,3,7.3,4.1,1028|6663|55636,CDKN1C|SOX10|CHD7,-0.43,0
0,0,0,0,1,0,0,0,0,0,-2.1,0,C0152021,M000010,1,0,DisGeNET,35,Congenital heart disease,,-2.1,7.2,4,30304,267,47,3,6.4,3.6,2296|2690|55137,FOXC1|GHR|FIGN,-0.42,0
0,0,0,0,0,1,0,0,0,0,0,-2.1,C0279680,M000001,1,0,DisGeNET,35,Transitional cell carcinoma of bladder,,-2.1,7.2,4,30304,333,38,3,7.9,4.4,3486|10395|131096,IGFBP3|DLC1|KCNH8,-0.42,0
0,0,1,0,0,0,0,0,-2.1,0,0,0,C0575081,M001000,1,0,DisGeNET,35,Gait abnormality,,-2.1,7.1,4,30304,312,41,3,7.3,4.1,6663|55636|57187,SOX10|CHD7|THOC2,-0.41,0
1,0,0,0,0,0,-2.1,0,0,0,0,0,C0278488,M100000,1,0,DisGeNET,35,Carcinoma breast stage IV,,-2.1,4.9,3.6,30304,573,43,4,9.3,4.4,2651|5293|7903|30817,GCNT2|PIK3CD|ST8SIA4|ADGRE2,-0.4,0
1,0,0,0,0,0,-2.1,0,0,0,0,0,C0024314,M100000,1,0,DisGeNET,35,Lymphoproliferative Disorders,,-2.1,7,4,30304,300,43,3,7,3.9,5293|6850|10320,PIK3CD|SYK|IKZF1,-0.4,0
1,0,0,0,0,0,-2.1,0,0,0,0,0,C0035126,M100000,1,0,DisGeNET,35,Reperfusion Injury,,-2.1,7,4,30304,300,43,3,7,3.9,4988|6916|11213,OPRM1|TBXAS1|IRAK3,-0.4,0
0,0,1,0,0,0,0,0,-2,0,0,0,C0009241,M001000,1,0,DisGeNET,35,Cognition Disorders,,-2,4.9,3.6,30304,606,41,4,9.8,4.6,10215|25897|55636|57556,OLIG2|RNF19A|CHD7|SEMA6A,-0.4,0
1,0,0,0,0,0,-2,0,0,0,0,0,C1847835,M100000,1,0,DisGeNET,35,VITILIGO-ASSOCIATED MULTIPLE AUTOIMMUNE DISEASE SUSCEPTIBILITY 1 (finding),,-2,7,4,30304,301,43,3,7,3.9,3119|4988|5293,HLA-DQB1|OPRM1|PIK3CD,-0.4,0
1,0,0,0,0,0,-2,0,0,0,0,0,C0023440,M100000,1,0,DisGeNET,35,Acute Erythroblastic Leukemia,,-2,7,4,30304,302,43,3,7,3.9,4066|5293|6916,LYL1|PIK3CD|TBXAS1,-0.4,0
1,0,0,0,0,0,-2,0,0,0,0,0,C0947751,M100000,1,0,DisGeNET,35,Vascular inflammations,,-2,6.9,3.9,30304,305,43,3,7,3.9,5293|6404|11309,PIK3CD|SELPLG|SLCO2B1,-0.39,0
0,0,0,0,0,1,0,0,0,0,0,-2,C0740457,M000001,1,0,DisGeNET,35,Malignant neoplasm of kidney,,-2,4.8,3.5,30304,664,38,4,11,5,3486|6446|6925|7832,IGFBP3|SGK1|TCF4|BTG2,-0.38,0
1,0,0,0,0,0,-2,0,0,0,0,0,C0018213,M100000,1,0,DisGeNET,35,Graves Disease,,-2,4.8,3.5,30304,585,43,4,9.3,4.4,1730|3119|5293|7100,DIAPH2|HLA-DQB1|PIK3CD|TLR5,-0.38,0
0,0,0,0,1,0,0,0,0,0,-2,0,C0002793,M000010,1,0,DisGeNET,35,Anaplasia,,-2,4.8,3.5,30304,538,47,4,8.5,4.1,2100|2296|3175|4254,ESR2|FOXC1|ONECUT1|KITLG,-0.37,0
0,0,0,0,1,0,0,0,0,0,-2,0,C0205698,M000010,1,0,DisGeNET,35,Undifferentiated carcinoma,,-2,6.8,3.9,30304,283,47,3,6.4,3.6,2100|4254|50486,ESR2|KITLG|G0S2,-0.37,0
1,0,0,0,0,0,-2,0,0,0,0,0,C0374997,M100000,1,0,DisGeNET,35,Helicobacter pylori (H. pylori) infection in conditions classified elsewhere and of unspecified site,,-2,4.8,3.5,30304,593,43,4,9.3,4.4,3119|5293|6850|7100,HLA-DQB1|PIK3CD|SYK|TLR5,-0.37,0
0,0,1,0,0,0,0,0,-2,0,0,0,C1969372,M001000,1,0,DisGeNET,35,Tubulointerstitial fibrosis,,-2,6.8,3.9,30304,327,41,3,7.3,4.1,8850|25897|28984,KAT2B|RNF19A|RGCC,-0.37,0
