_MEMBER_AD.Micro,_MEMBER_AD.OPC,_MEMBER_AD.Oligo,_MEMBER_Control.Micro,_MEMBER_Control.OPC,_MEMBER_Control.Oligo,_LogP_AD.Micro,_LogP_AD.OPC,_LogP_AD.Oligo,_LogP_Control.Micro,_LogP_Control.OPC,_LogP_Control.Oligo,GO,_PATTERN_,_RANK_,GiniIndex,Category,CategoryID,Description,PARENT_GO,LogP,Enrichment,Z-score,#TotalGeneInLibrary,#GeneInGO,#GeneInHitList,#GeneInGOAndHitList,%InGO,STDV %InGO,GeneID,Hits,Log(q-value),EvidenceCutoff
1,0,1,0,0,0,-3.7,0,-11,0,0,0,C0200641,M101000,2,0,DisGeNET,35,Blood basophil count (lab test),,-11,28,15,30304,272,36,9,25,7.2,861|2313|4773|5788|6319|10320|54518|60468|81704,RUNX1|FLI1|NFATC2|PTPRC|SCD|IKZF1|APBB1IP|BACH2|DOCK8,-7.2,0
1,0,1,0,0,0,-2.7,0,-7,0,0,0,C1332201,M101000,2,0,DisGeNET,35,Adult Diffuse Large B-Cell Lymphoma,,-7,13,9.7,30304,504,36,8,22,6.9,1112|2313|4601|5788|6696|10320|60468|81704,FOXN3|FLI1|MXI1|PTPRC|SPP1|IKZF1|BACH2|DOCK8,-4,0
1,0,1,0,0,0,-6.9,0,-4.8,0,0,0,C1854520,M101000,2,0,DisGeNET,35,SEBASTIAN SYNDROME,,-6.9,87,19,30304,42,33,4,12,5.7,861|2313|3479|7474,RUNX1|FLI1|IGF1|WNT5A,-4,0
1,0,1,1,0,0,-2.4,0,-6.3,-3.1,0,0,C0200638,M101100,3,0,DisGeNET,35,Eosinophil count procedure,,-6.3,11,8.6,30304,610,36,8,22,6.9,861|2313|4773|5788|10320|54518|60468|81704,RUNX1|FLI1|NFATC2|PTPRC|IKZF1|APBB1IP|BACH2|DOCK8,-3.5,0
0,0,0,0,1,0,0,0,0,0,-6.2,0,C0206715,M000010,1,0,DisGeNET,35,"Neoplasms, Neuroepithelial",,-6.2,60,15,30304,46,44,4,9.1,4.3,6663|10215|65108|79971,SOX10|OLIG2|MARCKSL1|WLS,-3.4,0
0,0,1,0,0,0,0,0,-6.1,0,0,0,C1846546,M001000,1,0,DisGeNET,35,Recurrent sinopulmonary infections,,-6.1,1.6e+02,22,30304,16,36,3,8.3,4.6,10320|60468|81704,IKZF1|BACH2|DOCK8,-3.3,0
1,0,1,0,0,0,-2.4,0,-6,0,0,0,C0023448,M101000,2,0,DisGeNET,35,Lymphoid leukemia,,-6,18,9.7,30304,288,36,6,17,6.2,861|5788|6696|10320|60468|81704,RUNX1|PTPRC|SPP1|IKZF1|BACH2|DOCK8,-3.2,0
1,0,1,0,0,0,-5.9,0,-2.2,0,0,0,C0376544,M101000,2,0,DisGeNET,35,Hematopoietic Neoplasms,,-5.9,17,9.6,30304,322,33,6,18,6.7,861|3059|5468|7474|11214|83478,RUNX1|HCLS1|PPARG|WNT5A|AKAP13|ARHGAP24,-3.2,0
0,0,0,0,1,0,0,0,0,0,-5.9,0,C0869220,M000010,1,0,DisGeNET,35,"Adverse effects, not elsewhere classified",,-5.9,50,14,30304,55,44,4,9.1,4.3,105|864|2070|9580,ADARB2|RUNX3|EYA4|SOX13,-3.2,0
1,0,1,0,0,0,-3.7,0,-5.7,0,0,0,C0278883,M101000,2,0,DisGeNET,35,Metastatic melanoma,,-5.7,12,8.3,30304,504,36,7,19,6.6,2313|3732|4286|4773|6319|6696|57556,FLI1|CD82|MITF|NFATC2|SCD|SPP1|SEMA6A,-3,0
1,0,1,0,0,0,-2.1,0,-5.7,0,0,0,C0220641,M101000,2,0,DisGeNET,35,Lip and Oral Cavity Carcinoma,,-5.7,9.2,7.7,30304,734,36,8,22,6.9,1112|3732|4601|4773|5052|6696|6934|10397,FOXN3|CD82|MXI1|NFATC2|PRDX1|SPP1|TCF7L2|NDRG1,-3,0
0,0,1,0,0,0,0,0,-5.7,0,0,0,C0038868,M001000,1,0,DisGeNET,35,Progressive supranuclear palsy,,-5.7,24,11,30304,176,36,5,14,5.8,4336|5621|5788|6696|7314,MOBP|PRNP|PTPRC|SPP1|UBB,-3,0
1,0,1,0,0,0,-5.7,0,-3.8,0,0,0,C0278721,M101000,2,0,DisGeNET,35,Adult Lymphoblastic Lymphoma,,-5.7,43,13,30304,85,33,4,12,5.7,861|2313|7409|83478,RUNX1|FLI1|VAV1|ARHGAP24,-3,0
1,0,1,0,0,0,-5.7,0,-3.8,0,0,0,C0279525,M101000,2,0,DisGeNET,35,Childhood Lymphoblastic Lymphoma,,-5.7,43,13,30304,85,33,4,12,5.7,861|2313|7409|83478,RUNX1|FLI1|VAV1|ARHGAP24,-3,0
1,0,1,0,0,0,-2.1,0,-5.6,0,0,0,C0153381,M101000,2,0,DisGeNET,35,Malignant neoplasm of mouth,,-5.6,8.9,7.6,30304,756,36,8,22,6.9,1112|3732|4601|4773|5052|6696|6934|10397,FOXN3|CD82|MXI1|NFATC2|PRDX1|SPP1|TCF7L2|NDRG1,-3,0
1,0,1,0,0,0,-5.6,0,-3.8,0,0,0,C0079748,M101000,2,0,DisGeNET,35,Precursor cell lymphoblastic lymphoma,,-5.6,42,13,30304,88,33,4,12,5.7,861|2313|7409|83478,RUNX1|FLI1|VAV1|ARHGAP24,-3,0
0,1,0,0,0,0,0,-5.6,0,0,0,0,C2674432,M010000,1,0,DisGeNET,35,Reduced bone mineral density,,-5.6,41,13,30304,76,39,4,10,4.9,4784|6335|10371|81848,NFIX|SCN9A|SEMA3A|SPRY4,-2.9,0
1,0,0,0,0,0,-5.5,0,0,0,0,0,C0023470,M100000,1,0,DisGeNET,35,Myeloid Leukemia,,-5.5,14,8.7,30304,385,33,6,18,6.7,861|3059|3479|5468|7474|83478,RUNX1|HCLS1|IGF1|PPARG|WNT5A|ARHGAP24,-2.9,0
1,0,1,0,0,0,-2.2,0,-5.4,0,0,0,C4733092,M101000,2,0,DisGeNET,35,estrogen receptor-negative breast cancer,,-5.4,14,8.6,30304,356,36,6,17,6.2,861|3732|5052|5621|6696|51523,RUNX1|CD82|PRDX1|PRNP|SPP1|CXXC5,-2.8,0
1,0,1,0,0,0,-3.4,0,-5.4,0,0,0,C0278488,M101000,2,0,DisGeNET,35,Carcinoma breast stage IV,,-5.4,10,7.7,30304,573,36,7,19,6.6,861|3732|4773|5052|5788|6319|6696,RUNX1|CD82|NFATC2|PRDX1|PTPRC|SCD|SPP1,-2.8,0
0,0,0,0,1,0,0,0,0,0,-5.4,0,C0750952,M000010,1,0,DisGeNET,35,Biliary Tract Cancer,,-5.4,21,9.7,30304,167,44,5,11,4.8,864|1956|8495|65108|79971,RUNX3|EGFR|PPFIBP2|MARCKSL1|WLS,-2.8,0
0,0,1,0,0,0,0,0,-5.3,0,0,0,C0040034,M001000,1,0,DisGeNET,35,Thrombocytopenia,,-5.3,10,7.6,30304,592,36,7,19,6.6,861|2313|4601|5052|5788|6696|10320,RUNX1|FLI1|MXI1|PRDX1|PTPRC|SPP1|IKZF1,-2.7,0
0,0,0,0,1,0,0,0,0,0,-5.1,0,C0279550,M000010,1,0,DisGeNET,35,Adult Rhabdomyosarcoma,,-5.1,9.5,7.4,30304,509,44,7,16,5.5,1956|10215|10611|51176|56288|65108|79971,EGFR|OLIG2|PDLIM5|LEF1|PARD3|MARCKSL1|WLS,-2.5,0
1,0,0,0,0,0,-5.1,0,0,0,0,0,C0020429,M100000,1,0,DisGeNET,35,Hyperalgesia,,-5.1,12,7.9,30304,451,33,6,18,6.7,2572|3059|3479|5468|6001|27303,GAD2|HCLS1|IGF1|PPARG|RGS10|RBMS3,-2.5,0
0,0,0,0,1,0,0,0,0,0,-5,0,C0220611,M000010,1,0,DisGeNET,35,Childhood Rhabdomyosarcoma,,-5,9.3,7.3,30304,517,44,7,16,5.5,1956|10215|10611|51176|56288|65108|79971,EGFR|OLIG2|PDLIM5|LEF1|PARD3|MARCKSL1|WLS,-2.5,0
0,0,0,0,1,0,0,0,0,0,-5,0,C0280781,M000010,1,0,DisGeNET,35,Adult Pilocytic Astrocytoma,,-5,30,11,30304,92,44,4,9.1,4.3,347|1956|6663|10215,APOD|EGFR|SOX10|OLIG2,-2.5,0
0,0,1,0,1,0,0,0,-2.8,0,-5,0,C0334579,M001010,2,0,DisGeNET,35,Anaplastic astrocytoma,,-5,17,8.7,30304,202,44,5,11,4.8,347|1956|10215|65108|79971,APOD|EGFR|OLIG2|MARCKSL1|WLS,-2.5,0
1,0,1,0,0,0,-5,0,-3.6,0,0,0,C0278764,M101000,2,0,DisGeNET,35,Adult Burkitt Lymphoma,,-5,12,7.7,30304,475,33,6,18,6.7,861|2313|5996|7409|83478|118788,RUNX1|FLI1|RGS1|VAV1|ARHGAP24|PIK3AP1,-2.5,0
1,0,1,0,0,0,-4.9,0,-3.6,0,0,0,C0278879,M101000,2,0,DisGeNET,35,Childhood Burkitt Lymphoma,,-4.9,12,7.7,30304,477,33,6,18,6.7,861|2313|5996|7409|83478|118788,RUNX1|FLI1|RGS1|VAV1|ARHGAP24|PIK3AP1,-2.5,0
0,0,0,0,1,0,0,0,0,0,-4.9,0,C1332995,M000010,1,0,DisGeNET,35,Childhood Pilocytic Astrocytoma,,-4.9,28,10,30304,97,44,4,9.1,4.3,347|1956|6663|10215,APOD|EGFR|SOX10|OLIG2,-2.4,0
0,0,1,0,0,0,0,0,-4.9,0,0,0,C4551687,M001000,1,0,DisGeNET,35,Sarcoma of soft tissue,,-4.9,16,8.5,30304,258,36,5,14,5.8,3732|4286|4601|5788|6696,CD82|MITF|MXI1|PTPRC|SPP1,-2.4,0
1,0,1,0,0,0,-2.5,0,-4.9,0,0,0,C0014170,M101000,2,0,DisGeNET,35,Endometrial Neoplasms,,-4.9,16,8.5,30304,261,36,5,14,5.8,3732|6696|6934|10397|83857,CD82|SPP1|TCF7L2|NDRG1|TMTC1,-2.4,0
1,0,1,0,1,0,-4.8,0,-3.6,0,-2.3,0,C0278876,M101010,3,0,DisGeNET,35,Adult Medulloblastoma,,-4.8,8.4,6.9,30304,762,33,7,21,7.1,2313|3059|3479|5468|7409|7474|83478,FLI1|HCLS1|IGF1|PPARG|VAV1|WNT5A|ARHGAP24,-2.4,0
0,0,0,0,1,0,0,0,0,0,-4.8,0,C0035412,M000010,1,0,DisGeNET,35,Rhabdomyosarcoma,,-4.8,8.5,6.9,30304,565,44,7,16,5.5,1956|10215|10611|51176|56288|65108|79971,EGFR|OLIG2|PDLIM5|LEF1|PARD3|MARCKSL1|WLS,-2.4,0
1,0,1,0,1,0,-4.8,0,-3.6,0,-2.3,0,C0278510,M101010,3,0,DisGeNET,35,Childhood Medulloblastoma,,-4.8,8.3,6.8,30304,771,33,7,21,7.1,2313|3059|3479|5468|7409|7474|83478,FLI1|HCLS1|IGF1|PPARG|VAV1|WNT5A|ARHGAP24,-2.4,0
1,0,1,0,1,0,-4.8,0,-2.3,0,-2,0,C0005699,M101010,3,0,DisGeNET,35,Blast Phase,,-4.8,15,8.2,30304,299,33,5,15,6.2,861|3479|6239|7474|83478,RUNX1|IGF1|RREB1|WNT5A|ARHGAP24,-2.4,0
0,1,0,0,1,0,0,-4.7,0,0,-4.4,0,C0410702,M010010,2,0,DisGeNET,35,Adolescent idiopathic scoliosis,,-4.7,8.3,6.8,30304,656,39,7,18,6.1,571|5649|23026|27115|81848|91526|144453,BACH1|RELN|MYO16|PDE7B|SPRY4|ANKRD44|BEST3,-2.3,0
0,1,0,0,1,0,0,-4,0,0,-4.7,0,C1837461,M010010,2,0,DisGeNET,35,"SCOLIOSIS, ISOLATED, SUSCEPTIBILITY TO, 3",,-4.7,8.3,6.8,30304,578,44,7,16,5.5,1956|8671|9586|27185|92293|338645|339788,EGFR|SLC4A4|CREB5|DISC1|TMEM132C|LUZP2|LINC00298,-2.3,0
0,1,0,0,0,0,0,-4.7,0,0,0,0,C0003126,M010000,1,0,DisGeNET,35,Anosmia,,-4.7,58,13,30304,40,39,3,7.7,4.3,6335|10371|81848,SCN9A|SEMA3A|SPRY4,-2.3,0
0,0,1,0,0,0,0,0,-4.7,0,0,0,C0555198,M001000,1,0,DisGeNET,35,Malignant Glioma,,-4.7,8.1,6.7,30304,724,36,7,19,6.6,4601|4773|6480|6696|6934|10397|57556,MXI1|NFATC2|ST6GAL1|SPP1|TCF7L2|NDRG1|SEMA6A,-2.3,0
0,0,0,0,1,0,0,0,0,0,-4.7,0,C1168327,M000010,1,0,DisGeNET,35,High-Grade Prostatic Intraepithelial Neoplasia,,-4.7,25,9.6,30304,111,44,4,9.1,4.3,347|1956|6256|56288,APOD|EGFR|RXRA|PARD3,-2.3,0
1,0,1,0,0,0,-4.6,0,-2.2,0,0,0,C0206062,M101000,2,0,DisGeNET,35,"Lung Diseases, Interstitial",,-4.6,14,7.9,30304,319,33,5,15,6.2,2313|3479|7474|10859|11214,FLI1|IGF1|WNT5A|LILRB1|AKAP13,-2.3,0
0,0,1,0,0,0,0,0,-4.6,0,0,0,C0741260,M001000,1,0,DisGeNET,35,Adult onset asthma,,-4.6,53,12,30304,48,36,3,8.3,4.6,861|5788|60468,RUNX1|PTPRC|BACH2,-2.2,0
0,0,1,0,0,0,0,0,-4.6,0,0,0,C0037579,M001000,1,0,DisGeNET,35,Soft Tissue Neoplasms,,-4.6,23,9.3,30304,145,36,4,11,5.2,2313|3732|4773|6696,FLI1|CD82|NFATC2|SPP1,-2.2,0
1,0,1,0,0,0,-4.6,0,-4.3,0,0,0,C0006413,M101000,2,0,DisGeNET,35,Burkitt Lymphoma,,-4.6,9.9,7,30304,556,33,6,18,6.7,861|2313|5996|7409|83478|118788,RUNX1|FLI1|RGS1|VAV1|ARHGAP24|PIK3AP1,-2.2,0
1,1,1,0,0,0,-2,-2.5,-4.6,0,0,0,C0233794,M111000,3,0,DisGeNET,35,Memory impairment,,-4.6,7.7,6.5,30304,763,36,7,19,6.6,2555|5621|5788|6696|7025|7314|11076,GABRA2|PRNP|PTPRC|SPP1|NR2F1|UBB|TPPP,-2.2,0
1,0,1,0,0,0,-3.7,0,-4.6,0,0,0,C2938924,M101000,2,0,DisGeNET,35,Oestrogen receptor positive breast cancer,,-4.6,9.9,7,30304,510,36,6,17,6.2,861|3732|5052|6319|6934|51523,RUNX1|CD82|PRDX1|SCD|TCF7L2|CXXC5,-2.2,0
1,0,1,0,0,0,-4.5,0,-3.2,0,0,0,C1333015,M101000,2,0,DisGeNET,35,Childhood Kidney Wilms Tumor,,-4.5,14,7.7,30304,338,33,5,15,6.2,861|2313|3479|7474|83478,RUNX1|FLI1|IGF1|WNT5A|ARHGAP24,-2.2,0
0,0,1,0,0,0,0,0,-4.5,0,0,0,C0005967,M001000,1,0,DisGeNET,35,Bone neoplasms,,-4.5,22,9,30304,151,36,4,11,5.2,861|2313|4773|6696,RUNX1|FLI1|NFATC2|SPP1,-2.2,0
1,0,0,0,0,0,-4.5,0,0,0,0,0,C0702166,M100000,1,0,DisGeNET,35,Acne,,-4.5,22,9,30304,167,33,4,12,5.7,3479|5468|6239|7903,IGF1|PPARG|RREB1|ST8SIA4,-2.2,0
1,0,0,0,0,0,-4.5,0,0,0,0,0,C0158266,M100000,1,0,DisGeNET,35,Intervertebral Disc Degeneration,,-4.5,13,7.6,30304,342,33,5,15,6.2,3479|5468|6239|7474|10859,IGF1|PPARG|RREB1|WNT5A|LILRB1,-2.2,0
0,0,0,0,1,0,0,0,0,0,-4.4,0,C0018498,M000010,1,0,DisGeNET,35,Hair Color,,-4.4,21,8.8,30304,130,44,4,9.1,4.3,8495|8537|9586|51176,PPFIBP2|BCAS1|CREB5|LEF1,-2.1,0
0,0,1,0,0,0,0,0,-4.4,0,0,0,C3898127,M001000,1,0,DisGeNET,35,Non-Metastatic Childhood Soft Tissue Sarcoma,,-4.4,21,8.8,30304,160,36,4,11,5.2,4286|4601|5788|6696,MITF|MXI1|PTPRC|SPP1,-2.1,0
1,0,0,0,0,0,-4.4,0,0,0,0,0,C0374997,M100000,1,0,DisGeNET,35,Helicobacter pylori (H. pylori) infection in conditions classified elsewhere and of unspecified site,,-4.4,9.3,6.7,30304,593,33,6,18,6.7,5468|6239|7409|7474|83478|139818,PPARG|RREB1|VAV1|WNT5A|ARHGAP24|DOCK11,-2.1,0
0,0,1,0,0,0,0,0,-4.4,0,0,0,C1319315,M001000,1,0,DisGeNET,35,Adenocarcinoma of large intestine,,-4.4,9.3,6.7,30304,543,36,6,17,6.2,4601|5621|6934|10320|64399|83857,MXI1|PRNP|TCF7L2|IKZF1|HHIP|TMTC1,-2.1,0
0,0,1,0,0,0,0,0,-4.4,0,0,0,C0220613,M001000,1,0,DisGeNET,35,Adult Soft Tissue Sarcoma,,-4.4,21,8.7,30304,162,36,4,11,5.2,4286|4601|5788|6696,MITF|MXI1|PTPRC|SPP1,-2.1,0
1,0,0,0,0,0,-4.4,0,0,0,0,0,C3469521,M100000,1,0,DisGeNET,35,"FANCONI ANEMIA, COMPLEMENTATION GROUP A (disorder)",,-4.4,13,7.4,30304,359,33,5,15,6.2,861|3479|5468|7474|83478,RUNX1|IGF1|PPARG|WNT5A|ARHGAP24,-2.1,0
0,0,0,0,1,0,0,0,0,0,-4.4,0,C0279751,M000010,1,0,DisGeNET,35,Adenoid cystic carcinoma of salivary gland,,-4.4,44,11,30304,47,44,3,6.8,3.8,864|1956|6663,RUNX3|EGFR|SOX10,-2.1,0
0,0,1,0,0,0,0,0,-4.4,0,0,0,C0220645,M001000,1,0,DisGeNET,35,Childhood Soft Tissue Sarcoma,,-4.4,20,8.6,30304,166,36,4,11,5.2,4286|4601|5788|6696,MITF|MXI1|PTPRC|SPP1,-2.1,0
1,0,1,0,0,0,-4.3,0,-3,0,0,0,C1292778,M101000,2,0,DisGeNET,35,Chronic myeloproliferative disorder,,-4.3,13,7.3,30304,366,33,5,15,6.2,861|2313|3479|5468|7409,RUNX1|FLI1|IGF1|PPARG|VAV1,-2.1,0
1,0,0,0,0,0,-4.3,0,0,0,0,0,C1336076,M100000,1,0,DisGeNET,35,Sporadic Breast Carcinoma,,-4.3,20,8.5,30304,184,33,4,12,5.7,3479|5468|7474|83478,IGF1|PPARG|WNT5A|ARHGAP24,-2.1,0
0,0,0,0,1,0,0,0,0,0,-4.3,0,C2674218,M000010,1,0,DisGeNET,35,"SPHEROCYTOSIS, TYPE 1 (disorder)",,-4.3,43,11,30304,48,44,3,6.8,3.8,1956|65108|79971,EGFR|MARCKSL1|WLS,-2.1,0
0,1,0,0,0,0,0,-4.3,0,0,0,0,C0201899,M010000,1,0,DisGeNET,35,Aspartate aminotransferase measurement,,-4.3,41,11,30304,57,39,3,7.7,4.3,27115|60495|152485,PDE7B|HPSE2|ZNF827,-2,0
1,0,0,0,0,0,-4.2,0,0,0,0,0,C0149678,M100000,1,0,DisGeNET,35,Epstein-Barr Virus Infections,,-4.2,12,7.1,30304,384,33,5,15,6.2,3479|7474|29760|83478|84433,IGF1|WNT5A|BLNK|ARHGAP24|CARD11,-2,0
1,0,1,0,0,0,-4.2,0,-2.8,0,0,0,C0027809,M101000,2,0,DisGeNET,35,Neurilemmoma,,-4.2,19,8.3,30304,193,33,4,12,5.7,3059|3479|10859|83478,HCLS1|IGF1|LILRB1|ARHGAP24,-2,0
1,0,0,0,0,0,-4.2,0,0,0,0,0,C0011884,M100000,1,0,DisGeNET,35,Diabetic Retinopathy,,-4.2,8.6,6.4,30304,644,33,6,18,6.7,2572|3479|5468|7903|10859|84966,GAD2|IGF1|PPARG|ST8SIA4|LILRB1|IGSF21,-2,0
1,0,1,0,0,0,-4.2,0,-2.9,0,0,0,C0017658,M101000,2,0,DisGeNET,35,Glomerulonephritis,,-4.2,12,7.1,30304,391,33,5,15,6.2,861|2313|3059|3479|5468,RUNX1|FLI1|HCLS1|IGF1|PPARG,-2,0
1,0,0,0,0,0,-4.2,0,0,0,0,0,C0015625,M100000,1,0,DisGeNET,35,Fanconi Anemia,,-4.2,12,7,30304,393,33,5,15,6.2,861|3479|5468|7474|83478,RUNX1|IGF1|PPARG|WNT5A|ARHGAP24,-2,0
0,0,0,0,1,0,0,0,0,0,-4.2,0,C0279651,M000010,1,0,DisGeNET,35,Gallbladder adenocarcinoma,,-4.2,39,11,30304,53,44,3,6.8,3.8,1956|65108|79971,EGFR|MARCKSL1|WLS,-2,0
0,0,1,0,0,0,0,0,-4.2,0,0,0,C0011311,M001000,1,0,DisGeNET,35,Dengue Fever,,-4.2,12,7,30304,360,36,5,14,5.8,5621|6319|6696|6934|11076,PRNP|SCD|SPP1|TCF7L2|TPPP,-2,0
0,1,0,0,0,0,0,-4.2,0,0,0,0,C2364082,M010000,1,0,DisGeNET,35,Sense of smell impaired,,-4.2,39,11,30304,60,39,3,7.7,4.3,6335|10371|81848,SCN9A|SEMA3A|SPRY4,-2,0
1,0,1,0,0,0,-4.1,0,-2.7,0,0,0,C0362046,M101000,2,0,DisGeNET,35,Prediabetes syndrome,,-4.1,18,8,30304,205,33,4,12,5.7,2572|3479|5468|10859,GAD2|IGF1|PPARG|LILRB1,-1.9,0
0,0,0,0,1,0,0,0,0,0,-4.1,0,C0206694,M000010,1,0,DisGeNET,35,Mucoepidermoid Carcinoma,,-4.1,18,8,30304,153,44,4,9.1,4.3,864|1956|6663|51176,RUNX3|EGFR|SOX10|LEF1,-1.9,0
1,0,1,0,0,0,-4.1,0,-4,0,0,0,C1845050,M101000,2,0,DisGeNET,35,"PIGMENTARY DISORDER, RETICULATE, WITH SYSTEMIC MANIFESTATIONS",,-4.1,18,8,30304,208,33,4,12,5.7,861|3059|3479|5468,RUNX1|HCLS1|IGF1|PPARG,-1.9,0
1,0,0,0,0,0,-4.1,0,0,0,0,0,C0031099,M100000,1,0,DisGeNET,35,Periodontitis,,-4.1,8.1,6.2,30304,680,33,6,18,6.7,3479|5468|7409|7474|7903|10859,IGF1|PPARG|VAV1|WNT5A|ST8SIA4|LILRB1,-1.9,0
0,0,1,0,0,0,0,0,-4.1,0,0,0,C1527304,M001000,1,0,DisGeNET,35,Allergic Reaction,,-4.1,17,7.8,30304,197,36,4,11,5.2,861|4773|6696|60468,RUNX1|NFATC2|SPP1|BACH2,-1.9,0
1,0,0,0,0,0,-4.1,0,0,0,0,0,C0086132,M100000,1,0,DisGeNET,35,Depressive Symptoms,,-4.1,11,6.8,30304,421,33,5,15,6.2,2572|3059|3479|5468|7903,GAD2|HCLS1|IGF1|PPARG|ST8SIA4,-1.9,0
1,0,0,0,0,0,-4.1,0,0,0,0,0,C0042373,M100000,1,0,DisGeNET,35,Vascular Diseases,,-4.1,8,6.1,30304,688,33,6,18,6.7,2313|3479|5468|5996|7474|83478,FLI1|IGF1|PPARG|RGS1|WNT5A|ARHGAP24,-1.8,0
1,0,0,0,1,0,-4.1,0,0,0,-3.4,0,C0685938,M100010,2,0,DisGeNET,35,Malignant neoplasm of gastrointestinal tract,,-4.1,11,6.7,30304,423,33,5,15,6.2,3059|3479|5468|10859|139818,HCLS1|IGF1|PPARG|LILRB1|DOCK11,-1.8,0
0,0,0,0,1,0,0,0,0,0,-4,0,C0041408,M000010,1,0,DisGeNET,35,Turner Syndrome,,-4,17,7.8,30304,162,44,4,9.1,4.3,1956|5069|8671|30812,EGFR|PAPPA|SLC4A4|SOX8,-1.8,0
0,0,0,0,1,0,0,0,0,0,-4,0,C0334583,M000010,1,0,DisGeNET,35,Pilocytic Astrocytoma,,-4,17,7.8,30304,163,44,4,9.1,4.3,347|1956|6663|10215,APOD|EGFR|SOX10|OLIG2,-1.8,0
1,0,1,0,0,0,-2,0,-4,0,0,0,C0042900,M101000,2,0,DisGeNET,35,Vitiligo,,-4,11,6.7,30304,394,36,5,14,5.8,2313|4286|5621|5788|60468,FLI1|MITF|PRNP|PTPRC|BACH2,-1.8,0
0,0,0,0,1,0,0,0,0,0,-4,0,C0278622,M000010,1,0,DisGeNET,35,Adult Malignant Peripheral Nerve Sheath Tumor,,-4,33,9.7,30304,62,44,3,6.8,3.8,1956|2070|6663,EGFR|EYA4|SOX10,-1.8,0
0,0,0,0,1,0,0,0,0,0,-4,0,C0279987,M000010,1,0,DisGeNET,35,Childhood Malignant Peripheral Nerve Sheath Tumor,,-4,33,9.7,30304,62,44,3,6.8,3.8,1956|2070|6663,EGFR|EYA4|SOX10,-1.8,0
1,0,0,0,0,0,-4,0,0,0,0,0,C0015300,M100000,1,0,DisGeNET,35,Exophthalmos,,-4,16,7.6,30304,225,33,4,12,5.7,2313|3479|5468|7474,FLI1|IGF1|PPARG|WNT5A,-1.8,0
1,0,1,0,0,0,-2,0,-4,0,0,0,C1739135,M101000,2,0,DisGeNET,35,Progression of prostate cancer,,-4,11,6.6,30304,398,36,5,14,5.8,861|3732|4601|6696|57556,RUNX1|CD82|MXI1|SPP1|SEMA6A,-1.8,0
1,0,0,0,1,0,-4,0,0,0,-2.4,0,C0038013,M100010,2,0,DisGeNET,35,Ankylosing spondylitis,,-4,7.8,6,30304,710,33,6,18,6.7,861|3059|3479|7903|10859|84433,RUNX1|HCLS1|IGF1|ST8SIA4|LILRB1|CARD11,-1.8,0
1,0,0,0,0,0,-3.9,0,0,0,0,0,C2607914,M100000,1,0,DisGeNET,35,Allergic rhinitis (disorder),,-3.9,10,6.5,30304,446,33,5,15,6.2,3059|5468|5996|118788|139818,HCLS1|PPARG|RGS1|PIK3AP1|DOCK11,-1.8,0
0,0,1,0,0,0,0,0,-3.9,0,0,0,C0206734,M001000,1,0,DisGeNET,35,Hemangioblastoma,,-3.9,32,9.5,30304,79,36,3,8.3,4.6,5788|10320|10397,PTPRC|IKZF1|NDRG1,-1.8,0
1,0,1,0,0,0,-2.2,0,-3.9,0,0,0,C1378703,M101000,2,0,DisGeNET,35,Renal carcinoma,,-3.9,7.6,5.9,30304,665,36,6,17,6.2,861|4286|5052|5621|6696|10397,RUNX1|MITF|PRDX1|PRNP|SPP1|NDRG1,-1.7,0
0,0,1,0,1,0,0,0,-3.9,0,-2.4,0,C0220621,M001010,2,0,DisGeNET,35,Childhood Acute Myeloid Leukemia,,-3.9,16,7.4,30304,215,36,4,11,5.2,861|3732|10320|51523,RUNX1|CD82|IKZF1|CXXC5,-1.7,0
0,0,0,0,1,0,0,0,0,0,-3.9,0,C0334590,M000010,1,0,DisGeNET,35,Anaplastic Oligodendroglioma,,-3.9,31,9.4,30304,66,44,3,6.8,3.8,1956|10215|116448,EGFR|OLIG2|OLIG1,-1.7,0
0,0,1,1,0,0,0,0,-3.9,-2.9,0,0,C4521042,M001100,2,0,DisGeNET,35,Complete Trisomy 21 Syndrome,,-3.9,7.6,5.9,30304,668,36,6,17,6.2,861|4773|5052|5621|7314|10320,RUNX1|NFATC2|PRDX1|PRNP|UBB|IKZF1,-1.7,0
1,0,0,0,0,0,-3.9,0,0,0,0,0,C0017661,M100000,1,0,DisGeNET,35,IGA Glomerulonephritis,,-3.9,10,6.4,30304,456,33,5,15,6.2,713|3479|5468|5996|29760,C1QB|IGF1|PPARG|RGS1|BLNK,-1.7,0
1,0,0,0,0,0,-3.9,0,0,0,0,0,C0349636,M100000,1,0,DisGeNET,35,Pre B-cell acute lymphoblastic leukemia,,-3.9,31,9.3,30304,90,33,3,9.1,5,861|29760|83478,RUNX1|BLNK|ARHGAP24,-1.7,0
1,0,0,0,0,0,-3.9,0,0,0,0,0,C1275126,M100000,1,0,DisGeNET,35,TNF receptor-associated periodic fever syndrome (TRAPS),,-3.9,31,9.3,30304,90,33,3,9.1,5,3059|5468|139818,HCLS1|PPARG|DOCK11,-1.7,0
0,0,0,0,1,0,0,0,0,0,-3.9,0,C0085136,M000010,1,0,DisGeNET,35,Central Nervous System Neoplasms,,-3.9,15,7.3,30304,180,44,4,9.1,4.3,347|1956|6663|10215,APOD|EGFR|SOX10|OLIG2,-1.7,0
0,0,1,0,0,0,0,0,-3.9,0,0,0,C0005956,M001000,1,0,DisGeNET,35,Bone Marrow Diseases,,-3.9,30,9.2,30304,84,36,3,8.3,4.6,6696|11076|83857,SPP1|TPPP|TMTC1,-1.7,0
0,0,1,0,0,0,0,0,-3.9,0,0,0,C0037928,M001000,1,0,DisGeNET,35,Spinal Cord Diseases,,-3.9,30,9.2,30304,84,36,3,8.3,4.6,6696|11076|83857,SPP1|TPPP|TMTC1,-1.7,0
0,0,1,0,1,0,0,0,-3.9,0,-2.5,0,C0023508,M001010,2,0,DisGeNET,35,White Blood Cell Count procedure,,-3.9,7.4,5.8,30304,681,36,6,17,6.2,861|4286|4601|5788|60468|81704,RUNX1|MITF|MXI1|PTPRC|BACH2|DOCK8,-1.7,0
0,1,0,0,0,0,0,-3.8,0,0,0,0,C0040420,M010000,1,0,DisGeNET,35,Tonometry,,-3.8,15,7.3,30304,206,39,4,10,4.9,5125|5649|6934|27115,PCSK5|RELN|TCF7L2|PDE7B,-1.7,0
1,0,0,0,0,0,-3.8,0,0,0,0,0,C0206368,M100000,1,0,DisGeNET,35,Exfoliation Syndrome,,-3.8,29,9.1,30304,94,33,3,9.1,5,3479|7474|27303,IGF1|WNT5A|RBMS3,-1.7,0
0,0,1,0,0,0,0,0,-3.8,0,0,0,C1270972,M001000,1,0,DisGeNET,35,Mild cognitive disorder,,-3.8,9.8,6.3,30304,430,36,5,14,5.8,4773|5621|6319|6480|64399,NFATC2|PRNP|SCD|ST6GAL1|HHIP,-1.7,0
1,0,0,0,1,0,-3,0,0,0,-3.8,0,C0206663,M100010,2,0,DisGeNET,35,"Neuroectodermal Tumor, Primitive",,-3.8,15,7.2,30304,184,44,4,9.1,4.3,1956|6663|65108|79971,EGFR|SOX10|MARCKSL1|WLS,-1.7,0
1,0,0,0,1,0,-3,0,0,0,-3.8,0,C0026277,M100010,2,0,DisGeNET,35,Mixed Salivary Gland Tumor,,-3.8,15,7.2,30304,185,44,4,9.1,4.3,864|1956|6663|51176,RUNX3|EGFR|SOX10|LEF1,-1.7,0
0,0,0,0,1,0,0,0,0,0,-3.8,0,C1402294,M000010,1,0,DisGeNET,35,Primary Lesion,,-3.8,29,9,30304,71,44,3,6.8,3.8,1956|65108|79971,EGFR|MARCKSL1|WLS,-1.7,0
0,0,1,0,0,0,0,0,-3.8,0,0,0,C0002726,M001000,1,0,DisGeNET,35,Amyloidosis,,-3.8,7.3,5.8,30304,694,36,6,17,6.2,5621|5788|6319|6696|11076|64399,PRNP|PTPRC|SCD|SPP1|TPPP|HHIP,-1.7,0
1,0,0,0,0,0,-3.8,0,0,0,0,0,C0027796,M100000,1,0,DisGeNET,35,Neuralgia,,-3.8,7.2,5.7,30304,766,33,6,18,6.7,713|2572|2857|5468|6001|7474,C1QB|GAD2|GPR34|PPARG|RGS10|WNT5A,-1.7,0
1,0,0,0,1,0,-3.8,0,0,0,-3.2,0,C0079772,M100010,2,0,DisGeNET,35,T-Cell Lymphoma,,-3.8,9.5,6.2,30304,485,33,5,15,6.2,3479|5468|7409|11214|83478,IGF1|PPARG|VAV1|AKAP13|ARHGAP24,-1.7,0
0,0,0,0,1,0,0,0,0,0,-3.8,0,C0037286,M000010,1,0,DisGeNET,35,Skin Neoplasms,,-3.8,9.5,6.2,30304,363,44,5,11,4.8,864|1956|6663|51176|56288,RUNX3|EGFR|SOX10|LEF1|PARD3,-1.6,0
0,0,1,0,0,0,0,0,-3.7,0,0,0,C0235833,M001000,1,0,DisGeNET,35,Congenital diaphragmatic hernia,,-3.7,14,7,30304,239,36,4,11,5.2,4773|6696|6934|7025,NFATC2|SPP1|TCF7L2|NR2F1,-1.6,0
1,1,1,0,0,0,-2.1,-3.5,-3.7,0,0,0,C0014772,M111000,3,0,DisGeNET,35,Red Blood Cell Count measurement,,-3.7,7,5.6,30304,717,36,6,17,6.2,861|4286|4773|5788|10320|60468,RUNX1|MITF|NFATC2|PTPRC|IKZF1|BACH2,-1.6,0
1,0,1,0,0,0,-2.9,0,-3.7,0,0,0,C0021053,M101000,2,0,DisGeNET,35,Immune System Diseases,,-3.7,9.3,6.1,30304,451,36,5,14,5.8,861|2313|5788|60468|81704,RUNX1|FLI1|PTPRC|BACH2|DOCK8,-1.6,0
0,0,1,0,0,0,0,0,-3.7,0,0,0,C0398686,M001000,1,0,DisGeNET,35,Primary immune deficiency disorder,,-3.7,27,8.7,30304,93,36,3,8.3,4.6,10320|60468|81704,IKZF1|BACH2|DOCK8,-1.6,0
0,0,1,0,0,0,0,0,-3.7,0,0,0,C0221013,M001000,1,0,DisGeNET,35,"Mastocytosis, Systemic",,-3.7,27,8.7,30304,94,36,3,8.3,4.6,861|4286|5788,RUNX1|MITF|PTPRC,-1.6,0
0,0,1,0,0,0,0,0,-3.7,0,0,0,C0149939,M001000,1,0,DisGeNET,35,Obstructive nephropathy,,-3.7,27,8.6,30304,95,36,3,8.3,4.6,5052|6696|57556,PRDX1|SPP1|SEMA6A,-1.6,0
1,0,1,0,0,0,-2.1,0,-3.7,0,0,0,C0521158,M101000,2,0,DisGeNET,35,Recurrent tumor,,-3.7,6.9,5.6,30304,735,36,6,17,6.2,3732|4601|5052|6319|6480|6696,CD82|MXI1|PRDX1|SCD|ST6GAL1|SPP1,-1.6,0
0,0,1,0,0,0,0,0,-3.7,0,0,0,C0024899,M001000,1,0,DisGeNET,35,Mastocytosis,,-3.7,26,8.5,30304,98,36,3,8.3,4.6,861|4286|10320,RUNX1|MITF|IKZF1,-1.6,0
1,0,1,0,0,0,-3.7,0,-2.4,0,0,0,C0022680,M101000,2,0,DisGeNET,35,Polycystic Kidney Diseases,,-3.7,13,6.8,30304,276,33,4,12,5.7,861|3479|5468|6239,RUNX1|IGF1|PPARG|RREB1,-1.6,0
0,0,1,0,0,0,0,0,-3.6,0,0,0,C0752347,M001000,1,0,DisGeNET,35,Lewy Body Disease,,-3.6,13,6.7,30304,255,36,4,11,5.2,5621|6696|7314|11076,PRNP|SPP1|UBB|TPPP,-1.6,0
0,0,0,0,1,0,0,0,0,0,-3.6,0,C0005941,M000010,1,0,DisGeNET,35,"Bone Diseases, Developmental",,-3.6,25,8.4,30304,82,44,3,6.8,3.8,1297|65108|79971,COL9A1|MARCKSL1|WLS,-1.6,0
1,0,0,0,0,0,-3.6,0,0,0,0,0,C2937421,M100000,1,0,DisGeNET,35,Prostatic Hyperplasia,,-3.6,25,8.3,30304,112,33,3,9.1,5,2313|3479|83478,FLI1|IGF1|ARHGAP24,-1.5,0
0,0,1,0,1,0,0,0,-3.1,0,-3.6,0,C4086152,M001010,2,0,DisGeNET,35,Childhood Astrocytoma,,-3.6,6.7,5.5,30304,615,44,6,14,5.2,105|1956|10215|51176|65108|79971,ADARB2|EGFR|OLIG2|LEF1|MARCKSL1|WLS,-1.5,0
0,0,1,0,0,0,0,0,-3.6,0,0,0,C0149745,M001000,1,0,DisGeNET,35,Oral Ulcer,,-3.6,24,8.2,30304,104,36,3,8.3,4.6,5788|6696|10320,PTPRC|SPP1|IKZF1,-1.5,0
0,1,1,1,0,0,0,-2.5,-3.6,-2.8,0,0,C0013080,M011100,3,0,DisGeNET,35,Down Syndrome,,-3.6,6.6,5.4,30304,765,36,6,17,6.2,861|4773|5052|5621|7314|10320,RUNX1|NFATC2|PRDX1|PRNP|UBB|IKZF1,-1.5,0
1,0,0,0,0,0,-3.6,0,0,0,0,0,C0221406,M100000,1,0,DisGeNET,35,Pituitary-dependent Cushing's disease,,-3.6,24,8.1,30304,115,33,3,9.1,5,3479|5468|83478,IGF1|PPARG|ARHGAP24,-1.5,0
0,0,1,0,0,0,0,0,-3.6,0,0,0,C0032181,M001000,1,0,DisGeNET,35,Platelet Count measurement,,-3.6,13,6.6,30304,265,36,4,11,5.2,861|2313|4601|81704,RUNX1|FLI1|MXI1|DOCK8,-1.5,0
1,0,1,0,0,0,-2.7,0,-3.6,0,0,0,C0002170,M101000,2,0,DisGeNET,35,Alopecia,,-3.6,8.6,5.8,30304,491,36,5,14,5.8,861|1112|5621|6696|51523,RUNX1|FOXN3|PRNP|SPP1|CXXC5,-1.5,0
1,1,0,0,0,0,-3.6,-2.2,0,0,0,0,C0032463,M110000,2,0,DisGeNET,35,Polycythemia Vera,,-3.6,13,6.6,30304,291,33,4,12,5.7,861|3479|5468|10859,RUNX1|IGF1|PPARG|LILRB1,-1.5,0
1,0,0,0,0,0,-3.6,0,0,0,0,0,C0023493,M100000,1,0,DisGeNET,35,Adult T-Cell Lymphoma/Leukemia,,-3.6,8.5,5.8,30304,540,33,5,15,6.2,5996|7409|7474|11214|84433,RGS1|VAV1|WNT5A|AKAP13|CARD11,-1.5,0
1,0,1,0,0,0,-2,0,-3.6,0,0,0,C3203102,M101000,2,0,DisGeNET,35,Idiopathic pulmonary arterial hypertension,,-3.6,6.5,5.4,30304,776,36,6,17,6.2,861|2313|4773|5052|5788|6696,RUNX1|FLI1|NFATC2|PRDX1|PTPRC|SPP1,-1.5,0
0,0,1,0,0,0,0,0,-3.6,0,0,0,C1456868,M001000,1,0,DisGeNET,35,Diabetic foot ulcer,,-3.6,24,8.1,30304,107,36,3,8.3,4.6,5621|6696|6934,PRNP|SPP1|TCF7L2,-1.5,0
1,0,0,0,0,0,-3.6,0,0,0,0,0,C1511789,M100000,1,0,DisGeNET,35,Desmoplastic,,-3.6,24,8.1,30304,117,33,3,9.1,5,5468|7474|83478,PPARG|WNT5A|ARHGAP24,-1.5,0
0,0,0,0,1,0,0,0,0,0,-3.5,0,C0018206,M000010,1,0,DisGeNET,35,granulosa cell tumor,,-3.5,23,8.1,30304,88,44,3,6.8,3.8,864|1956|5069,RUNX3|EGFR|PAPPA,-1.5,0
1,0,0,0,0,0,-3.5,0,0,0,0,0,C0011175,M100000,1,0,DisGeNET,35,Dehydration,,-3.5,12,6.5,30304,295,33,4,12,5.7,3479|4645|5468|29760,IGF1|MYO5B|PPARG|BLNK,-1.5,0
1,0,0,0,0,0,-3.5,0,0,0,0,0,C0334634,M100000,1,0,DisGeNET,35,"Malignant lymphoma, lymphocytic, intermediate differentiation, diffuse",,-3.5,12,6.5,30304,296,33,4,12,5.7,3479|7474|83478|84433,IGF1|WNT5A|ARHGAP24|CARD11,-1.5,0
1,0,0,0,0,0,-3.5,0,0,0,0,0,C0280141,M100000,1,0,DisGeNET,35,Acute Undifferentiated Leukemia,,-3.5,23,8,30304,119,33,3,9.1,5,861|3479|5468,RUNX1|IGF1|PPARG,-1.5,0
1,0,0,0,0,0,-3.5,0,0,0,0,0,C1856689,M100000,1,0,DisGeNET,35,FRIEDREICH ATAXIA 1,,-3.5,23,8,30304,119,33,3,9.1,5,861|3479|5468,RUNX1|IGF1|PPARG,-1.5,0
1,0,0,0,0,0,-3.5,0,0,0,0,0,C1378511,M100000,1,0,DisGeNET,35,Undifferentiated leukemia,,-3.5,23,8,30304,120,33,3,9.1,5,861|3479|5468,RUNX1|IGF1|PPARG,-1.5,0
0,0,1,0,0,0,0,0,-3.5,0,0,0,C0349782,M001000,1,0,DisGeNET,35,Ischemic cardiomyopathy,,-3.5,23,8,30304,110,36,3,8.3,4.6,861|6319|6696,RUNX1|SCD|SPP1,-1.5,0
0,0,1,0,0,0,0,0,-3.5,0,0,0,C1842937,M001000,1,0,DisGeNET,35,"AURAL ATRESIA, CONGENITAL",,-3.5,23,8,30304,110,36,3,8.3,4.6,5621|5788|6696,PRNP|PTPRC|SPP1,-1.5,0
0,0,1,0,1,0,0,0,-3.5,0,-2.2,0,C0151779,M001010,2,0,DisGeNET,35,Cutaneous Melanoma,,-3.5,8.3,5.7,30304,507,36,5,14,5.8,2313|4286|6696|10397|81704,FLI1|MITF|SPP1|NDRG1|DOCK8,-1.5,0
1,0,0,0,0,0,-3.5,0,0,0,0,0,C1318544,M100000,1,0,DisGeNET,35,M5b Acute differentiated monocytic leukemia,,-3.5,23,7.9,30304,122,33,3,9.1,5,861|4542|5468,RUNX1|MYO1F|PPARG,-1.5,0
1,0,0,0,1,0,-3.2,0,0,0,-3.5,0,C0023487,M100010,2,0,DisGeNET,35,Acute Promyelocytic Leukemia,,-3.5,6.3,5.3,30304,651,44,6,14,5.2,1956|6256|27185|51176|65108|79971,EGFR|RXRA|DISC1|LEF1|MARCKSL1|WLS,-1.5,0
1,1,0,0,0,0,-3.5,-2.1,0,0,0,0,C0027404,M110000,2,0,DisGeNET,35,Narcolepsy,,-3.5,12,6.4,30304,308,33,4,12,5.7,2572|7409|27303|118788,GAD2|VAV1|RBMS3|PIK3AP1,-1.5,0
0,0,0,0,1,0,0,0,0,0,-3.5,0,C0345967,M000010,1,0,DisGeNET,35,Malignant mesothelioma,,-3.5,8.2,5.7,30304,420,44,5,11,4.8,1956|4052|6256|51090|51176,EGFR|LTBP1|RXRA|PLLP|LEF1,-1.5,0
1,0,0,0,0,0,-3.5,0,0,0,0,0,C1839259,M100000,1,0,DisGeNET,35,"Bulbo-Spinal Atrophy, X-Linked",,-3.5,22,7.7,30304,126,33,3,9.1,5,3479|4645|5468,IGF1|MYO5B|PPARG,-1.5,0
1,0,0,0,0,0,-3.5,0,0,0,0,0,C2700439,M100000,1,0,DisGeNET,35,MAJOR AFFECTIVE DISORDER 8,,-3.5,22,7.7,30304,126,33,3,9.1,5,2313|3479|6239,FLI1|IGF1|RREB1,-1.5,0
1,0,0,0,0,0,-3.5,0,0,0,0,0,C2700440,M100000,1,0,DisGeNET,35,MAJOR AFFECTIVE DISORDER 9,,-3.5,22,7.7,30304,126,33,3,9.1,5,2313|3479|6239,FLI1|IGF1|RREB1,-1.5,0
0,0,1,0,0,0,0,0,-3.5,0,0,0,C0085110,M001000,1,0,DisGeNET,35,Severe Combined Immunodeficiency,,-3.5,12,6.3,30304,284,36,4,11,5.2,3732|5788|54518|81704,CD82|PTPRC|APBB1IP|DOCK8,-1.5,0
0,0,0,0,1,0,0,0,0,0,-3.4,0,C1857276,M000010,1,0,DisGeNET,35,Trichohepatoenteric Syndrome,,-3.4,8.2,5.6,30304,422,44,5,11,4.8,4645|5139|6663|8671|10611,MYO5B|PDE3A|SOX10|SLC4A4|PDLIM5,-1.5,0
0,0,1,0,0,0,0,0,-3.4,0,0,0,C0234133,M001000,1,0,DisGeNET,35,Extrapyramidal sign,,-3.4,22,7.7,30304,116,36,3,8.3,4.6,4286|5052|5621,MITF|PRDX1|PRNP,-1.5,0
1,0,0,0,0,0,-3.4,0,0,0,0,0,C0239998,M100000,1,0,DisGeNET,35,Recurrent infections,,-3.4,22,7.7,30304,127,33,3,9.1,5,713|5468|84433,C1QB|PPARG|CARD11,-1.5,0
1,0,0,0,0,0,-3.4,0,0,0,0,0,C2700438,M100000,1,0,DisGeNET,35,MAJOR AFFECTIVE DISORDER 7,,-3.4,22,7.7,30304,127,33,3,9.1,5,2313|3479|6239,FLI1|IGF1|RREB1,-1.5,0
0,0,0,0,1,0,0,0,0,0,-3.4,0,C0270922,M000010,1,0,DisGeNET,35,Peripheral demyelinating neuropathy,,-3.4,22,7.7,30304,95,44,3,6.8,3.8,1956|6663|51090,EGFR|SOX10|PLLP,-1.5,0
0,0,0,0,1,0,0,0,0,0,-3.4,0,C0334588,M000010,1,0,DisGeNET,35,Giant Cell Glioblastoma,,-3.4,22,7.7,30304,95,44,3,6.8,3.8,864|1956|10215,RUNX3|EGFR|OLIG2,-1.5,0
1,0,0,0,0,0,-3.4,0,0,0,0,0,C0005940,M100000,1,0,DisGeNET,35,Bone Diseases,,-3.4,12,6.3,30304,317,33,4,12,5.7,3479|5468|6001|7474,IGF1|PPARG|RGS10|WNT5A,-1.5,0
0,0,1,0,0,0,0,0,-3.4,0,0,0,C1851585,M001000,1,0,DisGeNET,35,"MYELOPROLIFERATIVE DISORDER, CHRONIC, WITH EOSINOPHILIA",,-3.4,21,7.6,30304,119,36,3,8.3,4.6,6319|6696|57556,SCD|SPP1|SEMA6A,-1.5,0
0,0,0,0,1,0,0,0,0,0,-3.4,0,C0042834,M000010,1,0,DisGeNET,35,Vital capacity,,-3.4,8,5.6,30304,430,44,5,11,4.8,2070|3344|4052|9586|56288,EYA4|FOXN2|LTBP1|CREB5|PARD3,-1.5,0
1,0,0,0,0,0,-3.4,0,0,0,0,0,C0338451,M100000,1,0,DisGeNET,35,Frontotemporal dementia,,-3.4,11,6.2,30304,320,33,4,12,5.7,3479|6239|7474|27303,IGF1|RREB1|WNT5A|RBMS3,-1.4,0
1,0,1,0,1,0,-3.4,0,-3.2,0,-2.8,0,C0027708,M101010,3,0,DisGeNET,35,Nephroblastoma,,-3.4,7.8,5.5,30304,586,33,5,15,6.2,861|2313|3479|7474|83478,RUNX1|FLI1|IGF1|WNT5A|ARHGAP24,-1.4,0
0,1,1,0,0,0,0,-2.2,-3.4,0,0,0,C1837218,M011000,2,0,DisGeNET,35,"Cleft palate, isolated",,-3.4,11,6.2,30304,295,36,4,11,5.2,861|6696|6934|7314,RUNX1|SPP1|TCF7L2|UBB,-1.4,0
0,0,0,0,1,0,0,0,0,0,-3.4,0,C0015644,M000010,1,0,DisGeNET,35,Muscular fasciculation,,-3.4,21,7.6,30304,99,44,3,6.8,3.8,1956|6663|27185,EGFR|SOX10|DISC1,-1.4,0
0,1,0,0,0,0,0,-3.4,0,0,0,0,C3495676,M010000,1,0,DisGeNET,35,Anorectal Malformations,,-3.4,21,7.5,30304,112,39,3,7.7,4.3,5125|5156|154810,PCSK5|PDGFRA|AMOTL1,-1.4,0
0,0,1,0,0,0,0,0,-3.4,0,0,0,C0027697,M001000,1,0,DisGeNET,35,Nephritis,,-3.4,11,6.2,30304,296,36,4,11,5.2,2313|5788|6696|10320,FLI1|PTPRC|SPP1|IKZF1,-1.4,0
0,0,1,0,1,0,0,0,-3.4,0,-2.1,0,C0238198,M001010,2,0,DisGeNET,35,Gastrointestinal Stromal Tumors,,-3.4,7.8,5.5,30304,538,36,5,14,5.8,2313|4286|5788|6696|64399,FLI1|MITF|PTPRC|SPP1|HHIP,-1.4,0
0,0,1,0,0,0,0,0,-3.4,0,0,0,C1855179,M001000,1,0,DisGeNET,35,"CATARACT, ANTERIOR POLAR",,-3.4,20,7.4,30304,125,36,3,8.3,4.6,5788|6696|10397,PTPRC|SPP1|NDRG1,-1.4,0
1,0,0,0,0,0,-3.3,0,0,0,0,0,C0001206,M100000,1,0,DisGeNET,35,Acromegaly,,-3.3,20,7.4,30304,138,33,3,9.1,5,3479|5468|83478,IGF1|PPARG|ARHGAP24,-1.4,0
1,0,0,0,0,0,-3.3,0,0,0,0,0,C0034013,M100000,1,0,DisGeNET,35,Precocious Puberty,,-3.3,20,7.3,30304,139,33,3,9.1,5,2313|3479|5468,FLI1|IGF1|PPARG,-1.4,0
1,0,1,0,0,0,-3.3,0,-2.1,0,0,0,C0677607,M101000,2,0,DisGeNET,35,Hashimoto Disease,,-3.3,11,6.1,30304,335,33,4,12,5.7,2572|3479|5468|139818,GAD2|IGF1|PPARG|DOCK11,-1.4,0
1,0,0,0,0,0,-3.3,0,0,0,0,0,C0008487,M100000,1,0,DisGeNET,35,Chordoma,,-3.3,20,7.3,30304,140,33,3,9.1,5,3059|3479|255488,HCLS1|IGF1|RNF144B,-1.4,0
1,0,0,0,0,0,-3.3,0,0,0,0,0,C0850666,M100000,1,0,DisGeNET,35,Infection caused by Helicobacter pylori,,-3.3,11,6,30304,337,33,4,12,5.7,5468|10859|83478|139818,PPARG|LILRB1|ARHGAP24|DOCK11,-1.4,0
0,0,1,0,1,0,0,0,-3.3,0,-2.1,0,C4721806,M001010,2,0,DisGeNET,35,"Carcinoma, Basal Cell",,-3.3,7.6,5.4,30304,557,36,5,14,5.8,3732|5788|6934|10397|64399,CD82|PTPRC|TCF7L2|NDRG1|HHIP,-1.4,0
0,1,0,0,0,0,0,-3.3,0,0,0,0,C0016202,M010000,1,0,DisGeNET,35,Flatfoot,,-3.3,11,6,30304,285,39,4,10,4.9,5592|6335|10371|81848,PRKG1|SCN9A|SEMA3A|SPRY4,-1.4,0
1,0,1,0,0,0,-3.3,0,-2.2,0,0,0,C0037274,M101000,2,0,DisGeNET,35,Dermatologic disorders,,-3.3,7.5,5.3,30304,615,33,5,15,6.2,2313|3479|5468|5996|79651,FLI1|IGF1|PPARG|RGS1|RHBDF2,-1.4,0
1,0,1,0,0,0,-3.3,0,-2.1,0,0,0,C0038002,M101000,2,0,DisGeNET,35,Splenomegaly,,-3.3,11,6,30304,345,33,4,12,5.7,861|5468|6239|84433,RUNX1|PPARG|RREB1|CARD11,-1.4,0
1,0,0,0,0,0,-3.3,0,0,0,0,0,C0023485,M100000,1,0,DisGeNET,35,Precursor B-Cell Lymphoblastic Leukemia-Lymphoma,,-3.3,19,7.2,30304,145,33,3,9.1,5,861|29760|83478,RUNX1|BLNK|ARHGAP24,-1.4,0
1,0,0,0,0,0,-3.3,0,0,0,0,0,C1868683,M100000,1,0,DisGeNET,35,"B-CELL MALIGNANCY, LOW-GRADE",,-3.3,10,5.9,30304,350,33,4,12,5.7,3059|7409|50515|83478,HCLS1|VAV1|CHST11|ARHGAP24,-1.3,0
0,0,0,0,1,0,0,0,0,0,-3.3,0,C1861305,M000010,1,0,DisGeNET,35,TARSAL-CARPAL COALITION SYNDROME,,-3.3,11,5.9,30304,261,44,4,9.1,4.3,1956|65108|79971|131096,EGFR|MARCKSL1|WLS|KCNH8,-1.3,0
1,0,1,0,0,0,-3.2,0,-2.2,0,0,0,C4048329,M101000,2,0,DisGeNET,35,Immunosuppression,,-3.2,7.3,5.3,30304,632,33,5,15,6.2,2572|3479|5468|7409|54502,GAD2|IGF1|PPARG|VAV1|RBM47,-1.3,0
1,0,1,0,0,0,-3.2,0,-2.2,0,0,0,C0023465,M101000,2,0,DisGeNET,35,Acute monocytic leukemia,,-3.2,7.3,5.2,30304,633,33,5,15,6.2,861|4542|5468|6239|11214,RUNX1|MYO1F|PPARG|RREB1|AKAP13,-1.3,0
1,0,1,0,0,0,-2.3,0,-3.2,0,0,0,C0014457,M101000,2,0,DisGeNET,35,Eosinophilia,,-3.2,10,5.9,30304,325,36,4,11,5.2,861|4773|6696|81704,RUNX1|NFATC2|SPP1|DOCK8,-1.3,0
1,0,1,0,0,0,-2.3,0,-3.2,0,0,0,C1368683,M101000,2,0,DisGeNET,35,Epithelioma,,-3.2,10,5.8,30304,326,36,4,11,5.2,861|3732|6319|6696,RUNX1|CD82|SCD|SPP1,-1.3,0
1,0,1,0,0,0,-2.4,0,-3.2,0,0,0,C0018213,M101000,2,0,DisGeNET,35,Graves Disease,,-3.2,7.2,5.2,30304,585,36,5,14,5.8,5788|6319|6480|6696|60468,PTPRC|SCD|ST6GAL1|SPP1|BACH2,-1.3,0
0,0,0,0,1,0,0,0,0,0,-3.2,0,C0007095,M000010,1,0,DisGeNET,35,Carcinoid Tumor,,-3.2,10,5.8,30304,267,44,4,9.1,4.3,477|1956|65108|79971,ATP1A2|EGFR|MARCKSL1|WLS,-1.3,0
0,0,1,0,0,0,0,0,-3.2,0,0,0,C0242596,M001000,1,0,DisGeNET,35,"Neoplasm, Residual",,-3.2,10,5.8,30304,329,36,4,11,5.2,861|5788|6696|10320,RUNX1|PTPRC|SPP1|IKZF1,-1.3,0
1,0,0,0,0,0,-3.2,0,0,0,0,0,C4552000,M100000,1,0,DisGeNET,35,Episodic Kinesigenic Dyskinesia 1,,-3.2,18,7,30304,153,33,3,9.1,5,861|3479|5468,RUNX1|IGF1|PPARG,-1.3,0
1,0,0,0,0,0,-3.2,0,0,0,0,0,C0235527,M100000,1,0,DisGeNET,35,"Heart Failure, Right-Sided",,-3.2,18,6.9,30304,154,33,3,9.1,5,3479|5468|6239,IGF1|PPARG|RREB1,-1.3,0
1,0,1,0,0,0,-2.3,0,-3.2,0,0,0,C0085281,M101000,2,0,DisGeNET,35,Addictive Behavior,,-3.2,10,5.8,30304,332,36,4,11,5.2,861|2555|4286|6319,RUNX1|GABRA2|MITF|SCD,-1.3,0
0,0,0,0,1,0,0,0,0,0,-3.2,0,C0751396,M000010,1,0,DisGeNET,35,Well Differentiated Oligodendroglioma,,-3.2,10,5.8,30304,270,44,4,9.1,4.3,1956|6663|10215|116448,EGFR|SOX10|OLIG2|OLIG1,-1.3,0
0,0,1,0,0,0,0,0,-3.2,0,0,0,C0018021,M001000,1,0,DisGeNET,35,Goiter,,-3.2,18,6.9,30304,142,36,3,8.3,4.6,3732|6696|10397,CD82|SPP1|NDRG1,-1.3,0
1,0,0,0,0,0,-3.2,0,0,0,0,0,C0027022,M100000,1,0,DisGeNET,35,Myeloproliferative disease,,-3.2,10,5.8,30304,365,33,4,12,5.7,861|3059|5468|11214,RUNX1|HCLS1|PPARG|AKAP13,-1.3,0
1,0,0,0,0,0,-3.2,0,0,0,0,0,C0011303,M100000,1,0,DisGeNET,35,Demyelinating Diseases,,-3.2,18,6.9,30304,156,33,3,9.1,5,3479|5468|139818,IGF1|PPARG|DOCK11,-1.3,0
0,0,1,0,0,0,0,0,-3.2,0,0,0,C0002893,M001000,1,0,DisGeNET,35,Refractory anemias,,-3.2,9.9,5.7,30304,340,36,4,11,5.2,861|4336|6319|7025,RUNX1|MOBP|SCD|NR2F1,-1.3,0
0,0,1,0,0,0,0,0,-3.2,0,0,0,C0279606,M001000,1,0,DisGeNET,35,Childhood Hepatocellular Carcinoma,,-3.2,17,6.8,30304,146,36,3,8.3,4.6,3732|6480|6696,CD82|ST6GAL1|SPP1,-1.3,0
1,0,0,0,0,0,-3.2,0,0,0,0,0,C1970943,M100000,1,0,DisGeNET,35,MAJOR AFFECTIVE DISORDER 4,,-3.2,17,6.8,30304,160,33,3,9.1,5,2313|3479|6239,FLI1|IGF1|RREB1,-1.3,0
1,0,0,0,0,0,-3.2,0,0,0,0,0,C1970945,M100000,1,0,DisGeNET,35,MAJOR AFFECTIVE DISORDER 6,,-3.2,17,6.8,30304,160,33,3,9.1,5,2313|3479|6239,FLI1|IGF1|RREB1,-1.3,0
0,1,0,0,0,0,0,-3.2,0,0,0,0,C0162678,M010000,1,0,DisGeNET,35,Neurofibromatoses,,-3.2,17,6.8,30304,135,39,3,7.7,4.3,4781|4784|5156,NFIB|NFIX|PDGFRA,-1.3,0
0,0,1,0,0,0,0,0,-3.1,0,0,0,C0234632,M001000,1,0,DisGeNET,35,Reduced visual acuity,,-3.1,17,6.8,30304,147,36,3,8.3,4.6,4286|5052|7025,MITF|PRDX1|NR2F1,-1.3,0
1,0,0,0,0,0,-3.1,0,0,0,0,0,C1852197,M100000,1,0,DisGeNET,35,MAJOR AFFECTIVE DISORDER 1,,-3.1,17,6.8,30304,161,33,3,9.1,5,2313|3479|6239,FLI1|IGF1|RREB1,-1.3,0
0,0,0,0,1,0,0,0,0,0,-3.1,0,C0269102,M000010,1,0,DisGeNET,35,Endometrioma,,-3.1,9.9,5.7,30304,279,44,4,9.1,4.3,864|1956|5069|10090,RUNX3|EGFR|PAPPA|UST,-1.3,0
1,0,0,0,0,0,-3.1,0,0,0,0,0,C0024419,M100000,1,0,DisGeNET,35,Waldenstrom Macroglobulinemia,,-3.1,17,6.7,30304,162,33,3,9.1,5,3059|29760|83478,HCLS1|BLNK|ARHGAP24,-1.3,0
0,0,0,0,1,0,0,0,0,0,-3.1,0,C0028945,M000010,1,0,DisGeNET,35,oligodendroglioma,,-3.1,9.8,5.6,30304,282,44,4,9.1,4.3,1956|6663|10215|116448,EGFR|SOX10|OLIG2|OLIG1,-1.3,0
0,0,0,0,1,0,0,0,0,0,-3.1,0,C0334299,M000010,1,0,DisGeNET,35,Carcinoid tumor no ICD-O subtype,,-3.1,17,6.7,30304,122,44,3,6.8,3.8,1956|65108|79971,EGFR|MARCKSL1|WLS,-1.3,0
0,0,1,0,0,0,0,0,-3.1,0,0,0,C0279607,M001000,1,0,DisGeNET,35,Adult Hepatocellular Carcinoma,,-3.1,17,6.7,30304,150,36,3,8.3,4.6,3732|6480|6696,CD82|ST6GAL1|SPP1,-1.3,0
0,0,0,0,1,0,0,0,0,0,-3.1,0,C0205641,M000010,1,0,DisGeNET,35,"Adenocarcinoma, Basal Cell",,-3.1,17,6.7,30304,123,44,3,6.8,3.8,864|1956|51176,RUNX3|EGFR|LEF1,-1.2,0
0,0,1,0,0,0,0,0,-3.1,0,0,0,C0162820,M001000,1,0,DisGeNET,35,"Dermatitis, Allergic Contact",,-3.1,17,6.7,30304,151,36,3,8.3,4.6,6480|6696|10320,ST6GAL1|SPP1|IKZF1,-1.2,0
0,0,1,0,0,0,0,0,-3.1,0,0,0,C0333516,M001000,1,0,DisGeNET,35,Tumor necrosis,,-3.1,9.6,5.6,30304,350,36,4,11,5.2,4773|5788|6319|57556,NFATC2|PTPRC|SCD|SEMA6A,-1.2,0
1,0,0,0,0,0,-3.1,0,0,0,0,0,C0278595,M100000,1,0,DisGeNET,35,Adult Fibrosarcoma,,-3.1,9.5,5.6,30304,387,33,4,12,5.7,2313|3059|3479|79651,FLI1|HCLS1|IGF1|RHBDF2,-1.2,0
0,0,1,0,0,0,0,0,-3.1,0,0,0,C0014556,M001000,1,0,DisGeNET,35,"Epilepsy, Temporal Lobe",,-3.1,9.5,5.6,30304,354,36,4,11,5.2,2555|5052|5621|57556,GABRA2|PRDX1|PRNP|SEMA6A,-1.2,0
1,0,0,0,1,0,-2.9,0,0,0,-3.1,0,C1449563,M100010,2,0,DisGeNET,35,"Cardiomyopathy, Familial Idiopathic",,-3.1,5.4,4.7,30304,772,44,6,14,5.2,864|1956|2070|5139|10611|65108,RUNX3|EGFR|EYA4|PDE3A|PDLIM5|MARCKSL1,-1.2,0
1,0,0,0,1,0,-2.7,0,0,0,-3.1,0,C0007193,M100010,2,0,DisGeNET,35,"Cardiomyopathy, Dilated",,-3.1,6.7,5,30304,511,44,5,11,4.8,1956|2070|6256|10611|65108,EGFR|EYA4|RXRA|PDLIM5|MARCKSL1,-1.2,0
1,0,0,0,0,0,-3.1,0,0,0,0,0,C3714636,M100000,1,0,DisGeNET,35,Pneumonitis,,-3.1,6.6,4.9,30304,696,33,5,15,6.2,861|3479|5468|7474|84433,RUNX1|IGF1|PPARG|WNT5A|CARD11,-1.2,0
1,0,0,0,0,0,-3,0,0,0,0,0,C4551686,M100000,1,0,DisGeNET,35,Malignant neoplasm of soft tissue,,-3,6.6,4.9,30304,699,33,5,15,6.2,2313|3479|5468|6239|118788,FLI1|IGF1|PPARG|RREB1|PIK3AP1,-1.2,0
1,0,0,0,0,0,-3,0,0,0,0,0,C0028768,M100000,1,0,DisGeNET,35,Obsessive-Compulsive Disorder,,-3,16,6.5,30304,175,33,3,9.1,5,2572|3479|11214,GAD2|IGF1|AKAP13,-1.2,0
0,0,0,0,1,0,0,0,0,0,-3,0,C0020507,M000010,1,0,DisGeNET,35,Hyperplasia,,-3,16,6.5,30304,131,44,3,6.8,3.8,1956|5069|6256,EGFR|PAPPA|RXRA,-1.2,0
1,0,1,0,0,0,-2.3,0,-3,0,0,0,C1961099,M101000,2,0,DisGeNET,35,Precursor T-Cell Lymphoblastic Leukemia-Lymphoma,,-3,6.5,4.9,30304,644,36,5,14,5.8,861|3732|5788|6480|10320,RUNX1|CD82|PTPRC|ST6GAL1|IKZF1,-1.2,0
1,0,0,0,0,0,-3,0,0,0,0,0,C1762616,M100000,1,0,DisGeNET,35,"Meningioma, benign, no ICD-O subtype",,-3,9.1,5.4,30304,404,33,4,12,5.7,3479|27303|79651|83478,IGF1|RBMS3|RHBDF2|ARHGAP24,-1.2,0
1,0,0,0,0,0,-3,0,0,0,0,0,C0278877,M100000,1,0,DisGeNET,35,Adult Meningioma,,-3,9.1,5.4,30304,405,33,4,12,5.7,3479|27303|79651|83478,IGF1|RBMS3|RHBDF2|ARHGAP24,-1.2,0
1,0,0,0,0,0,-3,0,0,0,0,0,C0240066,M100000,1,0,DisGeNET,35,Iron deficiency,,-3,15,6.4,30304,178,33,3,9.1,5,3059|3479|5468,HCLS1|IGF1|PPARG,-1.2,0
1,0,0,0,0,0,-3,0,0,0,0,0,C3250443,M100000,1,0,DisGeNET,35,MYOTONIC DYSTROPHY 1,,-3,15,6.4,30304,178,33,3,9.1,5,2572|3479|10859,GAD2|IGF1|LILRB1,-1.2,0
0,0,0,0,1,0,0,0,0,0,-3,0,C0262587,M000010,1,0,DisGeNET,35,Parathyroid Adenoma,,-3,16,6.4,30304,133,44,3,6.8,3.8,1956|65108|79971,EGFR|MARCKSL1|WLS,-1.2,0
1,0,0,0,0,0,-3,0,0,0,0,0,C0278704,M100000,1,0,DisGeNET,35,Malignant Childhood Neoplasm,,-3,15,6.4,30304,179,33,3,9.1,5,861|3479|5468,RUNX1|IGF1|PPARG,-1.2,0
1,0,0,0,0,0,-3,0,0,0,0,0,C2936719,M100000,1,0,DisGeNET,35,Mechanical Allodynia,,-3,9,5.4,30304,408,33,4,12,5.7,2572|3059|3479|7474,GAD2|HCLS1|IGF1|WNT5A,-1.2,0
1,0,1,0,0,0,-3,0,-2.8,0,0,0,C0035309,M101000,2,0,DisGeNET,35,Retinal Diseases,,-3,6.4,4.8,30304,714,33,5,15,6.2,861|2572|3479|5468|7474,RUNX1|GAD2|IGF1|PPARG|WNT5A,-1.2,0
0,1,1,0,0,0,0,-2.9,-3,0,0,0,C2677123,M011000,2,0,DisGeNET,35,"COLORECTAL CANCER, SUSCEPTIBILITY TO, 3",,-3,15,6.4,30304,165,36,3,8.3,4.6,6934|64399|83857,TCF7L2|HHIP|TMTC1,-1.2,0
0,0,1,0,0,0,0,0,-3,0,0,0,C1261502,M001000,1,0,DisGeNET,35,Finding of Mean Corpuscular Hemoglobin,,-3,6.4,4.9,30304,653,36,5,14,5.8,861|4601|5788|10320|60468,RUNX1|MXI1|PTPRC|IKZF1|BACH2,-1.2,0
0,1,1,0,0,0,0,-2.9,-3,0,0,0,C1837315,M011000,2,0,DisGeNET,35,"COLORECTAL CANCER, SUSCEPTIBILITY TO, 1",,-3,15,6.3,30304,166,36,3,8.3,4.6,6934|64399|83857,TCF7L2|HHIP|TMTC1,-1.2,0
0,1,1,0,0,0,0,-2.9,-3,0,0,0,C2675481,M011000,2,0,DisGeNET,35,"COLORECTAL CANCER, SUSCEPTIBILITY TO, 10",,-3,15,6.3,30304,166,36,3,8.3,4.6,6934|64399|83857,TCF7L2|HHIP|TMTC1,-1.2,0
0,1,1,0,0,0,0,-2.9,-3,0,0,0,C3554460,M011000,2,0,DisGeNET,35,"COLORECTAL CANCER, SUSCEPTIBILITY TO, 12",,-3,15,6.3,30304,166,36,3,8.3,4.6,6934|64399|83857,TCF7L2|HHIP|TMTC1,-1.2,0
1,0,0,0,0,0,-3,0,0,0,0,0,C0016057,M100000,1,0,DisGeNET,35,Fibrosarcoma,,-3,8.9,5.3,30304,413,33,4,12,5.7,2313|3059|3479|79651,FLI1|HCLS1|IGF1|RHBDF2,-1.2,0
1,0,0,0,0,0,-3,0,0,0,0,0,C0036202,M100000,1,0,DisGeNET,35,Sarcoidosis,,-3,8.9,5.3,30304,413,33,4,12,5.7,3479|5468|6239|7903,IGF1|PPARG|RREB1|ST8SIA4,-1.2,0
1,0,1,0,0,0,-3,0,-2.9,0,0,0,C0017185,M101000,2,0,DisGeNET,35,Gastrointestinal Neoplasms,,-3,15,6.3,30304,182,33,3,9.1,5,2313|10859|83478,FLI1|LILRB1|ARHGAP24,-1.2,0
0,0,0,0,1,0,0,0,0,0,-3,0,C0598935,M000010,1,0,DisGeNET,35,Tumor Initiation,,-3,6.5,4.9,30304,533,44,5,11,4.8,864|1956|6663|10215|56288,RUNX3|EGFR|SOX10|OLIG2|PARD3,-1.2,0
0,0,0,0,1,0,0,0,0,0,-3,0,C0153392,M000010,1,0,DisGeNET,35,Malignant neoplasm of nasopharynx,,-3,15,6.3,30304,136,44,3,6.8,3.8,1956|65108|79971,EGFR|MARCKSL1|WLS,-1.2,0
0,1,0,0,0,0,0,-3,0,0,0,0,C0302142,M010000,1,0,DisGeNET,35,Deformity,,-3,8.9,5.3,30304,350,39,4,10,4.9,5649|10371|83439|283659,RELN|SEMA3A|TCF7L1|PRTG,-1.2,0
1,0,0,0,0,0,-3,0,0,0,0,0,C0678230,M100000,1,0,DisGeNET,35,Congenital Epicanthus,,-3,8.8,5.3,30304,417,33,4,12,5.7,2313|6239|7474|29760,FLI1|RREB1|WNT5A|BLNK,-1.2,0
1,0,0,0,0,0,-3,0,0,0,0,0,C1839839,M100000,1,0,DisGeNET,35,MAJOR AFFECTIVE DISORDER 2,,-3,15,6.3,30304,185,33,3,9.1,5,2313|3479|6239,FLI1|IGF1|RREB1,-1.2,0
0,0,1,0,0,0,0,0,-3,0,0,0,C0740457,M001000,1,0,DisGeNET,35,Malignant neoplasm of kidney,,-3,6.3,4.8,30304,664,36,5,14,5.8,861|4286|5052|6696|10397,RUNX1|MITF|PRDX1|SPP1|NDRG1,-1.2,0
0,1,0,0,0,0,0,-3,0,0,0,0,C0008925,M010000,1,0,DisGeNET,35,Cleft Palate,,-3,6.4,4.8,30304,611,39,5,13,5.4,5156|6934|10371|11023|81848,PDGFRA|TCF7L2|SEMA3A|VAX1|SPRY4,-1.2,0
0,0,1,0,0,0,0,0,-3,0,0,0,C0028043,M001000,1,0,DisGeNET,35,Nicotine Dependence,,-3,15,6.2,30304,170,36,3,8.3,4.6,2555|6934|57556,GABRA2|TCF7L2|SEMA6A,-1.1,0
1,0,0,0,0,0,-3,0,0,0,0,0,C0008370,M100000,1,0,DisGeNET,35,Cholestasis,,-3,8.7,5.3,30304,420,33,4,12,5.7,3479|4645|5468|79651,IGF1|MYO5B|PPARG|RHBDF2,-1.1,0
0,0,1,0,0,0,0,0,-3,0,0,0,C0205734,M001000,1,0,DisGeNET,35,"Diabetes, Autoimmune",,-3,15,6.2,30304,172,36,3,8.3,4.6,6934|60468|81704,TCF7L2|BACH2|DOCK8,-1.1,0
0,1,1,0,0,0,0,-2.8,-2.9,0,0,0,C0346629,M011000,2,0,DisGeNET,35,Malignant neoplasm of large intestine,,-2.9,15,6.2,30304,173,36,3,8.3,4.6,6934|64399|83857,TCF7L2|HHIP|TMTC1,-1.1,0
1,0,0,0,0,0,-2.9,0,0,0,0,0,C0018818,M100000,1,0,DisGeNET,35,Ventricular Septal Defects,,-2.9,8.6,5.2,30304,426,33,4,12,5.7,2313|3479|6239|7474,FLI1|IGF1|RREB1|WNT5A,-1.1,0
1,0,0,0,0,0,-2.9,0,0,0,0,0,C2362324,M100000,1,0,DisGeNET,35,Pediatric Obesity,,-2.9,14,6.1,30304,191,33,3,9.1,5,2572|3479|5468,GAD2|IGF1|PPARG,-1.1,0
1,0,0,0,0,0,-2.9,0,0,0,0,0,C0151526,M100000,1,0,DisGeNET,35,Premature Birth,,-2.9,14,6.1,30304,192,33,3,9.1,5,2313|4645|5468,FLI1|MYO5B|PPARG,-1.1,0
1,0,0,0,0,0,-2.9,0,0,0,0,0,C0751688,M100000,1,0,DisGeNET,35,Malignant Squamous Cell Neoplasm,,-2.9,14,6.1,30304,193,33,3,9.1,5,3479|27303|83478,IGF1|RBMS3|ARHGAP24,-1.1,0
0,0,0,0,1,0,0,0,0,0,-2.9,0,C0424678,M000010,1,0,DisGeNET,35,Lean body mass,,-2.9,14,6.1,30304,144,44,3,6.8,3.8,4052|5069|5139,LTBP1|PAPPA|PDE3A,-1.1,0
1,0,0,0,0,0,-2.9,0,0,0,0,0,C0016667,M100000,1,0,DisGeNET,35,Fragile X Syndrome,,-2.9,14,6.1,30304,194,33,3,9.1,5,3479|7903|27303,IGF1|ST8SIA4|RBMS3,-1.1,0
0,0,0,0,1,0,0,0,0,0,-2.9,0,C0238301,M000010,1,0,DisGeNET,35,Cancer of Nasopharynx,,-2.9,14,6.1,30304,145,44,3,6.8,3.8,1956|65108|79971,EGFR|MARCKSL1|WLS,-1.1,0
1,0,0,0,0,0,-2.9,0,0,0,0,0,C0023896,M100000,1,0,DisGeNET,35,Alcoholic Liver Diseases,,-2.9,14,6.1,30304,195,33,3,9.1,5,5468|7903|139818,PPARG|ST8SIA4|DOCK11,-1.1,0
0,0,0,0,1,0,0,0,0,0,-2.9,0,C0010606,M000010,1,0,DisGeNET,35,Adenoid Cystic Carcinoma,,-2.9,8.5,5.2,30304,325,44,4,9.1,4.3,864|1956|6663|51176,RUNX3|EGFR|SOX10|LEF1,-1.1,0
1,0,0,0,0,0,-2.9,0,0,0,0,0,C0015672,M100000,1,0,DisGeNET,35,Fatigue,,-2.9,6,4.7,30304,759,33,5,15,6.2,861|2572|3479|5468|29760,RUNX1|GAD2|IGF1|PPARG|BLNK,-1.1,0
0,0,1,0,0,0,0,0,-2.9,0,0,0,C0026985,M001000,1,0,DisGeNET,35,Myelodysplasia,,-2.9,14,6,30304,181,36,3,8.3,4.6,861|5788|51523,RUNX1|PTPRC|CXXC5,-1.1,0
1,0,1,0,0,0,-2.9,0,-2.7,0,0,0,C0030297,M101000,2,0,DisGeNET,35,Pancreatic Neoplasm,,-2.9,6,4.6,30304,764,33,5,15,6.2,2313|3479|5468|7409|7474,FLI1|IGF1|PPARG|VAV1|WNT5A,-1.1,0
0,0,1,0,0,0,0,0,-2.9,0,0,0,C0026918,M001000,1,0,DisGeNET,35,Mycobacterium Infections,,-2.9,14,6,30304,183,36,3,8.3,4.6,5052|6696|11076,PRDX1|SPP1|TPPP,-1.1,0
0,0,1,0,0,0,0,0,-2.9,0,0,0,C1266042,M001000,1,0,DisGeNET,35,Chromophobe Renal Cell Carcinoma,,-2.9,14,6,30304,185,36,3,8.3,4.6,3732|4286|10397,CD82|MITF|NDRG1,-1.1,0
0,0,1,0,0,0,0,0,-2.8,0,0,0,C2981150,M001000,1,0,DisGeNET,35,Uranostaphyloschisis,,-2.8,13,5.9,30304,190,36,3,8.3,4.6,861|6696|6934,RUNX1|SPP1|TCF7L2,-1,0
1,0,0,0,0,0,-2.8,0,0,0,0,0,C0553723,M100000,1,0,DisGeNET,35,Squamous cell carcinoma of skin,,-2.8,8,5,30304,458,33,4,12,5.7,861|5468|83478|84433,RUNX1|PPARG|ARHGAP24|CARD11,-1,0
0,0,1,0,0,0,0,0,-2.8,0,0,0,C0011265,M001000,1,0,DisGeNET,35,Presenile dementia,,-2.8,5.9,4.5,30304,718,36,5,14,5.8,5621|6319|6696|7314|64399,PRNP|SCD|SPP1|UBB|HHIP,-1,0
0,0,1,0,0,0,0,0,-2.8,0,0,0,C3665347,M001000,1,0,DisGeNET,35,Visual Impairment,,-2.8,8,5,30304,422,36,4,11,5.2,4286|5052|5621|10320,MITF|PRDX1|PRNP|IKZF1,-1,0
1,0,0,0,0,0,-2.8,0,0,0,0,0,C0349566,M100000,1,0,DisGeNET,35,Squamous cell carcinoma of tongue,,-2.8,8,5,30304,462,33,4,12,5.7,3059|7474|10859|27303,HCLS1|WNT5A|LILRB1|RBMS3,-1,0
1,0,0,0,0,0,-2.8,0,0,0,0,0,C4721414,M100000,1,0,DisGeNET,35,Mantle cell lymphoma,,-2.8,7.9,4.9,30304,466,33,4,12,5.7,3479|7474|83478|84433,IGF1|WNT5A|ARHGAP24|CARD11,-1,0
0,0,1,0,0,0,0,0,-2.8,0,0,0,C4552766,M001000,1,0,DisGeNET,35,Miscarriage,,-2.8,7.9,4.9,30304,426,36,4,11,5.2,3732|4601|5788|10397,CD82|MXI1|PTPRC|NDRG1,-1,0
1,0,1,0,0,0,-2.8,0,-2.7,0,0,0,C0236642,M101000,2,0,DisGeNET,35,Pick Disease of the Brain,,-2.8,13,5.8,30304,213,33,3,9.1,5,3479|7474|27303,IGF1|WNT5A|RBMS3,-1,0
0,0,1,0,0,0,0,0,-2.8,0,0,0,C0343641,M001000,1,0,DisGeNET,35,Human papilloma virus infection,,-2.8,7.9,4.9,30304,428,36,4,11,5.2,3732|5621|6696|81704,CD82|PRNP|SPP1|DOCK8,-1,0
0,0,0,0,1,0,0,0,0,0,-2.8,0,C0220615,M000010,1,0,DisGeNET,35,Adult Acute Myeloblastic Leukemia,,-2.8,13,5.8,30304,160,44,3,6.8,3.8,1956|65108|79971,EGFR|MARCKSL1|WLS,-1,0
0,0,1,0,0,0,0,0,-2.8,0,0,0,C0003962,M001000,1,0,DisGeNET,35,Ascites,,-2.8,13,5.7,30304,198,36,3,8.3,4.6,2313|6696|10397,FLI1|SPP1|NDRG1,-1,0
0,0,1,0,0,0,0,0,-2.8,0,0,0,C0035242,M001000,1,0,DisGeNET,35,Respiratory Tract Diseases,,-2.8,13,5.7,30304,198,36,3,8.3,4.6,861|5788|60468,RUNX1|PTPRC|BACH2,-1,0
0,0,1,0,0,0,0,0,-2.8,0,0,0,C3241937,M001000,1,0,DisGeNET,35,Nonalcoholic Steatohepatitis,,-2.8,7.8,4.9,30304,434,36,4,11,5.2,861|6696|6934|57556,RUNX1|SPP1|TCF7L2|SEMA6A,-1,0
1,0,0,0,0,0,-2.8,0,0,0,0,0,C0858252,M100000,1,0,DisGeNET,35,Breast adenocarcinoma,,-2.8,13,5.7,30304,219,33,3,9.1,5,3479|5468|10859,IGF1|PPARG|LILRB1,-1,0
1,0,1,0,0,0,-2.1,0,-2.8,0,0,0,C4529962,M101000,2,0,DisGeNET,35,Fatty Liver Disease,,-2.8,5.7,4.4,30304,741,36,5,14,5.8,861|6319|6696|6934|57556,RUNX1|SCD|SPP1|TCF7L2|SEMA6A,-1,0
1,0,0,0,0,0,-2.8,0,0,0,0,0,C0004763,M100000,1,0,DisGeNET,35,Barrett Esophagus,,-2.8,7.7,4.9,30304,478,33,4,12,5.7,3479|5468|7474|50515,IGF1|PPARG|WNT5A|CHST11,-1,0
1,0,1,0,0,0,-2.8,0,-2.6,0,0,0,C1292769,M101000,2,0,DisGeNET,35,Precursor B-cell lymphoblastic leukemia,,-2.8,7.7,4.9,30304,478,33,4,12,5.7,861|5468|29760|83478,RUNX1|PPARG|BLNK|ARHGAP24,-1,0
0,0,1,0,0,0,0,0,-2.8,0,0,0,C0745103,M001000,1,0,DisGeNET,35,Hyperlipoproteinemia Type IIa,,-2.8,13,5.7,30304,201,36,3,8.3,4.6,861|4286|57556,RUNX1|MITF|SEMA6A,-1,0
0,0,1,0,0,0,0,0,-2.7,0,0,0,C0020445,M001000,1,0,DisGeNET,35,"Hypercholesterolemia, Familial",,-2.7,12,5.6,30304,203,36,3,8.3,4.6,861|5788|57556,RUNX1|PTPRC|SEMA6A,-0.99,0
0,0,1,0,0,0,0,0,-2.7,0,0,0,C0028756,M001000,1,0,DisGeNET,35,"Obesity, Morbid",,-2.7,12,5.6,30304,203,36,3,8.3,4.6,6319|6696|80005,SCD|SPP1|DOCK5,-0.99,0
1,0,0,0,0,0,-2.7,0,0,0,0,0,C0019294,M100000,1,0,DisGeNET,35,"Hernia, Inguinal",,-2.7,12,5.6,30304,225,33,3,9.1,5,2313|6239|7474,FLI1|RREB1|WNT5A,-0.98,0
1,0,0,0,0,0,-2.7,0,0,0,0,0,C0036220,M100000,1,0,DisGeNET,35,Kaposi Sarcoma,,-2.7,7.5,4.8,30304,488,33,4,12,5.7,3479|5468|6239|27303,IGF1|PPARG|RREB1|RBMS3,-0.98,0
1,0,0,0,0,0,-2.7,0,0,0,0,0,C0231528,M100000,1,0,DisGeNET,35,Myalgia,,-2.7,12,5.6,30304,226,33,3,9.1,5,3479|5468|6239,IGF1|PPARG|RREB1,-0.97,0
1,0,1,0,0,0,-2.1,0,-2.7,0,0,0,C0151744,M101000,2,0,DisGeNET,35,Myocardial Ischemia,,-2.7,5.6,4.4,30304,756,36,5,14,5.8,861|5052|6319|6696|6934,RUNX1|PRDX1|SCD|SPP1|TCF7L2,-0.97,0
1,0,0,0,1,0,-2.4,0,0,0,-2.7,0,C0175754,M100010,2,0,DisGeNET,35,Agenesis of corpus callosum,,-2.7,5.6,4.4,30304,615,44,5,11,4.8,864|1956|6663|27185|51176,RUNX3|EGFR|SOX10|DISC1|LEF1,-0.97,0
1,0,0,0,0,0,-2.7,0,0,0,0,0,C0206754,M100000,1,0,DisGeNET,35,Neuroendocrine Tumors,,-2.7,7.5,4.8,30304,491,33,4,12,5.7,2313|3479|27303|79651,FLI1|IGF1|RBMS3|RHBDF2,-0.97,0
0,0,0,0,1,0,0,0,0,0,-2.7,0,C1519689,M000010,1,0,DisGeNET,35,Tumor Promotion,,-2.7,12,5.6,30304,170,44,3,6.8,3.8,1956|5069|10611,EGFR|PAPPA|PDLIM5,-0.97,0
0,0,1,0,0,0,0,0,-2.7,0,0,0,C3495559,M001000,1,0,DisGeNET,35,Juvenile arthritis,,-2.7,7.5,4.8,30304,450,36,4,11,5.2,5621|5788|6696|6934,PRNP|PTPRC|SPP1|TCF7L2,-0.97,0
0,0,1,0,0,0,0,0,-2.7,0,0,0,C1302401,M001000,1,0,DisGeNET,35,Adenoma of large intestine,,-2.7,7.4,4.8,30304,452,36,4,11,5.2,6696|6934|10397|64399,SPP1|TCF7L2|NDRG1|HHIP,-0.96,0
0,0,1,0,0,0,0,0,-2.7,0,0,0,C0005612,M001000,1,0,DisGeNET,35,Birth Weight,,-2.7,12,5.5,30304,214,36,3,8.3,4.6,4601|6934|64399,MXI1|TCF7L2|HHIP,-0.94,0
1,0,1,0,0,0,-2.7,0,-2.6,0,0,0,C0003507,M101000,2,0,DisGeNET,35,Aortic Valve Stenosis,,-2.7,12,5.5,30304,234,33,3,9.1,5,2313|3479|5468,FLI1|IGF1|PPARG,-0.94,0
1,0,0,0,0,0,-2.7,0,0,0,0,0,C0035372,M100000,1,0,DisGeNET,35,Rett Syndrome,,-2.7,12,5.5,30304,234,33,3,9.1,5,713|3479|6239,C1QB|IGF1|RREB1,-0.94,0
1,0,0,0,0,0,-2.7,0,0,0,0,0,C0280324,M100000,1,0,DisGeNET,35,Laryngeal Squamous Cell Carcinoma,,-2.7,7.3,4.7,30304,504,33,4,12,5.7,3479|7474|7903|10859,IGF1|WNT5A|ST8SIA4|LILRB1,-0.94,0
0,1,0,0,0,0,0,-2.7,0,0,0,0,C4049796,M010000,1,0,DisGeNET,35,Abnormality of cardiovascular system morphology,,-2.7,12,5.5,30304,198,39,3,7.7,4.3,4784|10371|81848,NFIX|SEMA3A|SPRY4,-0.94,0
1,0,0,0,0,0,-2.7,0,0,0,0,0,C2347748,M100000,1,0,DisGeNET,35,Adult Erythroleukemia,,-2.7,12,5.4,30304,236,33,3,9.1,5,861|2313|5468,RUNX1|FLI1|PPARG,-0.94,0
0,0,1,0,0,0,0,0,-2.7,0,0,0,C0024232,M001000,1,0,DisGeNET,35,Lymphatic Metastasis,,-2.7,7.3,4.7,30304,463,36,4,11,5.2,2313|3732|6696|64399,FLI1|CD82|SPP1|HHIP,-0.94,0
1,0,0,0,0,0,-2.7,0,0,0,0,0,C0014378,M100000,1,0,DisGeNET,35,Enterovirus Infections,,-2.7,12,5.4,30304,237,33,3,9.1,5,2572|6239|29760,GAD2|RREB1|BLNK,-0.94,0
1,0,0,0,0,0,-2.7,0,0,0,0,0,C4520840,M100000,1,0,DisGeNET,35,Erythroleukemia (Erythroid/Myeloid),,-2.7,12,5.4,30304,237,33,3,9.1,5,861|2313|5468,RUNX1|FLI1|PPARG,-0.94,0
0,0,0,0,1,0,0,0,0,0,-2.7,0,C0040517,M000010,1,0,DisGeNET,35,Gilles de la Tourette syndrome,,-2.7,12,5.4,30304,177,44,3,6.8,3.8,10215|10611|116448,OLIG2|PDLIM5|OLIG1,-0.93,0
0,0,1,0,0,0,0,0,-2.7,0,0,0,C0375023,M001000,1,0,DisGeNET,35,Respiratory syncytial virus (RSV) infection in conditions classified elsewhere and of unspecified site,,-2.7,7.2,4.7,30304,467,36,4,11,5.2,5788|6696|10397|57556,PTPRC|SPP1|NDRG1|SEMA6A,-0.93,0
1,0,1,0,0,0,-2.6,0,-2.5,0,0,0,C0023524,M101000,2,0,DisGeNET,35,"Leukoencephalopathy, Progressive Multifocal",,-2.6,11,5.4,30304,240,33,3,9.1,5,861|5468|29760,RUNX1|PPARG|BLNK,-0.93,0
0,0,1,0,0,0,0,0,-2.6,0,0,0,C0040028,M001000,1,0,DisGeNET,35,"Thrombocythemia, Essential",,-2.6,11,5.4,30304,220,36,3,8.3,4.6,2313|4773|6696,FLI1|NFATC2|SPP1,-0.92,0
1,1,1,0,1,0,-2.3,-2,-2.2,0,-2.6,0,C0085669,M111010,4,0,DisGeNET,35,Acute leukemia,,-2.6,5.4,4.3,30304,639,44,5,11,4.8,864|1956|51176|65108|79971,RUNX3|EGFR|LEF1|MARCKSL1|WLS,-0.92,0
0,0,0,0,1,0,0,0,0,0,-2.6,0,C1837249,M000010,1,0,DisGeNET,35,"Malformations of Cortical Development, Group II",,-2.6,11,5.4,30304,180,44,3,6.8,3.8,477|6663|23418,ATP1A2|SOX10|CRB1,-0.92,0
0,0,1,0,0,0,0,0,-2.6,0,0,0,C0268731,M001000,1,0,DisGeNET,35,Renal glomerular disease,,-2.6,11,5.4,30304,221,36,3,8.3,4.6,4286|6696|6934,MITF|SPP1|TCF7L2,-0.92,0
0,0,1,0,1,0,0,0,-2.6,0,-2.3,0,C0032927,M001010,2,0,DisGeNET,35,Precancerous Conditions,,-2.6,7.1,4.6,30304,471,36,4,11,5.2,861|5052|6480|6696,RUNX1|PRDX1|ST6GAL1|SPP1,-0.92,0
1,0,0,0,1,0,-2.6,0,0,0,-2.2,0,C0281361,M100010,2,0,DisGeNET,35,Adenocarcinoma of pancreas,,-2.6,7.1,4.6,30304,518,33,4,12,5.7,3479|6239|7474|10859,IGF1|RREB1|WNT5A|LILRB1,-0.91,0
0,0,1,0,0,0,0,0,-2.6,0,0,0,C0206687,M001000,1,0,DisGeNET,35,"Carcinoma, Endometrioid",,-2.6,11,5.3,30304,223,36,3,8.3,4.6,861|6696|10397,RUNX1|SPP1|NDRG1,-0.91,0
0,0,1,0,0,0,0,0,-2.6,0,0,0,C1306837,M001000,1,0,DisGeNET,35,Papillary Renal Cell Carcinoma,,-2.6,11,5.3,30304,223,36,3,8.3,4.6,3732|4286|10397,CD82|MITF|NDRG1,-0.91,0
1,0,0,0,0,0,-2.6,0,0,0,0,0,C1337013,M100000,1,0,DisGeNET,35,Differentiated Thyroid Gland Carcinoma,,-2.6,11,5.3,30304,245,33,3,9.1,5,3479|5468|83478,IGF1|PPARG|ARHGAP24,-0.91,0
0,0,1,0,0,0,0,0,-2.6,0,0,0,C0007129,M001000,1,0,DisGeNET,35,Merkel cell carcinoma,,-2.6,11,5.3,30304,226,36,3,8.3,4.6,2313|5788|10397,FLI1|PTPRC|NDRG1,-0.9,0
1,0,0,0,1,0,-2.6,0,0,0,-2.1,0,C0007570,M100010,2,0,DisGeNET,35,Celiac Disease,,-2.6,7,4.6,30304,527,33,4,12,5.7,861|2572|3479|5996,RUNX1|GAD2|IGF1|RGS1,-0.9,0
1,0,0,0,1,0,-2.1,0,0,0,-2.6,0,C0282160,M100010,2,0,DisGeNET,35,Aplasia Cutis Congenita,,-2.6,7,4.6,30304,392,44,4,9.1,4.3,864|1956|6663|51176,RUNX3|EGFR|SOX10|LEF1,-0.9,0
0,0,1,0,0,0,0,0,-2.6,0,0,0,C0268398,M001000,1,0,DisGeNET,35,Familial lichen amyloidosis,,-2.6,11,5.2,30304,230,36,3,8.3,4.6,5621|6696|10397,PRNP|SPP1|NDRG1,-0.89,0
1,0,0,0,0,0,-2.6,0,0,0,0,0,C0008350,M100000,1,0,DisGeNET,35,Cholelithiasis,,-2.6,11,5.2,30304,252,33,3,9.1,5,5468|6239|7903,PPARG|RREB1|ST8SIA4,-0.88,0
0,0,1,0,0,0,0,0,-2.6,0,0,0,C0004610,M001000,1,0,DisGeNET,35,Bacteremia,,-2.6,11,5.2,30304,232,36,3,8.3,4.6,6319|6696|57556,SCD|SPP1|SEMA6A,-0.88,0
0,0,0,0,1,0,0,0,0,0,-2.6,0,C0023520,M000010,1,0,DisGeNET,35,Leukodystrophy,,-2.6,11,5.2,30304,190,44,3,6.8,3.8,6663|10215|116448,SOX10|OLIG2|OLIG1,-0.87,0
1,0,0,0,1,0,-2.6,0,0,0,-2.1,0,C0392885,M100010,2,0,DisGeNET,35,High density lipoprotein measurement,,-2.6,6.7,4.5,30304,545,33,4,12,5.7,861|3479|4645|5468,RUNX1|IGF1|MYO5B|PPARG,-0.86,0
0,0,1,0,0,0,0,0,-2.5,0,0,0,C0024312,M001000,1,0,DisGeNET,35,Lymphopenia,,-2.5,11,5.1,30304,239,36,3,8.3,4.6,5788|6696|81704,PTPRC|SPP1|DOCK8,-0.85,0
0,0,1,0,0,0,0,0,-2.5,0,0,0,C0004943,M001000,1,0,DisGeNET,35,Behcet Syndrome,,-2.5,6.7,4.4,30304,502,36,4,11,5.2,861|6696|57556|60468,RUNX1|SPP1|SEMA6A|BACH2,-0.85,0
0,0,0,0,1,0,0,0,0,0,-2.5,0,C0278660,M000010,1,0,DisGeNET,35,Adult Synovial Sarcoma,,-2.5,10,5.1,30304,198,44,3,6.8,3.8,1956|6663|131096,EGFR|SOX10|KCNH8,-0.84,0
0,0,0,0,1,0,0,0,0,0,-2.5,0,C0279982,M000010,1,0,DisGeNET,35,Childhood Synovial Sarcoma,,-2.5,10,5.1,30304,198,44,3,6.8,3.8,1956|6663|131096,EGFR|SOX10|KCNH8,-0.84,0
1,0,1,0,0,0,-2.5,0,-2.4,0,0,0,C1262477,M101000,2,0,DisGeNET,35,Weight decreased,,-2.5,10,5,30304,271,33,3,9.1,5,2313|3479|79651,FLI1|IGF1|RHBDF2,-0.82,0
0,0,1,0,0,0,0,0,-2.5,0,0,0,C0553580,M001000,1,0,DisGeNET,35,Ewings sarcoma,,-2.5,6.5,4.4,30304,517,36,4,11,5.2,2313|3732|4773|5788,FLI1|CD82|NFATC2|PTPRC,-0.82,0
1,0,0,0,0,0,-2.5,0,0,0,0,0,C0030354,M100000,1,0,DisGeNET,35,Papilloma,,-2.5,10,5,30304,273,33,3,9.1,5,3479|5468|7903,IGF1|PPARG|ST8SIA4,-0.82,0
1,0,0,0,0,0,-2.5,0,0,0,0,0,C0747845,M100000,1,0,DisGeNET,35,early pregnancy,,-2.5,10,5,30304,273,33,3,9.1,5,3479|5468|7474,IGF1|PPARG|WNT5A,-0.82,0
0,0,0,0,1,0,0,0,0,0,-2.5,0,C0333983,M000010,1,0,DisGeNET,35,Hyperplastic Polyp,,-2.5,10,5,30304,204,44,3,6.8,3.8,864|1956|10215,RUNX3|EGFR|OLIG2,-0.82,0
0,0,0,0,1,0,0,0,0,0,-2.5,0,C0006287,M000010,1,0,DisGeNET,35,Bronchopulmonary Dysplasia,,-2.5,6.5,4.4,30304,423,44,4,9.1,4.3,1956|10611|27185|51176,EGFR|PDLIM5|DISC1|LEF1,-0.81,0
1,0,1,0,0,0,-2.5,0,-2.3,0,0,0,C0151650,M101000,2,0,DisGeNET,35,Renal fibrosis,,-2.5,6.4,4.3,30304,570,33,4,12,5.7,861|3479|5468|7474,RUNX1|IGF1|PPARG|WNT5A,-0.81,0
0,0,1,0,0,0,0,0,-2.5,0,0,0,C0030312,M001000,1,0,DisGeNET,35,Pancytopenia,,-2.5,10,4.9,30304,253,36,3,8.3,4.6,861|5788|10320,RUNX1|PTPRC|IKZF1,-0.81,0
0,0,1,0,0,0,0,0,-2.5,0,0,0,C0392514,M001000,1,0,DisGeNET,35,Hereditary hemochromatosis,,-2.5,9.9,4.9,30304,254,36,3,8.3,4.6,861|10397|64399,RUNX1|NDRG1|HHIP,-0.8,0
1,0,0,0,0,0,-2.5,0,0,0,0,0,C0020550,M100000,1,0,DisGeNET,35,Hyperthyroidism,,-2.5,9.9,4.9,30304,278,33,3,9.1,5,3479|5468|6239,IGF1|PPARG|RREB1,-0.8,0
0,0,1,0,0,0,0,0,-2.5,0,0,0,C0024131,M001000,1,0,DisGeNET,35,Lupus Vulgaris,,-2.5,6.4,4.3,30304,526,36,4,11,5.2,2313|5788|6696|60468,FLI1|PTPRC|SPP1|BACH2,-0.8,0
1,0,0,0,0,0,-2.5,0,0,0,0,0,C0085413,M100000,1,0,DisGeNET,35,"Polycystic Kidney, Autosomal Dominant",,-2.5,9.8,4.9,30304,280,33,3,9.1,5,861|3479|5468,RUNX1|IGF1|PPARG,-0.8,0
1,0,0,0,0,0,-2.5,0,0,0,0,0,C1865014,M100000,1,0,DisGeNET,35,Long philtrum,,-2.5,9.8,4.9,30304,282,33,3,9.1,5,2313|6239|7474,FLI1|RREB1|WNT5A,-0.79,0
0,0,0,0,1,0,0,0,0,0,-2.4,0,C0523465,M000010,1,0,DisGeNET,35,Serum albumin measurement,,-2.4,6.4,4.3,30304,433,44,4,9.1,4.3,1297|5069|8537|10090,COL9A1|PAPPA|BCAS1|UST,-0.79,0
0,0,1,0,0,0,0,0,-2.4,0,0,0,C0151786,M001000,1,0,DisGeNET,35,Muscle Weakness,,-2.4,6.3,4.3,30304,536,36,4,11,5.2,5621|6696|10397|342035,PRNP|SPP1|NDRG1|GLDN,-0.78,0
0,0,1,0,1,0,0,0,-2.4,0,-2.2,0,C0751690,M001010,2,0,DisGeNET,35,Malignant Peripheral Nerve Sheath Tumor,,-2.4,9.7,4.9,30304,261,36,3,8.3,4.6,4601|6696|51523,MXI1|SPP1|CXXC5,-0.78,0
0,0,0,0,1,0,0,0,0,0,-2.4,0,C3811653,M000010,1,0,DisGeNET,35,Experimental Organism Basal Cell Carcinoma,,-2.4,6.3,4.3,30304,437,44,4,9.1,4.3,864|1956|6663|51176,RUNX3|EGFR|SOX10|LEF1,-0.78,0
0,0,1,0,0,0,0,0,-2.4,0,0,0,C0002793,M001000,1,0,DisGeNET,35,Anaplasia,,-2.4,6.3,4.2,30304,538,36,4,11,5.2,4286|4773|6696|6934,MITF|NFATC2|SPP1|TCF7L2,-0.78,0
1,0,0,0,0,0,-2.4,0,0,0,0,0,C0266929,M100000,1,0,DisGeNET,35,Chronic Periodontitis,,-2.4,9.6,4.8,30304,287,33,3,9.1,5,3479|5468|7474,IGF1|PPARG|WNT5A,-0.78,0
1,0,0,0,0,0,-2.4,0,0,0,0,0,C0020534,M100000,1,0,DisGeNET,35,Orbital separation excessive,,-2.4,6.2,4.2,30304,590,33,4,12,5.7,2313|6239|7474|29760,FLI1|RREB1|WNT5A|BLNK,-0.78,0
1,0,0,0,0,0,-2.4,0,0,0,0,0,C0521525,M100000,1,0,DisGeNET,35,Short neck,,-2.4,9.6,4.8,30304,288,33,3,9.1,5,2313|6239|7474,FLI1|RREB1|WNT5A,-0.78,0
0,0,0,0,1,0,0,0,0,0,-2.4,0,C0023530,M000010,1,0,DisGeNET,35,Leukopenia,,-2.4,6.3,4.2,30304,440,44,4,9.1,4.3,1956|51176|65108|79971,EGFR|LEF1|MARCKSL1|WLS,-0.78,0
1,0,0,0,0,0,-2.4,0,0,0,0,0,C0005745,M100000,1,0,DisGeNET,35,Blepharoptosis,,-2.4,6.2,4.2,30304,595,33,4,12,5.7,2313|3479|6239|7474,FLI1|IGF1|RREB1|WNT5A,-0.77,0
0,0,1,0,0,0,0,0,-2.4,0,0,0,C0334037,M001000,1,0,DisGeNET,35,Intestinal metaplasia,,-2.4,9.5,4.8,30304,266,36,3,8.3,4.6,2313|3732|6696,FLI1|CD82|SPP1,-0.77,0
1,0,0,0,0,0,-2.4,0,0,0,0,0,C0162309,M100000,1,0,DisGeNET,35,Adrenoleukodystrophy,,-2.4,9.4,4.8,30304,294,33,3,9.1,5,3479|5468|7903,IGF1|PPARG|ST8SIA4,-0.76,0
1,0,0,0,0,0,-2.4,0,0,0,0,0,C0541764,M100000,1,0,DisGeNET,35,Delayed bone age,,-2.4,9.3,4.8,30304,295,33,3,9.1,5,3479|5468|7474,IGF1|PPARG|WNT5A,-0.76,0
0,0,1,0,0,0,0,0,-2.4,0,0,0,C0024138,M001000,1,0,DisGeNET,35,"Lupus Erythematosus, Discoid",,-2.4,6.1,4.2,30304,552,36,4,11,5.2,2313|5788|6696|60468,FLI1|PTPRC|SPP1|BACH2,-0.76,0
0,0,0,0,1,0,0,0,0,0,-2.4,0,C0006012,M000010,1,0,DisGeNET,35,Borderline Personality Disorder,,-2.4,9.3,4.8,30304,221,44,3,6.8,3.8,1956|10611|27185,EGFR|PDLIM5|DISC1,-0.76,0
1,0,0,0,0,0,-2.4,0,0,0,0,0,C0027962,M100000,1,0,DisGeNET,35,Melanocytic nevus,,-2.4,9.3,4.7,30304,297,33,3,9.1,5,5468|6239|83478,PPARG|RREB1|ARHGAP24,-0.76,0
1,0,0,0,0,0,-2.4,0,0,0,0,0,C0033377,M100000,1,0,DisGeNET,35,Ptosis,,-2.4,6.1,4.2,30304,607,33,4,12,5.7,2313|3479|6239|7474,FLI1|IGF1|RREB1|WNT5A,-0.76,0
0,1,0,0,1,0,0,-2.4,0,0,-2.2,0,C0149931,M010010,2,0,DisGeNET,35,Migraine Disorders,,-2.4,6.1,4.2,30304,512,39,4,10,4.9,4784|5592|57419|60495,NFIX|PRKG1|SLC24A3|HPSE2,-0.75,0
0,1,0,0,0,0,0,-2.4,0,0,0,0,C0020295,M010000,1,0,DisGeNET,35,Hydronephrosis,,-2.4,9.3,4.7,30304,252,39,3,7.7,4.3,10371|60495|79827,SEMA3A|HPSE2|CLMP,-0.75,0
0,0,1,0,1,0,0,0,-2.4,0,-2.1,0,C4284013,M001010,2,0,DisGeNET,35,Primary cholangiocarcinoma of intrahepatic biliary tract,,-2.4,9.2,4.7,30304,274,36,3,8.3,4.6,861|6696|57556,RUNX1|SPP1|SEMA6A,-0.75,0
0,0,1,0,0,0,0,0,-2.4,0,0,0,C0409974,M001000,1,0,DisGeNET,35,Lupus Erythematosus,,-2.4,6,4.1,30304,558,36,4,11,5.2,2313|5788|6696|60468,FLI1|PTPRC|SPP1|BACH2,-0.75,0
0,0,1,0,0,0,0,0,-2.4,0,0,0,C0033975,M001000,1,0,DisGeNET,35,Psychotic Disorders,,-2.4,6,4.1,30304,560,36,4,11,5.2,5621|5788|6696|11076,PRNP|PTPRC|SPP1|TPPP,-0.75,0
1,0,0,0,0,0,-2.4,0,0,0,0,0,C0023440,M100000,1,0,DisGeNET,35,Acute Erythroblastic Leukemia,,-2.4,9.1,4.7,30304,302,33,3,9.1,5,861|2313|5468,RUNX1|FLI1|PPARG,-0.75,0
0,0,1,0,0,0,0,0,-2.4,0,0,0,C2062441,M001000,1,0,DisGeNET,35,Influenza A,,-2.4,6,4.1,30304,562,36,4,11,5.2,5052|5621|6480|57556,PRDX1|PRNP|ST6GAL1|SEMA6A,-0.75,0
0,0,1,0,0,0,0,0,-2.4,0,0,0,C0497156,M001000,1,0,DisGeNET,35,Lymphadenopathy,,-2.4,9.1,4.7,30304,277,36,3,8.3,4.6,861|5788|6696,RUNX1|PTPRC|SPP1,-0.75,0
1,0,1,0,0,0,-2.4,0,-2.2,0,0,0,C0004623,M101000,2,0,DisGeNET,35,Bacterial Infections,,-2.4,6,4.1,30304,616,33,4,12,5.7,3479|5468|7474|27303,IGF1|PPARG|WNT5A|RBMS3,-0.74,0
0,0,1,0,0,0,0,0,-2.4,0,0,0,C0028259,M001000,1,0,DisGeNET,35,Nodule,,-2.4,9.1,4.7,30304,278,36,3,8.3,4.6,4286|4601|6696,MITF|MXI1|SPP1,-0.74,0
0,0,1,0,0,0,0,0,-2.3,0,0,0,C0017668,M001000,1,0,DisGeNET,35,Focal glomerulosclerosis,,-2.3,9,4.6,30304,281,36,3,8.3,4.6,5788|6696|64399,PTPRC|SPP1|HHIP,-0.74,0
0,1,0,0,0,0,0,-2.3,0,0,0,0,C0276496,M010000,1,0,DisGeNET,35,Familial Alzheimer Disease (FAD),,-2.3,9,4.6,30304,260,39,3,7.7,4.3,4781|4784|5649,NFIB|NFIX|RELN,-0.73,0
0,0,0,0,1,0,0,0,0,0,-2.3,0,C0282612,M000010,1,0,DisGeNET,35,Prostatic Intraepithelial Neoplasias,,-2.3,9,4.6,30304,230,44,3,6.8,3.8,1956|6256|56288,EGFR|RXRA|PARD3,-0.73,0
1,0,0,0,0,0,-2.3,0,0,0,0,0,C0740391,M100000,1,0,DisGeNET,35,Middle Cerebral Artery Occlusion,,-2.3,5.9,4.1,30304,626,33,4,12,5.7,2572|3479|5468|10859,GAD2|IGF1|PPARG|LILRB1,-0.73,0
1,0,1,0,0,0,-2.3,0,-2.2,0,0,0,C0011991,M101000,2,0,DisGeNET,35,Diarrhea,,-2.3,5.8,4,30304,631,33,4,12,5.7,3479|4645|7903|29760,IGF1|MYO5B|ST8SIA4|BLNK,-0.72,0
0,0,0,0,1,0,0,0,0,0,-2.3,0,C0345905,M000010,1,0,DisGeNET,35,Intrahepatic Cholangiocarcinoma,,-2.3,5.9,4.1,30304,470,44,4,9.1,4.3,864|1956|2070|8495,RUNX3|EGFR|EYA4|PPFIBP2,-0.72,0
0,0,1,0,0,0,0,0,-2.3,0,0,0,C0003130,M001000,1,0,DisGeNET,35,Anoxia,,-2.3,8.8,4.6,30304,287,36,3,8.3,4.6,5052|6319|10397,PRDX1|SCD|NDRG1,-0.72,0
1,0,0,0,0,0,-2.3,0,0,0,0,0,C0025286,M100000,1,0,DisGeNET,35,Meningioma,,-2.3,5.8,4,30304,634,33,4,12,5.7,3479|27303|79651|83478,IGF1|RBMS3|RHBDF2|ARHGAP24,-0.72,0
0,0,1,0,0,0,0,0,-2.3,0,0,0,C1306759,M001000,1,0,DisGeNET,35,Eosinophilic disorder,,-2.3,8.8,4.6,30304,288,36,3,8.3,4.6,861|4773|6696,RUNX1|NFATC2|SPP1,-0.72,0
1,0,1,0,0,0,-2.3,0,-2.2,0,0,0,C1275122,M101000,2,0,DisGeNET,35,Familial multiple trichoepitheliomata,,-2.3,8.7,4.5,30304,317,33,3,9.1,5,861|3479|5468,RUNX1|IGF1|PPARG,-0.71,0
1,0,0,0,0,0,-2.3,0,0,0,0,0,C3806482,M100000,1,0,DisGeNET,35,Recurrent respiratory infections,,-2.3,8.7,4.5,30304,318,33,3,9.1,5,2313|29760|84433,FLI1|BLNK|CARD11,-0.71,0
1,0,1,0,0,0,-2.3,0,-2.2,0,0,0,C0007682,M101000,2,0,DisGeNET,35,CNS disorder,,-2.3,8.6,4.5,30304,319,33,3,9.1,5,2572|3479|5468,GAD2|IGF1|PPARG,-0.7,0
0,0,1,0,0,0,0,0,-2.3,0,0,0,C0022665,M001000,1,0,DisGeNET,35,Kidney Neoplasm,,-2.3,8.6,4.5,30304,295,36,3,8.3,4.6,3732|4286|10397,CD82|MITF|NDRG1,-0.7,0
1,0,0,0,0,0,-2.3,0,0,0,0,0,C0220620,M100000,1,0,DisGeNET,35,Gastrointestinal Carcinoid Tumor,,-2.3,8.5,4.5,30304,323,33,3,9.1,5,2313|3479|5468,FLI1|IGF1|PPARG,-0.69,0
1,0,0,0,0,0,-2.3,0,0,0,0,0,C0085207,M100000,1,0,DisGeNET,35,Gestational Diabetes,,-2.3,5.7,4,30304,649,33,4,12,5.7,2572|3479|5468|6239,GAD2|IGF1|PPARG|RREB1,-0.69,0
0,0,0,0,1,0,0,0,0,0,-2.3,0,C0014474,M000010,1,0,DisGeNET,35,Ependymoma,,-2.3,8.5,4.5,30304,244,44,3,6.8,3.8,1956|6663|10215,EGFR|SOX10|OLIG2,-0.69,0
0,0,0,0,1,0,0,0,0,0,-2.3,0,C0018784,M000010,1,0,DisGeNET,35,Sensorineural Hearing Loss (disorder),,-2.3,4.4,3.7,30304,783,44,5,11,4.8,477|1297|2070|6663|23418,ATP1A2|COL9A1|EYA4|SOX10|CRB1,-0.69,0
0,0,1,0,0,0,0,0,-2.3,0,0,0,C0024314,M001000,1,0,DisGeNET,35,Lymphoproliferative Disorders,,-2.3,8.4,4.5,30304,300,36,3,8.3,4.6,5788|6696|10320,PTPRC|SPP1|IKZF1,-0.69,0
1,0,0,0,0,0,-2.3,0,0,0,0,0,C0019158,M100000,1,0,DisGeNET,35,Hepatitis,,-2.3,5.6,3.9,30304,656,33,4,12,5.7,3479|5468|29760|83478,IGF1|PPARG|BLNK|ARHGAP24,-0.69,0
1,0,0,0,0,0,-2.3,0,0,0,0,0,C0238462,M100000,1,0,DisGeNET,35,Medullary carcinoma of thyroid,,-2.3,8.3,4.4,30304,330,33,3,9.1,5,5468|6239|139818,PPARG|RREB1|DOCK11,-0.68,0
0,0,1,0,0,0,0,0,-2.3,0,0,0,C0000737,M001000,1,0,DisGeNET,35,Abdominal Pain,,-2.3,8.4,4.4,30304,302,36,3,8.3,4.6,4286|6696|10320,MITF|SPP1|IKZF1,-0.68,0
0,0,0,0,1,0,0,0,0,0,-2.3,0,C1510472,M000010,1,0,DisGeNET,35,Drug Dependence,,-2.3,8.3,4.4,30304,248,44,3,6.8,3.8,105|1956|27185,ADARB2|EGFR|DISC1,-0.67,0
0,0,0,0,1,0,0,0,0,0,-2.2,0,C0489786,M000010,1,0,DisGeNET,35,Height,,-2.2,8.3,4.4,30304,249,44,3,6.8,3.8,4052|5069|5139,LTBP1|PAPPA|PDE3A,-0.67,0
1,0,0,0,0,0,-2.2,0,0,0,0,0,C2316810,M100000,1,0,DisGeNET,35,Chronic kidney disease stage 5,,-2.2,5.5,3.9,30304,666,33,4,12,5.7,3479|5468|6239|7903,IGF1|PPARG|RREB1|ST8SIA4,-0.67,0
1,0,0,0,0,0,-2.2,0,0,0,0,0,C2347761,M100000,1,0,DisGeNET,35,Childhood Myelodysplastic Syndrome,,-2.2,8.2,4.4,30304,335,33,3,9.1,5,861|5468|83478,RUNX1|PPARG|ARHGAP24,-0.67,0
1,0,0,0,0,0,-2.2,0,0,0,0,0,C0026896,M100000,1,0,DisGeNET,35,Myasthenia Gravis,,-2.2,8.2,4.4,30304,336,33,3,9.1,5,3479|7409|10859,IGF1|VAV1|LILRB1,-0.67,0
0,0,0,0,1,0,0,0,0,0,-2.2,0,C4703473,M000010,1,0,DisGeNET,35,Atherosclerotic lesion,,-2.2,8.2,4.4,30304,253,44,3,6.8,3.8,1956|5069|6256,EGFR|PAPPA|RXRA,-0.66,0
0,1,1,0,0,0,0,-2.1,-2.2,0,0,0,C0027831,M011000,2,0,DisGeNET,35,Neurofibromatosis 1,,-2.2,8.1,4.4,30304,311,36,3,8.3,4.6,861|5788|6696,RUNX1|PTPRC|SPP1,-0.66,0
0,0,0,0,1,0,0,0,0,0,-2.2,0,C2745900,M000010,1,0,DisGeNET,35,Promyelocytic leukemia,,-2.2,8.1,4.3,30304,255,44,3,6.8,3.8,27185|65108|79971,DISC1|MARCKSL1|WLS,-0.65,0
1,0,0,0,0,0,-2.2,0,0,0,0,0,C0007112,M100000,1,0,DisGeNET,35,Adenocarcinoma of prostate,,-2.2,8.1,4.3,30304,342,33,3,9.1,5,3059|3479|5468,HCLS1|IGF1|PPARG,-0.65,0
1,0,0,0,0,0,-2.2,0,0,0,0,0,C1282496,M100000,1,0,DisGeNET,35,Metastasis from malignant tumor of prostate,,-2.2,8.1,4.3,30304,342,33,3,9.1,5,3479|7474|57713,IGF1|WNT5A|SFMBT2,-0.65,0
0,0,0,0,1,0,0,0,0,0,-2.2,0,C0206139,M000010,1,0,DisGeNET,35,"Lichen Planus, Oral",,-2.2,8,4.3,30304,257,44,3,6.8,3.8,1956|65108|79971,EGFR|MARCKSL1|WLS,-0.64,0
1,0,0,0,0,0,-2.2,0,0,0,0,0,C1328504,M100000,1,0,DisGeNET,35,Hormone refractory prostate cancer,,-2.2,5.4,3.8,30304,683,33,4,12,5.7,2572|5468|7474|10859,GAD2|PPARG|WNT5A|LILRB1,-0.64,0
1,0,0,0,0,0,-2.2,0,0,0,0,0,C0242383,M100000,1,0,DisGeNET,35,Age related macular degeneration,,-2.2,5.4,3.8,30304,685,33,4,12,5.7,3479|5468|6001|6239,IGF1|PPARG|RGS10|RREB1,-0.64,0
1,0,1,0,0,0,-2.2,0,-2.1,0,0,0,C0007785,M101000,2,0,DisGeNET,35,Cerebral Infarction,,-2.2,5.3,3.8,30304,687,33,4,12,5.7,3059|3479|5468|10859,HCLS1|IGF1|PPARG|LILRB1,-0.63,0
1,0,0,0,0,0,-2.2,0,0,0,0,0,C0034067,M100000,1,0,DisGeNET,35,Pulmonary Emphysema,,-2.2,7.8,4.3,30304,352,33,3,9.1,5,3479|5468|10859,IGF1|PPARG|LILRB1,-0.63,0
0,1,0,0,0,0,0,-2.2,0,0,0,0,C0264408,M010000,1,0,DisGeNET,35,Childhood asthma,,-2.2,7.7,4.2,30304,303,39,3,7.7,4.3,5156|27115|60495,PDGFRA|PDE7B|HPSE2,-0.61,0
0,0,0,0,1,0,0,0,0,0,-2.2,0,C0022578,M000010,1,0,DisGeNET,35,Keratoconus,,-2.2,7.7,4.2,30304,269,44,3,6.8,3.8,6256|23418|51090,RXRA|CRB1|PLLP,-0.61,0
0,0,0,0,1,0,0,0,0,0,-2.2,0,C0428474,M000010,1,0,DisGeNET,35,Serum LDL cholesterol measurement,,-2.2,7.7,4.2,30304,269,44,3,6.8,3.8,477|1297|6256,ATP1A2|COL9A1|RXRA,-0.61,0
1,0,0,0,0,0,-2.2,0,0,0,0,0,C0936223,M100000,1,0,DisGeNET,35,Metastatic Prostate Carcinoma,,-2.2,7.6,4.2,30304,362,33,3,9.1,5,3479|7474|57713,IGF1|WNT5A|SFMBT2,-0.61,0
0,0,0,0,1,0,0,0,0,0,-2.2,0,C0940937,M000010,1,0,DisGeNET,35,precancerous lesions,,-2.2,7.7,4.2,30304,270,44,3,6.8,3.8,864|1956|10611,RUNX3|EGFR|PDLIM5,-0.61,0
1,0,0,0,0,0,-2.1,0,0,0,0,0,C0221355,M100000,1,0,DisGeNET,35,Macrocephaly,,-2.1,7.5,4.1,30304,366,33,3,9.1,5,2313|7474|10859,FLI1|WNT5A|LILRB1,-0.6,0
1,0,0,0,0,0,-2.1,0,0,0,0,0,C0848558,M100000,1,0,DisGeNET,35,Hypospadias,,-2.1,7.5,4.1,30304,366,33,3,9.1,5,6239|7474|139818,RREB1|WNT5A|DOCK11,-0.6,0
0,0,0,0,1,0,0,0,0,0,-2.1,0,C1176475,M000010,1,0,DisGeNET,35,Ductal Carcinoma,,-2.1,7.6,4.2,30304,273,44,3,6.8,3.8,864|1956|6663,RUNX3|EGFR|SOX10,-0.6,0
0,0,1,0,0,0,0,0,-2.1,0,0,0,C0398650,M001000,1,0,DisGeNET,35,Immune thrombocytopenic purpura,,-2.1,7.5,4.1,30304,338,36,3,8.3,4.6,861|5788|10320,RUNX1|PTPRC|IKZF1,-0.59,0
1,0,0,0,0,0,-2.1,0,0,0,0,0,C0220605,M100000,1,0,DisGeNET,35,Adult Non-Hodgkin Lymphoma,,-2.1,7.4,4.1,30304,370,33,3,9.1,5,2857|83478|84433,GPR34|ARHGAP24|CARD11,-0.59,0
1,0,0,0,0,0,-2.1,0,0,0,0,0,C0086692,M100000,1,0,DisGeNET,35,Benign Neoplasm,,-2.1,7.4,4.1,30304,371,33,3,9.1,5,3479|7474|79651,IGF1|WNT5A|RHBDF2,-0.58,0
1,0,0,0,0,0,-2.1,0,0,0,0,0,C0220612,M100000,1,0,DisGeNET,35,Childhood Non-Hodgkin Lymphoma,,-2.1,7.4,4.1,30304,371,33,3,9.1,5,2857|83478|84433,GPR34|ARHGAP24|CARD11,-0.58,0
0,0,0,0,1,0,0,0,0,0,-2.1,0,C0029925,M000010,1,0,DisGeNET,35,Ovarian Carcinoma,,-2.1,5.1,3.7,30304,539,44,4,9.1,4.3,864|1956|5069|10611,RUNX3|EGFR|PAPPA|PDLIM5,-0.58,0
1,0,0,0,0,0,-2.1,0,0,0,0,0,C0220633,M100000,1,0,DisGeNET,35,Uveal melanoma,,-2.1,7.3,4.1,30304,375,33,3,9.1,5,861|3479|83478,RUNX1|IGF1|ARHGAP24,-0.57,0
1,0,0,0,0,0,-2.1,0,0,0,0,0,C0349204,M100000,1,0,DisGeNET,35,Nonorganic psychosis,,-2.1,7.3,4.1,30304,376,33,3,9.1,5,2572|3479|5468,GAD2|IGF1|PPARG,-0.57,0
1,0,0,0,0,0,-2.1,0,0,0,0,0,C0035078,M100000,1,0,DisGeNET,35,Kidney Failure,,-2.1,7.3,4.1,30304,378,33,3,9.1,5,2313|3479|5468,FLI1|IGF1|PPARG,-0.57,0
1,0,0,0,0,0,-2.1,0,0,0,0,0,C0149521,M100000,1,0,DisGeNET,35,"Pancreatitis, Chronic",,-2.1,7.3,4.1,30304,379,33,3,9.1,5,3059|3479|7903,HCLS1|IGF1|ST8SIA4,-0.56,0
0,0,0,0,1,0,0,0,0,0,-2.1,0,C0428472,M000010,1,0,DisGeNET,35,Serum HDL cholesterol measurement,,-2.1,7.3,4.1,30304,283,44,3,6.8,3.8,477|5139|6256,ATP1A2|PDE3A|RXRA,-0.56,0
1,0,0,0,0,0,-2.1,0,0,0,0,0,C0004135,M100000,1,0,DisGeNET,35,Ataxia Telangiectasia,,-2.1,7.2,4,30304,384,33,3,9.1,5,3479|5468|387882,IGF1|PPARG|C12orf75,-0.55,0
1,0,0,0,0,0,-2.1,0,0,0,0,0,C0008479,M100000,1,0,DisGeNET,35,Chondrosarcoma,,-2.1,7.2,4,30304,385,33,3,9.1,5,3479|5468|83478,IGF1|PPARG|ARHGAP24,-0.55,0
0,0,1,0,0,0,0,0,-2.1,0,0,0,C0024530,M001000,1,0,DisGeNET,35,Malaria,,-2.1,4.9,3.6,30304,684,36,4,11,5.2,5788|6696|11076|60468,PTPRC|SPP1|TPPP|BACH2,-0.54,0
1,0,0,0,0,0,-2.1,0,0,0,0,0,C0032584,M100000,1,0,DisGeNET,35,polyps,,-2.1,7.1,4,30304,390,33,3,9.1,5,3479|5468|7474,IGF1|PPARG|WNT5A,-0.54,0
0,0,0,0,1,0,0,0,0,0,-2.1,0,C0220668,M000010,1,0,DisGeNET,35,Congenital contractural arachnodactyly,,-2.1,4.9,3.6,30304,559,44,4,9.1,4.3,864|1956|8495|64344,RUNX3|EGFR|PPFIBP2|HIF3A,-0.54,0
0,0,0,0,1,0,0,0,0,0,-2.1,0,C0040100,M000010,1,0,DisGeNET,35,Thymoma,,-2.1,7.1,4,30304,291,44,3,6.8,3.8,864|1956|64344,RUNX3|EGFR|HIF3A,-0.54,0
1,0,0,0,0,0,-2.1,0,0,0,0,0,C0423110,M100000,1,0,DisGeNET,35,Downward slant of palpebral fissure,,-2.1,7,4,30304,391,33,3,9.1,5,2313|6239|7474,FLI1|RREB1|WNT5A,-0.54,0
1,0,0,0,0,0,-2.1,0,0,0,0,0,C1290884,M100000,1,0,DisGeNET,35,Inflammatory disorder,,-2.1,7,4,30304,391,33,3,9.1,5,2313|3479|5468,FLI1|IGF1|PPARG,-0.54,0
1,0,0,0,0,0,-2.1,0,0,0,0,0,C0220650,M100000,1,0,DisGeNET,35,Metastatic malignant neoplasm to brain,,-2.1,7,4,30304,392,33,3,9.1,5,3479|5468|10859,IGF1|PPARG|LILRB1,-0.54,0
0,0,0,0,1,0,0,0,0,0,-2,0,C0153633,M000010,1,0,DisGeNET,35,Malignant neoplasm of brain,,-2,7,4,30304,294,44,3,6.8,3.8,1956|10215|51176,EGFR|OLIG2|LEF1,-0.53,0
0,0,0,0,1,0,0,0,0,0,-2,0,C0042133,M000010,1,0,DisGeNET,35,Uterine Fibroids,,-2,4.8,3.5,30304,569,44,4,9.1,4.3,1956|4052|6256|10611,EGFR|LTBP1|RXRA|PDLIM5,-0.52,0
0,0,1,0,0,0,0,0,-2,0,0,0,C0024115,M001000,1,0,DisGeNET,35,Lung diseases,,-2,4.8,3.5,30304,700,36,4,11,5.2,861|6696|11076|81704,RUNX1|SPP1|TPPP|DOCK8,-0.52,0
0,0,0,0,1,0,0,0,0,0,-2,0,C0039101,M000010,1,0,DisGeNET,35,synovial sarcoma,,-2,6.9,3.9,30304,299,44,3,6.8,3.8,1956|6663|131096,EGFR|SOX10|KCNH8,-0.52,0
0,0,1,0,0,0,0,0,-2,0,0,0,C0409959,M001000,1,0,DisGeNET,35,"Osteoarthritis, Knee",,-2,6.9,3.9,30304,368,36,3,8.3,4.6,5621|6696|57556,PRNP|SPP1|SEMA6A,-0.51,0
1,0,0,0,0,0,-2,0,0,0,0,0,C1704272,M100000,1,0,DisGeNET,35,Benign Prostatic Hyperplasia,,-2,4.8,3.5,30304,770,33,4,12,5.7,2313|3479|5468|83478,FLI1|IGF1|PPARG|ARHGAP24,-0.51,0
0,0,1,0,0,0,0,0,-2,0,0,0,C0026691,M001000,1,0,DisGeNET,35,Mucocutaneous Lymph Node Syndrome,,-2,6.8,3.9,30304,370,36,3,8.3,4.6,4773|6480|57556,NFATC2|ST6GAL1|SEMA6A,-0.51,0
0,0,0,0,1,0,0,0,0,0,-2,0,C0027794,M000010,1,0,DisGeNET,35,Neural Tube Defects,,-2,6.8,3.9,30304,304,44,3,6.8,3.8,56288|65108|79971,PARD3|MARCKSL1|WLS,-0.5,0
