att_D_AD_1 - 0.9-1.1,att_D_AD_1 - 4.5-5.5,att_D_AD_1 - 9.0-11.0,_BACKGROUND
ABCB1,ADARB1,ARID3A,A1CF
ABHD3,ALX4,BCL3,A2M
ABR,ATF6,CEBPA,A2MP1
ABTB2,BACH1,CEBPB,A4GALT
ACSL1,ELF4,CUX1,AADACL2-AS1
ACSS1,ELK3,ETS1,AATK
ADAM28,ELK4,ETV5,ABCA1
ADAP2,EOMES,ETV6,ABCA10
ADGRE2,ETV6,FOXC1,ABCA12
ADGRF5,FLI1,FOXD1,ABCA2
ADGRV1,FOS,FOXQ1,ABCA6
ANGPT1,FOXC1,FRMD4B,ABCA8
ANLN,FOXC2,IRF2,ABCA9
APAF1,FOXD1,IRF5,ABCB1
APCDD1,FOXF2,KLF13,ABCB4
APOD,FOXK1,NFIB,ABCC4
AR,FOXL1,POU2F1,ABCC9
ARHGAP42,FOXO3,PRRX1,ABCG2
ARRB2,FOXQ1,RAD21,ABHD15
ARX,GATA3,RREB1,ABHD3
ATF1,HIC1,SOX5,ABI3
ATP11C,HIF1A,TAL1,ABI3BP
ATP13A4,IFNGR1,TBX15,ABL1
BACH1,IL13RA1,TBX21,ABLIM1
BACH2,INSIG1,TCF12,ABO
BAG3,IRF7,ZBTB7A,ABR
BCAN,JDP2,,ABTB2
BCL3,JUNB,,ACAA1
BCL6,JUND,,ACACB
BDP1,KLF10,,ACAD10
BEST3,KLF3,,ACADL
BICC1,KLF9,,ACAN
BMP7,LDLRAD4,,ACAP1
BMPR1B,LEF1,,ACER2
BNC2,MEF2A,,ACKR1
C12orf75,NFATC1,,ACKR3
CACHD1,NFATC4,,ACO1
CASP4,NFIC,,ACOT1
CASS4,NFKB2,,ACOT11
CCDC26,NR3C1,,ACP7
CCNT2,PGR,,ACSBG1
CD163,PID1,,ACSF2
CD34,PPARD,,ACSL1
CD44,PRDM6,,ACSL5
CD84,PRKCH,,ACSM3
CDC42EP4,PTMA,,ACSM5
CDH18,RCOR1,,ACSS1
CDKN1B,REL,,ACSS3
CEBPA,SAT1,,ACTA2
CEBPB,SOX13,,ACTL6A
CEBPD,SP3,,ACVR1
CEBPG,SP4,,ACVR1C
CFL2,SREBF2,,ACVRL1
CHD2,SRGAP2,,ADA
CHRDL1,SRRM3,,ADAM12
CHST11,STAT5A,,ADAM28
CLDN5,SUSD6,,ADAM33
CLEC1A,TBX2,,ADAMTS1
CLEC2B,TBX3,,ADAMTS12
CLEC7A,TCF12,,ADAMTS14
CLOCK,TCF4,,ADAMTS15
CNN3,TGFBR2,,ADAMTS17
CNP,VRK2,,ADAMTS18
CNTN2,XBP1,,ADAMTS19
CNTN4,ZEB1,,ADAMTS20
COL11A1,ZIC1,,ADAMTS3
COL9A1,,,ADAMTS4
CP,,,ADAMTS6
CPEB1,,,ADAMTS7
CREB3L2,,,ADAMTS9
CREB5,,,ADAMTS9-AS1
CRYAB,,,ADAMTS9-AS2
CSF3R,,,ADAMTSL1
CTCF,,,ADAMTSL2
CTNNA2,,,ADAMTSL3
CTNNB1,,,ADAMTSL4
CTSS,,,ADAP2
CTTNBP2NL,,,ADARB1
CUX1,,,ADARB2
CX3CR1,,,ADARB2-AS1
CXXC5,,,ADCY10P1
CYBA,,,ADCY2
CYFIP1,,,ADCY7
CYTH4,,,ADCY8
DCN,,,ADD3-AS1
DDX60L,,,ADGRA3
DENND3,,,ADGRD1
DGKH,,,ADGRE2
DHCR24,,,ADGRE4P
DIAPH2,,,ADGRE5
DISC1,,,ADGRF5
DLC1,,,ADGRG1
DLX1,,,ADGRG2
DLX2,,,ADGRG5
DLX6,,,ADGRG6
DMRT1,,,ADGRL2
DNAH7,,,ADGRL4
E2F2,,,ADGRV1
E2F6,,,ADH4
EFEMP1,,,ADIPOR2
EGR2,,,ADIRF
ELF1,,,ADM
ELF2,,,ADNP
ELF4,,,ADNP2
ELK1,,,ADORA2A-AS1
EML4,,,ADORA2B
ENPP6,,,ADPGK
ERBB3,,,ADRA1A
ERG,,,ADRA1B
ESRRA,,,ADRB2
ESRRG,,,AEBP1
ETS1,,,AEBP2
ETS2,,,AFAP1L1
ETV3,,,AFAP1L2
ETV5,,,AFF4
ETV6,,,AFMID
EVC2,,,AFP
EZH2,,,AGA
F3,,,AGAP2
FA2H,,,AGBL1
FAM110B,,,AGBL3
FAM189A2,,,AGER
FBLN1,,,AGGF1
FCGR2A,,,AGMAT
FGD3,,,AGMO
FLI1,,,AGT
FLT1,,,AGTRAP
FOS,,,AHCTF1
FOXD2,,,AHCY
FOXJ1,,,AHCYL1
FOXJ2,,,AHCYL2
FOXK1,,,AHDC1
FOXL1,,,AHNAK
FOXL2,,,AHR
FOXN2,,,AIDA
FOXN3,,,AIF1
FOXO1,,,AIF1L
FOXO3,,,AIM2
FRMPD2,,,AIRE
GAB3,,,AK7
GABPB1,,,AKAP12
GALNT10,,,AKAP13
GATA3,,,AKAP3
GATA4,,,AKNA
GATA6,,,AKR1A1
GEM,,,AKR1C2
GFI1,,,AKR1D1
GFI1B,,,ALDH1A1
GHR,,,ALDH1A2
GJA1,,,ALDH1L1
GNB4,,,ALDH1L1-AS2
GPC6,,,ALDH3B1
GRB10,,,ALK
GRB2,,,ALOX12P2
GRIK1,,,ALOX15B
GRIN2C,,,ALOX5
GTF2IRD1,,,ALOX5AP
HDAC1,,,ALPK1
HERC2P9,,,ALPK3
HERPUD1,,,ALPL
HES1,,,ALX3
HES7,,,ALX4
HIF1A,,,AMER2
HIF3A,,,AMOT
HIVEP1,,,AMOTL1
HLA-DPB1,,,AMOTL2
HPGDS,,,AMZ1
HS3ST4,,,AMZ2
HSF1,,,ANGPT1
HSPA1A,,,ANGPT2
HSPB8,,,ANGPTL4
HSPBAP1,,,ANK1
ID1,,,ANKDD1A
ID3,,,ANKFN1
ID4,,,ANKRD18A
IER3,,,ANKRD20A11P
IFI44,,,ANKRD22
IFNGR1,,,ANKRD30B
IGFBP7,,,ANKRD36BP1
IKZF1,,,ANKRD37
IL10RA,,,ANKRD44
IL17RA,,,ANKRD55
IL18R1,,,ANKRD65
IL1RAP,,,ANKS1A
IL6R,,,ANKUB1
IL6ST,,,ANLN
IRF1,,,ANO2
IRF2,,,ANO3
IRF3,,,ANO4
IRF6,,,ANO6
IRF7,,,ANOS1
IRF8,,,ANP32AP1
IRF9,,,ANTXR2
ITGA6,,,ANXA1
ITGAX,,,ANXA11
ITPR2,,,ANXA2
JDP2,,,ANXA3
JUN,,,ANXA5
JUNB,,,AOAH
JUND,,,AOX1
KANK1,,,APAF1
KCNIP1,,,APBB1IP
KCNK13,,,APCDD1
KCNQ1,,,APCDD1L
KDM4C,,,APEX1
KDM5A,,,APEX2
KLF11,,,APLF
KLF16,,,APLN
KLF3,,,APLNR
KLF8,,,APMAP
LAMA1,,,APOA1-AS
LDLRAD3,,,APOBEC2
LEF1,,,APOBEC3G
LGR5,,,APOC1
LHX6,,,APOD
LIMD1,,,APOE
LIMK2,,,APOL3
LIMS1,,,APOL6
LINC00320,,,APOLD1
LINC00836,,,AQP1
LINC01410,,,AQP4
LRCH1,,,AQP4-AS1
LRRC3B,,,AR
LYN,,,ARFGAP1
MAF,,,ARG1
MAFB,,,ARG2
MAFG,,,ARGFX
MAN2A1,,,ARHGAP10
MAP3K1,,,ARHGAP15
MAP3K8,,,ARHGAP18
MARCKSL1,,,ARHGAP22
MBNL2,,,ARHGAP24
MDFIC,,,ARHGAP25
MECOM,,,ARHGAP26
MEF2A,,,ARHGAP26-AS1
MEF2C,,,ARHGAP27
MEF2D,,,ARHGAP28
MEIS1,,,ARHGAP29
MERTK,,,ARHGAP30
MGST2,,,ARHGAP31
MID1IP1,,,ARHGAP31-AS1
MIS18BP1,,,ARHGAP4
MNT,,,ARHGAP42
MRC1,,,ARHGAP6
MS4A6A,,,ARHGAP9
MSN,,,ARHGDIB
MSR1,,,ARHGEF1
MYBL1,,,ARHGEF10L
MYC,,,ARHGEF26
MYO1F,,,ARHGEF26-AS1
MYO5B,,,ARHGEF28
MZF1,,,ARHGEF38
NABP1,,,ARHGEF4
NEK6,,,ARHGEF40
NFATC2,,,ARHGEF6
NFATC3,,,ARID3A
NFIA,,,ARID3B
NFIB,,,ARID3C
NFIL3,,,ARID5A
NFKB1,,,ARID5B
NKAIN3,,,ARL15
NKX2-2,,,ARL5A
NKX6-2,,,ARMC3
NPL,,,ARNT
NPSR1,,,ARNT2
NR1D1,,,ARNTL
NR1D2,,,ARNTL2
NR1H3,,,ARRB2
NR2C1,,,ARRDC2
NR2F1,,,ARRDC3
NR2F2,,,ARRDC3-AS1
NR3C1,,,ARRDC4
NR6A1,,,ARRDC5
NRF1,,,ARSI
NRP2,,,ARSJ
NTN1,,,ART4
NTNG1,,,ARX
OLMALINC,,,ASAP3
OLR1,,,ASB14
OPHN1,,,ASB18
OSMR,,,ASB4
P2RY12,,,ASCC1
PAPLN,,,ASCL1
PAPSS2,,,ASCL2
PARD3,,,ASH2L
PARVG,,,ASIC2
PAX6,,,ASIC4
PAX8,,,ASPA
PBX1,,,ASPH
PBX3,,,ASPN
PCDH9-AS2,,,ASPSCR1
PCSK5,,,ASTN2-AS1
PDE1C,,,ASZ1
PDE7B,,,ATAD3C
PELI1,,,ATE1-AS1
PFKFB3,,,ATF1
PHF8,,,ATF2
PHLDB1,,,ATF3
PIK3CD,,,ATF4
PLA2G4A,,,ATF5
PLAGL1,,,ATF6
PLCB2,,,ATF6B
PLCG2,,,ATF7
PLLP,,,ATG16L2
PLP1,,,ATOH7
PLPP3,,,ATOH8
POLR2A,,,ATOX1
POLR3G,,,ATP10A
POU2F1,,,ATP10B
POU2F2,,,ATP11A-AS1
POU3F4,,,ATP11C
POU5F1,,,ATP13A4
PPARA,,,ATP13A5
PPARD,,,ATP1A2
PPARGC1A,,,ATP1B3
PPP1R14A,,,ATP2A3
PRDM1,,,ATP2C2
PRDM16,,,ATP6V0D2
PRDM5,,,ATP7B
PRDM6,,,ATP8B1
PRELID2,,,ATP8B4
PREX2,,,ATP8B5P
PRKCH,,,ATRNL1
PRKY,,,AVEN
PRRX1,,,AXL
PSTPIP2,,,AZGP1
PTMA,,,B2M
PTPN22,,,B3GAT2
PTPRE,,,B3GNT5
PXDN,,,B4GALT1
PYHIN1,,,BAALC
RAB20,,,BAALC-AS1
RARA,,,BACE2
RARG,,,BACH1
RASAL3,,,BACH2
RASSF8,,,BAD
RBFOX2,,,BAG3
RCBTB2,,,BAIAP2L1
RCOR1,,,BAMBI
REL,,,BANK1
RELA,,,BANP
RFX1,,,BARD1
RFX4,,,BARX2
RGS10,,,BATF
RGS19,,,BATF3
RHOBTB1,,,BAX
RHOBTB3,,,BAZ1A
RNASEH2B-AS1,,,BBOX1
RREB1,,,BBOX1-AS1
RUNX1,,,BBX
RUNX3,,,BCAM
S100Z,,,BCAN
SALL3,,,BCAR3
SCIN,,,BCAS1
SDC2,,,BCAS2
SDC4,,,BCAT2
SEC14L1,,,BCHE
SEMA5A,,,BCL11A
SEMA6A,,,BCL11B
SH3TC1,,,BCL2
SIGLEC10,,,BCL2A1
SIGLEC8,,,BCL2L11
SIN3A,,,BCL2L12
SIRPB2,,,BCL2L14
SIX4,,,BCL3
SLAIN1,,,BCL6
SLC16A1,,,BCL6B
SLC19A3,,,BCLAF1
SLC2A5,,,BCYRN1
SLC39A10,,,BDNF
SLC39A8,,,BDNF-AS
SLC6A1,,,BDP1
SLC8A1,,,BEND7
SMAD2,,,BEST1
SMAD9,,,BEST3
SORBS2,,,BGN
SOX10,,,BHLHA15
SOX13,,,BHLHE22
SOX17,,,BHLHE40
SOX21,,,BHLHE41
SOX21-AS1,,,BICC1
SOX5,,,BIN2
SOX6,,,BIRC3
SOX7,,,BLM
SOX8,,,BLNK
SP1,,,BMF
SP110,,,BMP2
SP140L,,,BMP2K
SP2,,,BMP5
SP3,,,BMP6
SPTLC2,,,BMP7
SREBF1,,,BMPER
SREBF2,,,BMPR1B
SRF,,,BMX
SRGAP2-AS1,,,BNC1
SRGN,,,BNC2
SRRM3,,,BOC
ST18,,,BOK
ST6GAL1,,,BOK-AS1
STAT3,,,BOLL
STAT5A,,,BPTF
STAT6,,,BRCA1
STK10,,,BRCA2
STON2,,,BRF1
SUCLG2,,,BRF2
SV2C,,,BRINP3
SYK,,,BROX
SYTL3,,,BSG
TAF1,,,BST1
TAL1,,,BST2
TBC1D14,,,BSX
TBL1XR1,,,BTBD11
TBX1,,,BTBD16
TBX19,,,BTBD17
TCF12,,,BTG1
TCF3,,,BTG2
TCF7L1,,,BTG3
TCF7L2,,,BTK
TEAD4,,,BTN2A2
TEF,,,BTN3A1
TFAP2A,,,BTN3A2
TFCP2L1,,,BTNL9
TFE3,,,BVES
TG,,,BVES-AS1
TGFBR2,,,C10orf90
TGIF1,,,C11orf65
THAP1,,,C12orf42
THEMIS,,,C12orf56
THEMIS2,,,C12orf60
THRA,,,C12orf75
THRB,,,C17orf64
TLR10,,,C18orf54
TM6SF1,,,C19orf25
TMC8,,,C1QA
TMCC3,,,C1QB
TMEM132C,,,C1QC
TMEM98,,,C1QL1
TMIGD3,,,C1QTNF1
TMSB4X,,,C1QTNF7
TNC,,,C1R
TNFAIP3,,,C1RL
TNFRSF11A,,,C1orf112
TNS1,,,C1orf122
TOB1,,,C1orf162
TOX,,,C1orf195
TP53,,,C1orf54
TRIM28,,,C1orf56
TRIM38,,,C1orf87
TRIM56,,,C20orf197
TSPAN14,,,C21orf62
TYROBP,,,C21orf62-AS1
UQCRB,,,C21orf91
UTRN,,,C21orf91-OT1
VENTX,,,C22orf34
VSIG4,,,C2CD2
VWA2,,,C2orf76
XBP1,,,C2orf83
YBX3,,,C3
YY1,,,C3AR1
ZBTB20,,,C4BPA
ZBTB37,,,C4orf19
ZBTB7B,,,C4orf45
ZC3HAV1,,,C4orf48
ZEB1,,,C5
ZFAND6,,,C5AR1
ZFHX3,,,C5AR2
ZFP36L1,,,C5orf17
ZFP36L2,,,C5orf64
ZIC5,,,C7
ZKSCAN1,,,C7orf31
ZNF143,,,C7orf61
ZNF146,,,C8orf34
ZNF148,,,C8orf34-AS1
ZNF217,,,C9orf153
ZNF274,,,CA1
ZNF362,,,CA10
ZNF384,,,CA12
ZNF536,,,CA14
ZNF562,,,CA2
ZNF710,,,CA3
ZNF84,,,CA3-AS1
ZZZ3,,,CA4
,,,CA8
,,,CABLES1
,,,CABP4
,,,CACHD1
,,,CACNA2D3
,,,CACNB2
,,,CACNG4
,,,CACNG5
,,,CADPS2
,,,CAHM
,,,CALB2
,,,CALCB
,,,CALCR
,,,CALCRL
,,,CALD1
,,,CALN1
,,,CALR
,,,CAMK2G
,,,CAMKMT
,,,CANX
,,,CAP1
,,,CAPG
,,,CAPN13
,,,CAPN9
,,,CARD11
,,,CARD14
,,,CARD6
,,,CARD8
,,,CARD9
,,,CARF
,,,CARMN
,,,CARNS1
,,,CARTPT
,,,CASC15
,,,CASC17
,,,CASC19
,,,CASC6
,,,CASC9
,,,CASP1
,,,CASP10
,,,CASP4
,,,CASP7
,,,CASP8
,,,CASS4
,,,CAT
,,,CATSPERG
,,,CAV1
,,,CAV2
,,,CAV3
,,,CBFA2T2
,,,CBFB
,,,CBLB
,,,CBLN2
,,,CBX7
,,,CC2D2B
,,,CCBE1
,,,CCDC102B
,,,CCDC122
,,,CCDC13-AS1
,,,CCDC141
,,,CCDC15
,,,CCDC150
,,,CCDC152
,,,CCDC160
,,,CCDC168
,,,CCDC169-SOHLH2
,,,CCDC18
,,,CCDC190
,,,CCDC25
,,,CCDC26
,,,CCDC50
,,,CCDC60
,,,CCDC68
,,,CCDC69
,,,CCDC80
,,,CCDC88B
,,,CCDC88C
,,,CCDC97
,,,CCK
,,,CCL2
,,,CCL3
,,,CCL4
,,,CCL4L2
,,,CCL5
,,,CCNB2
,,,CCNB3
,,,CCND1
,,,CCND3
,,,CCNE2
,,,CCNG2
,,,CCNT2
,,,CCR1
,,,CD109
,,,CD14
,,,CD163
,,,CD163L1
,,,CD22
,,,CD226
,,,CD247
,,,CD274
,,,CD300A
,,,CD302
,,,CD320
,,,CD33
,,,CD34
,,,CD36
,,,CD37
,,,CD38
,,,CD4
,,,CD40
,,,CD44
,,,CD53
,,,CD55
,,,CD58
,,,CD59
,,,CD6
,,,CD63
,,,CD69
,,,CD72
,,,CD74
,,,CD82
,,,CD83
,,,CD84
,,,CD86
,,,CD9
,,,CD93
,,,CD96
,,,CDC14A
,,,CDC42EP1
,,,CDC42EP4
,,,CDC5L
,,,CDCA7L
,,,CDCP1
,,,CDH1
,,,CDH10
,,,CDH12
,,,CDH13
,,,CDH18
,,,CDH19
,,,CDH20
,,,CDH23
,,,CDH4
,,,CDH5
,,,CDH6
,,,CDH7
,,,CDH8
,,,CDH9
,,,CDHR3
,,,CDK18
,,,CDK19
,,,CDK2AP1
,,,CDK2AP2
,,,CDKN1A
,,,CDKN1B
,,,CDKN1C
,,,CDKN2A
,,,CDKN2B
,,,CDKN2B-AS1
,,,CDR2L
,,,CDX1
,,,CEACAM1
,,,CEACAM21
,,,CEBPA
,,,CEBPB
,,,CEBPD
,,,CEBPG
,,,CEBPZ
,,,CELF4
,,,CELF5
,,,CEMIP
,,,CENPB
,,,CENPBD1
,,,CENPE
,,,CENPF
,,,CENPP
,,,CENPQ
,,,CEP128
,,,CEP135
,,,CEP152
,,,CEP85
,,,CERCAM
,,,CERS2
,,,CERS3
,,,CERS4
,,,CERS5
,,,CERS6
,,,CFAP47
,,,CFAP54
,,,CFH
,,,CFL2
,,,CFLAR
,,,CFLAR-AS1
,,,CFTR
,,,CGNL1
,,,CH25H
,,,CHADL
,,,CHAMP1
,,,CHD1
,,,CHD2
,,,CHD7
,,,CHEK2
,,,CHI3L1
,,,CHL1-AS1
,,,CHMP1B2P
,,,CHODL
,,,CHRDL1
,,,CHRM2
,,,CHRM3
,,,CHRM3-AS2
,,,CHRM5
,,,CHRNA7
,,,CHST11
,,,CHST15
,,,CHST3
,,,CHST6
,,,CHST8
,,,CHST9
,,,CHSY1
,,,CHSY3
,,,CHURC1
,,,CIB1
,,,CIC
,,,CIITA
,,,CKMT1B
,,,CKS2
,,,CLCA4
,,,CLCN5
,,,CLDN10
,,,CLDN14
,,,CLDN15
,,,CLDN5
,,,CLDND1
,,,CLEC14A
,,,CLEC17A
,,,CLEC19A
,,,CLEC1A
,,,CLEC2A
,,,CLEC2B
,,,CLEC2D
,,,CLEC5A
,,,CLEC7A
,,,CLEC9A
,,,CLIC1
,,,CLIC2
,,,CLIC4
,,,CLIC5
,,,CLK1
,,,CLMN
,,,CLMP
,,,CLNK
,,,CLOCK
,,,CLSTN2
,,,CLTCL1
,,,CLU
,,,CLUL1
,,,CLYBL
,,,CMAHP
,,,CMKLR1
,,,CMTM3
,,,CMTM5
,,,CMTM6
,,,CMTM7
,,,CMTM8
,,,CNBD1
,,,CNDP1
,,,CNGA1
,,,CNN3
,,,CNOT3
,,,CNOT4
,,,CNOT6
,,,CNOT8
,,,CNP
,,,CNPY3
,,,CNR1
,,,CNTLN
,,,CNTN2
,,,CNTN3
,,,CNTN4
,,,CNTN5
,,,CNTN6
,,,CNTNAP3
,,,CNTNAP5
,,,COBLL1
,,,COL10A1
,,,COL11A1
,,,COL12A1
,,,COL13A1
,,,COL14A1
,,,COL15A1
,,,COL18A1
,,,COL1A2
,,,COL20A1
,,,COL21A1
,,,COL23A1
,,,COL24A1
,,,COL25A1
,,,COL27A1
,,,COL3A1
,,,COL4A1
,,,COL4A2
,,,COL4A3
,,,COL4A4
,,,COL4A5
,,,COL4A6
,,,COL5A2
,,,COL5A3
,,,COL6A2
,,,COL6A3
,,,COL6A6
,,,COL8A1
,,,COL8A2
,,,COL9A1
,,,COL9A2
,,,COL9A3
,,,COLEC12
,,,COLGALT1
,,,COLGALT2
,,,COPE
,,,COQ2
,,,CORO1B
,,,COTL1
,,,CP
,,,CPA1
,,,CPA6
,,,CPAMD8
,,,CPB1
,,,CPB2
,,,CPB2-AS1
,,,CPE
,,,CPEB1
,,,CPED1
,,,CPM
,,,CPNE4
,,,CPNE8
,,,CPO
,,,CPOX
,,,CPS1
,,,CPSF4
,,,CPT1A
,,,CPTP
,,,CPVL
,,,CPXM2
,,,CR1
,,,CRAT37
,,,CRB1
,,,CRB2
,,,CREB1
,,,CREB3
,,,CREB3L1
,,,CREB3L2
,,,CREB3L4
,,,CREB5
,,,CREBL2
,,,CREBZF
,,,CREM
,,,CRH
,,,CRHBP
,,,CRIM1
,,,CRISPLD1
,,,CRISPLD2
,,,CRLF1
,,,CRTC2
,,,CRTC3-AS1
,,,CRX
,,,CRYAB
,,,CRYBG3
,,,CSF1
,,,CSF1R
,,,CSF3R
,,,CSGALNACT1
,,,CSPG4
,,,CSRNP1
,,,CSRP1
,,,CSRP2
,,,CST3
,,,CSTF2
,,,CTBP1
,,,CTBP1-AS
,,,CTCF
,,,CTCFL
,,,CTD-2350J17.1
,,,CTDSP1
,,,CTH
,,,CTNNA2
,,,CTNNB1
,,,CTNS
,,,CTSB
,,,CTSC
,,,CTSH
,,,CTSL
,,,CTSO
,,,CTSS
,,,CTSZ
,,,CTTNBP2NL
,,,CUBN
,,,CUX1
,,,CUX2
,,,CX3CR1
,,,CXCL12
,,,CXCL14
,,,CXCL16
,,,CXCR4
,,,CXXC1
,,,CXXC5
,,,CYB5R1
,,,CYB5R2
,,,CYBA
,,,CYBRD1
,,,CYCS
,,,CYFIP1
,,,CYP1B1
,,,CYP1B1-AS1
,,,CYP27C1
,,,CYP39A1
,,,CYP3A5
,,,CYP4F12
,,,CYP4F3
,,,CYP7B1
,,,CYSLTR1
,,,CYSLTR2
,,,CYTH4
,,,CYTIP
,,,CYTL1
,,,CYYR1
,,,CYYR1-AS1
,,,DAAM2
,,,DAB1
,,,DAB2
,,,DACH1
,,,DACH2
,,,DAGLB
,,,DAP
,,,DAPK2
,,,DAPP1
,,,DAZAP1
,,,DAZAP2
,,,DBI
,,,DBP
,,,DBX2
,,,DCBLD1
,,,DCC
,,,DCDC2
,,,DCDC2C
,,,DCHS2
,,,DCLK2
,,,DCN
,,,DCST2
,,,DDAH1
,,,DDAH2
,,,DDB2
,,,DDIT3
,,,DDIT4
,,,DDO
,,,DDR2
,,,DDX20
,,,DDX21
,,,DDX3Y
,,,DDX4
,,,DDX43
,,,DDX53
,,,DDX60
,,,DDX60L
,,,DEAF1
,,,DEF6
,,,DENND1C
,,,DENND2A
,,,DENND2C
,,,DENND3
,,,DEPDC1B
,,,DEPDC7
,,,DEPTOR
,,,DERA
,,,DGAT2L6
,,,DGCR8
,,,DGKB
,,,DGKG
,,,DGKH
,,,DHCR24
,,,DHCR7
,,,DHRS3
,,,DHRS9
,,,DHX36
,,,DIAPH2
,,,DIAPH2-AS1
,,,DIAPH3
,,,DIDO1
,,,DIO1
,,,DIO2
,,,DIO2-AS1
,,,DIO3OS
,,,DIRC3
,,,DIS3
,,,DISC1
,,,DISC1FP1
,,,DISP1
,,,DKK2
,,,DLC1
,,,DLEU1
,,,DLEU7
,,,DLGAP1
,,,DLGAP1-AS5
,,,DLGAP2
,,,DLL1
,,,DLL4
,,,DLX1
,,,DLX2
,,,DLX4
,,,DLX5
,,,DLX6
,,,DLX6-AS1
,,,DMAP1
,,,DMBX1
,,,DMC1
,,,DMRT1
,,,DMRT2
,,,DMRT3
,,,DMRTA1
,,,DMRTA2
,,,DMRTC2
,,,DNAH11
,,,DNAH12
,,,DNAH17
,,,DNAH7
,,,DNAJA4
,,,DNAJB1
,,,DNAJC21
,,,DNAJC22
,,,DNM1P46
,,,DNM3OS
,,,DNMT1
,,,DNMT3A
,,,DNTTIP1
,,,DOCK11
,,,DOCK2
,,,DOCK4-AS1
,,,DOCK5
,,,DOCK6
,,,DOCK8
,,,DOCK9-AS1
,,,DOHH
,,,DOK1
,,,DOK3
,,,DOK6
,,,DPEP2
,,,DPF1
,,,DPF2
,,,DPP10-AS1
,,,DPP10-AS3
,,,DPRX
,,,DPYD-AS1
,,,DPYSL3
,,,DPYSL5
,,,DR1
,,,DRAIC
,,,DRAM1
,,,DRAP1
,,,DRGX
,,,DSC2
,,,DSCAM
,,,DSP
,,,DTHD1
,,,DTL
,,,DTNA
,,,DTX3L
,,,DUOX1
,,,DUS2
,,,DUS3L
,,,DUSP1
,,,DUSP10
,,,DUSP16
,,,DUSP2
,,,DUSP22
,,,DUSP26
,,,DUSP5
,,,DUSP6
,,,DUX4
,,,DUXA
,,,DYSF
,,,E2F1
,,,E2F2
,,,E2F3
,,,E2F4
,,,E2F5
,,,E2F6
,,,E2F7
,,,E2F8
,,,E4F1
,,,EAF2
,,,EBF1
,,,EBF2
,,,EBF3
,,,EBF4
,,,EBI3
,,,ECHDC3
,,,ECM2
,,,ECSIT
,,,ECT2
,,,EDA
,,,EDA2R
,,,EDN1
,,,EDNRA
,,,EDNRB
,,,EDNRB-AS1
,,,EEF1B2
,,,EEF1D
,,,EFCAB13
,,,EFCAB14-AS1
,,,EFEMP1
,,,EFHD1
,,,EFNA1
,,,EFNA5
,,,EFS
,,,EGFEM1P
,,,EGFL7
,,,EGFLAM
,,,EGFR
,,,EGLN3
,,,EGR1
,,,EGR2
,,,EGR3
,,,EGR4
,,,EHBP1L1
,,,EHD4
,,,EHF
,,,EIF4A3
,,,EIF5A2
,,,ELAVL2
,,,ELF1
,,,ELF2
,,,ELF3
,,,ELF4
,,,ELF5
,,,ELK1
,,,ELK3
,,,ELK4
,,,ELL2
,,,ELMO1-AS1
,,,ELN
,,,ELOVL1
,,,ELOVL2
,,,ELOVL5
,,,ELOVL7
,,,EMB
,,,EMC10
,,,EMCN
,,,EMID1
,,,EMILIN1
,,,EMILIN2
,,,EML3
,,,EML4
,,,EMP1
,,,EMP2
,,,EMP3
,,,EMX1
,,,EMX2
,,,EMX2OS
,,,EN2
,,,ENG
,,,ENO1
,,,ENO4
,,,ENOSF1
,,,ENOX2
,,,ENPEP
,,,ENPP1
,,,ENPP2
,,,ENPP6
,,,ENTHD1
,,,ENTPD1
,,,ENTPD1-AS1
,,,ENTPD2
,,,EOMES
,,,EP300
,,,EPAS1
,,,EPB41L4A
,,,EPHA1-AS1
,,,EPHA2
,,,EPHA3
,,,EPHA5
,,,EPHA6
,,,EPHA7
,,,EPHB1
,,,EPHX1
,,,EPN2
,,,EPN2-AS1
,,,EPOR
,,,EPS8
,,,EPSTI1
,,,ERAP2
,,,ERBB3
,,,ERCC6L
,,,ERG
,,,ERI1
,,,ERMAP
,,,ERMN
,,,ERN1
,,,ERRFI1
,,,ESAM
,,,ESR1
,,,ESR2
,,,ESRP1
,,,ESRRA
,,,ESRRB
,,,ESRRG
,,,ESYT2
,,,ETFB
,,,ETNPPL
,,,ETS1
,,,ETS2
,,,ETV1
,,,ETV2
,,,ETV3
,,,ETV4
,,,ETV5
,,,ETV6
,,,ETV7
,,,EVC2
,,,EVI2A
,,,EVI2B
,,,EWSR1
,,,EXO5
,,,EXPH5
,,,EYA1
,,,EYA2
,,,EYA4
,,,EYS
,,,EZH2
,,,EZR
,,,F11-AS1
,,,F11R
,,,F13A1
,,,F2R
,,,F3
,,,F8
,,,FA2H
,,,FAAP24
,,,FABP7
,,,FAM107A
,,,FAM107B
,,,FAM110B
,,,FAM111A
,,,FAM114A1
,,,FAM118A
,,,FAM124A
,,,FAM126A
,,,FAM149A
,,,FAM157A
,,,FAM160A1
,,,FAM167A
,,,FAM167A-AS1
,,,FAM177B
,,,FAM178B
,,,FAM181B
,,,FAM186A
,,,FAM189A2
,,,FAM20A
,,,FAM217A
,,,FAM222A-AS1
,,,FAM53A
,,,FAM53B-AS1
,,,FAM78A
,,,FAM89A
,,,FANCB
,,,FANCC
,,,FANK1
,,,FAP
,,,FAS
,,,FAT1
,,,FAT3
,,,FAT4
,,,FAU
,,,FAXDC2
,,,FBLN1
,,,FBLN2
,,,FBLN5
,,,FBN2
,,,FBXL19
,,,FBXL7
,,,FCER1G
,,,FCGBP
,,,FCGR1A
,,,FCGR1B
,,,FCGR1CP
,,,FCGR2A
,,,FCGR3A
,,,FCGRT
,,,FENDRR
,,,FER1L6
,,,FER1L6-AS1
,,,FER1L6-AS2
,,,FERMT1
,,,FERMT3
,,,FES
,,,FEZ1
,,,FEZF1
,,,FEZF2
,,,FGD2
,,,FGD3
,,,FGD4
,,,FGD5
,,,FGD6
,,,FGF1
,,,FGF10
,,,FGF13
,,,FGF14
,,,FGF2
,,,FGF20
,,,FGF7
,,,FGFR1
,,,FGFR3
,,,FGL1
,,,FGL2
,,,FGR
,,,FHL2
,,,FHL3
,,,FHL5
,,,FHOD1
,,,FIGLA
,,,FIGN
,,,FILIP1
,,,FILIP1L
,,,FIP1L1
,,,FIRRE
,,,FIS1
,,,FIZ1
,,,FKBP10
,,,FKBP5
,,,FLI1
,,,FLJ40194
,,,FLJ46284
,,,FLNA
,,,FLNC
,,,FLRT2
,,,FLT1
,,,FLT3
,,,FLVCR2
,,,FMN1
,,,FMNL1
,,,FMNL3
,,,FMO2
,,,FMO3
,,,FMO4
,,,FMO5
,,,FMO6P
,,,FN1
,,,FNDC3B
,,,FOLH1
,,,FOS
,,,FOSB
,,,FOSL1
,,,FOSL2
,,,FOXA3
,,,FOXB1
,,,FOXC1
,,,FOXC2
,,,FOXD1
,,,FOXD2
,,,FOXD4
,,,FOXD4L1
,,,FOXD4L3
,,,FOXD4L5
,,,FOXD4L6
,,,FOXF1
,,,FOXF2
,,,FOXH1
,,,FOXJ1
,,,FOXJ2
,,,FOXJ3
,,,FOXK1
,,,FOXK2
,,,FOXL1
,,,FOXL2
,,,FOXM1
,,,FOXN2
,,,FOXN3
,,,FOXN3-AS2
,,,FOXN4
,,,FOXO1
,,,FOXO3
,,,FOXO4
,,,FOXO6
,,,FOXP1
,,,FOXP1-AS1
,,,FOXP2
,,,FOXP3
,,,FOXP4
,,,FOXQ1
,,,FOXR1
,,,FOXS1
,,,FPR1
,,,FPR3
,,,FRAS1
,,,FREM1
,,,FREM2
,,,FRK
,,,FRMD3
,,,FRMD4B
,,,FRMD6
,,,FRMPD2
,,,FRMPD3
,,,FRMPD4
,,,FRRS1
,,,FRZB
,,,FSCN1
,,,FSHR
,,,FSIP2
,,,FSTL1
,,,FSTL4
,,,FSTL5
,,,FTH1
,,,FTL
,,,FUBP1
,,,FUT10
,,,FXYD5
,,,FYCO1
,,,FZD6
,,,G0S2
,,,GAB3
,,,GABPA
,,,GABPB1
,,,GABRA2
,,,GABRE
,,,GABRG1
,,,GABRG3
,,,GABRG3-AS1
,,,GACAT3
,,,GAD1
,,,GAD2
,,,GADD45A
,,,GADD45B
,,,GADD45G
,,,GAL3ST1
,,,GAL3ST4
,,,GALM
,,,GALNT10
,,,GALNT14
,,,GALNT15
,,,GALNT18
,,,GALNT6
,,,GALNTL6
,,,GALR1
,,,GAR1
,,,GAS1
,,,GAS2L3
,,,GAS6-AS1
,,,GATA1
,,,GATA2
,,,GATA2-AS1
,,,GATA3
,,,GATA4
,,,GATA6
,,,GATAD1
,,,GATAD2A
,,,GBE1
,,,GBP1
,,,GBP2
,,,GBP3
,,,GBP4
,,,GBX1
,,,GCH1
,,,GCM1
,,,GCM2
,,,GCNT1
,,,GCNT2
,,,GDNF
,,,GDNF-AS1
,,,GEM
,,,GFAP
,,,GFI1
,,,GFI1B
,,,GFRA1
,,,GGT5
,,,GHR
,,,GIMAP2
,,,GIMAP4
,,,GIMAP7
,,,GIMAP8
,,,GINS3
,,,GINS4
,,,GIPR
,,,GIT2
,,,GJA1
,,,GJB1
,,,GJB6
,,,GJC1
,,,GJC2
,,,GK
,,,GLA
,,,GLDC
,,,GLDN
,,,GLI1
,,,GLI2
,,,GLI3
,,,GLI4
,,,GLIPR1L1
,,,GLIPR2
,,,GLIS1
,,,GLIS2
,,,GLIS3
,,,GLOD5
,,,GLRA1
,,,GLRA2
,,,GLRX
,,,GLUL
,,,GLYATL1
,,,GLYCTK
,,,GM2A
,,,GMEB1
,,,GMEB2
,,,GMFG
,,,GMIP
,,,GMPR
,,,GNA13
,,,GNA14
,,,GNA14-AS1
,,,GNA15
,,,GNAL
,,,GNB4
,,,GNG11
,,,GNG12
,,,GNG12-AS1
,,,GNG4
,,,GNG8
,,,GNGT1
,,,GNLY
,,,GOLIM4
,,,GOT1
,,,GPAM
,,,GPANK1
,,,GPAT3
,,,GPBP1L1
,,,GPC4
,,,GPC5
,,,GPC5-AS1
,,,GPC5-AS2
,,,GPC6
,,,GPCPD1
,,,GPD1
,,,GPER1
,,,GPIHBP1
,,,GPM6A
,,,GPNMB
,,,GPR132
,,,GPR149
,,,GPR156
,,,GPR160
,,,GPR17
,,,GPR174
,,,GPR183
,,,GPR34
,,,GPR37
,,,GPR37L1
,,,GPR39
,,,GPR62
,,,GPR65
,,,GPR85
,,,GPRC5C
,,,GPRIN3
,,,GPSM3
,,,GPX1
,,,GPX3
,,,GRAMD1A
,,,GRAMD1C
,,,GRAP2
,,,GRAPL
,,,GRB10
,,,GRB2
,,,GREB1L
,,,GREM1
,,,GREM2
,,,GRHL1
,,,GRHL2
,,,GRHL3
,,,GRHPR
,,,GRIA1
,,,GRID1-AS1
,,,GRID2
,,,GRIK1
,,,GRIK2
,,,GRIK3
,,,GRIN2A
,,,GRIN2C
,,,GRIN3A
,,,GRIP1
,,,GRK5
,,,GRM1
,,,GRM3
,,,GRM7
,,,GRM8
,,,GRN
,,,GSDMD
,,,GSG1L
,,,GSN
,,,GSN-AS1
,,,GSTK1
,,,GSTP1
,,,GTF2A1
,,,GTF2A2
,,,GTF2B
,,,GTF2F1
,,,GTF2H3
,,,GTF2I
,,,GTF2IRD1
,,,GTF3A
,,,GTF3C2
,,,GTF3C5
,,,GTPBP1
,,,GTPBP6
,,,GULP1
,,,GXYLT2
,,,GYG2
,,,GYG2P1
,,,GYPC
,,,GZF1
,,,HACD1
,,,HADHB
,,,HAGLR
,,,HAMP
,,,HAP1
,,,HAPLN2
,,,HAS2
,,,HAS2-AS1
,,,HAVCR2
,,,HBB
,,,HBEGF
,,,HBP1
,,,HCFC1
,,,HCFC2
,,,HCG22
,,,HCK
,,,HCLS1
,,,HCN1
,,,HCP5
,,,HCRTR2
,,,HDAC1
,,,HDAC2
,,,HDAC3
,,,HDAC9
,,,HDDC2
,,,HDX
,,,HEATR5A
,,,HEBP2
,,,HECA
,,,HECW1
,,,HEG1
,,,HELB
,,,HELZ2
,,,HEPH
,,,HEPN1
,,,HERC2P2
,,,HERC2P3
,,,HERC2P9
,,,HERC5
,,,HERPUD1
,,,HES1
,,,HES2
,,,HES4
,,,HES5
,,,HES6
,,,HES7
,,,HESX1
,,,HEY1
,,,HEY2
,,,HEYL
,,,HFE
,,,HGF
,,,HHAT
,,,HHEX
,,,HHIP
,,,HIC1
,,,HIC2
,,,HIF1A
,,,HIF3A
,,,HIGD1B
,,,HINFP
,,,HIP1
,,,HIRIP3
,,,HIVEP1
,,,HIVEP2
,,,HIVEP3
,,,HK2
,,,HKDC1
,,,HLA-A
,,,HLA-B
,,,HLA-DMB
,,,HLA-DPA1
,,,HLA-DPB1
,,,HLA-DQA1
,,,HLA-DQB1
,,,HLA-DRA
,,,HLA-DRB1
,,,HLA-DRB5
,,,HLA-E
,,,HLA-F
,,,HLCS
,,,HLF
,,,HLTF
,,,HLX
,,,HLX-AS1
,,,HMBOX1
,,,HMCN1
,,,HMG20A
,,,HMG20B
,,,HMGA1
,,,HMGA2
,,,HMGB1
,,,HMGB2
,,,HMGB3
,,,HMGB4
,,,HMGCS1
,,,HMGN2P46
,,,HMGXB3
,,,HMGXB4
,,,HMOX1
,,,HMSD
,,,HMX1
,,,HNF1A
,,,HNF1B
,,,HNF4A
,,,HNF4G
,,,HNMT
,,,HNRNPA0
,,,HNRNPC
,,,HNRNPH3
,,,HNRNPKP3
,,,HNRNPLL
,,,HNRNPUL1
,,,HOMER1
,,,HOMEZ
,,,HOXB3
,,,HOXC4
,,,HOXD1
,,,HOXD3
,,,HP1BP3
,,,HPGD
,,,HPGDS
,,,HPN
,,,HPN-AS1
,,,HPS3
,,,HPSE
,,,HPSE2
,,,HRH1
,,,HS3ST2
,,,HS3ST3A1
,,,HS3ST3B1
,,,HS3ST4
,,,HS3ST5
,,,HS6ST2
,,,HS6ST3
,,,HSD11B1
,,,HSF1
,,,HSF2
,,,HSF4
,,,HSF5
,,,HSFY2
,,,HSP90AA1
,,,HSPA12B
,,,HSPA1A
,,,HSPA1L
,,,HSPA2
,,,HSPA5
,,,HSPB1
,,,HSPB8
,,,HSPBAP1
,,,HSPD1
,,,HSPE1-MOB4
,,,HSPG2
,,,HSPH1
,,,HTATIP2
,,,HTR1E
,,,HTR1F
,,,HTR2B
,,,HTR2C
,,,HTR4
,,,HTR7
,,,HULC
,,,HUNK
,,,HYAL2
,,,ICAM1
,,,ICAM2
,,,ICOSLG
,,,ID1
,,,ID2
,,,ID3
,,,ID4
,,,IDI1
,,,IDI2-AS1
,,,IER2
,,,IER3
,,,IER5
,,,IFI16
,,,IFI27L2
,,,IFI44
,,,IFI44L
,,,IFIH1
,,,IFIT2
,,,IFIT3
,,,IFITM3
,,,IFNG-AS1
,,,IFNGR1
,,,IFNLR1
,,,IFRD1
,,,IGF1
,,,IGF2BP2
,,,IGFBP2
,,,IGFBP3
,,,IGFBP4
,,,IGFBP5
,,,IGFBP6
,,,IGFBP7
,,,IGFN1
,,,IGSF1
,,,IGSF11-AS1
,,,IGSF21
,,,IGSF6
,,,IKBIP
,,,IKBKE
,,,IKZF1
,,,IKZF2
,,,IKZF3
,,,IKZF4
,,,IKZF5
,,,IL10RA
,,,IL12RB2
,,,IL13RA1
,,,IL15
,,,IL15RA
,,,IL16
,,,IL17RA
,,,IL18
,,,IL18R1
,,,IL1B
,,,IL1R1
,,,IL1RAP
,,,IL1RAPL2
,,,IL21
,,,IL21R
,,,IL24
,,,IL26
,,,IL33
,,,IL4R
,,,IL6R
,,,IL6ST
,,,ILF2
,,,ILF3
,,,ING3
,,,ING4
,,,INHBA
,,,INPP4B
,,,INPP5D
,,,INPPL1
,,,INSC
,,,INSIG1
,,,INSM1
,,,INSM2
,,,IP6K3
,,,IPO13
,,,IPO9-AS1
,,,IQCA1
,,,IQCH
,,,IQCH-AS1
,,,IQCJ-SCHIP1
,,,IQGAP1
,,,IQGAP2
,,,IRAK2
,,,IRAK3
,,,IRAK4
,,,IRF1
,,,IRF2
,,,IRF3
,,,IRF4
,,,IRF5
,,,IRF6
,,,IRF7
,,,IRF8
,,,IRF9
,,,IRGM
,,,IRX2
,,,IRX4
,,,IRX6
,,,ISG15
,,,ISG20
,,,ISL2
,,,ISM1
,,,ISOC1
,,,ISYNA1
,,,ITGA1
,,,ITGA10
,,,ITGA11
,,,ITGA2
,,,ITGA4
,,,ITGA5
,,,ITGA6
,,,ITGA7
,,,ITGA8
,,,ITGAL
,,,ITGAM
,,,ITGAX
,,,ITGB2
,,,ITGB2-AS1
,,,ITGB4
,,,ITGB5
,,,ITGBL1
,,,ITIH5
,,,ITK
,,,ITM2A
,,,ITPKB
,,,ITPKC
,,,ITPR2
,,,ITPR3
,,,ITPRIP
,,,IVD
,,,IZUMO4
,,,JADE3
,,,JAG1
,,,JAK3
,,,JAM2
,,,JAZF1
,,,JDP2
,,,JOSD2
,,,JPH2
,,,JRK
,,,JRKL
,,,JUN
,,,JUNB
,,,JUND
,,,JUP
,,,KANK1
,,,KANK2
,,,KANK3
,,,KANK4
,,,KAT2B
,,,KAT7
,,,KAZN
,,,KBTBD12
,,,KC6
,,,KCNAB1
,,,KCNAB1-AS2
,,,KCNB2
,,,KCNC2
,,,KCND2
,,,KCNE1
,,,KCNE3
,,,KCNE4
,,,KCNH5
,,,KCNH7
,,,KCNH8
,,,KCNIP1
,,,KCNJ16
,,,KCNJ2
,,,KCNJ2-AS1
,,,KCNJ5
,,,KCNJ8
,,,KCNK13
,,,KCNK2
,,,KCNK6
,,,KCNMB1
,,,KCNMB2
,,,KCNMB2-AS1
,,,KCNMB4
,,,KCNN3
,,,KCNQ1
,,,KCNQ1OT1
,,,KCNQ3
,,,KCNQ5
,,,KCNS3
,,,KCNT2
,,,KCTD12
,,,KCTD16
,,,KCTD4
,,,KCTD8
,,,KCTD9
,,,KDM2A
,,,KDM2B
,,,KDM4A-AS1
,,,KDM4B
,,,KDM4C
,,,KDM4D
,,,KDM5A
,,,KDM5D
,,,KDM7A
,,,KDR
,,,KEL
,,,KHDRBS2
,,,KHDRBS3
,,,KIAA0040
,,,KIAA1217
,,,KIAA1755
,,,KIF13B
,,,KIF19
,,,KIF20B
,,,KIF22
,,,KIF26B
,,,KIF6
,,,KIT
,,,KITLG
,,,KIZ-AS1
,,,KLF10
,,,KLF11
,,,KLF12
,,,KLF13
,,,KLF15
,,,KLF16
,,,KLF17
,,,KLF2
,,,KLF3
,,,KLF4
,,,KLF5
,,,KLF6
,,,KLF7
,,,KLF8
,,,KLF9
,,,KLHL1
,,,KLHL13
,,,KLHL4
,,,KLHL6
,,,KLHL6-AS1
,,,KLK6
,,,KLRC4-KLRK1
,,,KLRD1
,,,KLRG1
,,,KMO
,,,KMT2A
,,,KMT2B
,,,KNOP1
,,,KREMEN1
,,,KYNU
,,,L3MBTL4-AS1
,,,LACC1
,,,LACTB2
,,,LAIR1
,,,LAMA1
,,,LAMA2
,,,LAMA3
,,,LAMA4
,,,LAMB1
,,,LAMB2
,,,LAMC1
,,,LAMC3
,,,LAMP2
,,,LANCL1-AS1
,,,LAP3
,,,LAPTM4A
,,,LAPTM5
,,,LARP1
,,,LARP4
,,,LAS1L
,,,LAT2
,,,LATS2
,,,LAYN
,,,LBH
,,,LBX2
,,,LCAT
,,,LCNL1
,,,LCOR
,,,LCORL
,,,LCP1
,,,LCP2
,,,LDB1
,,,LDB2
,,,LDB3
,,,LDLR
,,,LDLRAD3
,,,LDLRAD4
,,,LDLRAP1
,,,LEF1
,,,LEKR1
,,,LENG9
,,,LEPR
,,,LFNG
,,,LGALS1
,,,LGALS3
,,,LGALS3BP
,,,LGALS9
,,,LGI1
,,,LGI3
,,,LGMN
,,,LGR4
,,,LGR5
,,,LGR6
,,,LHFPL2
,,,LHFPL3
,,,LHFPL3-AS1
,,,LHFPL3-AS2
,,,LHX1
,,,LHX2
,,,LHX4
,,,LHX6
,,,LILRB1
,,,LILRB3
,,,LILRB4
,,,LIMD1
,,,LIMK2
,,,LIMS1
,,,LIMS2
,,,LIN28A
,,,LIN28B
,,,LINC00032
,,,LINC00159
,,,LINC00200
,,,LINC00240
,,,LINC00271
,,,LINC00276
,,,LINC00278
,,,LINC00290
,,,LINC00298
,,,LINC00299
,,,LINC00320
,,,LINC00326
,,,LINC00351
,,,LINC00378
,,,LINC00463
,,,LINC00467
,,,LINC00484
,,,LINC00499
,,,LINC00504
,,,LINC00507
,,,LINC00511
,,,LINC00534
,,,LINC00535
,,,LINC00536
,,,LINC00539
,,,LINC00540
,,,LINC00571
,,,LINC00578
,,,LINC00582
,,,LINC00598
,,,LINC00601
,,,LINC00607
,,,LINC00609
,,,LINC00612
,,,LINC00639
,,,LINC00640
,,,LINC00645
,,,LINC00649
,,,LINC00836
,,,LINC00840
,,,LINC00844
,,,LINC00861
,,,LINC00862
,,,LINC00865
,,,LINC00870
,,,LINC00877
,,,LINC00880
,,,LINC00886
,,,LINC00891
,,,LINC00899
,,,LINC00906
,,,LINC00907
,,,LINC00910
,,,LINC00922
,,,LINC00923
,,,LINC00924
,,,LINC00926
,,,LINC00940
,,,LINC00944
,,,LINC00945
,,,LINC00958
,,,LINC00960
,,,LINC00972
,,,LINC00996
,,,LINC01010
,,,LINC01023
,,,LINC01036
,,,LINC01053
,,,LINC01060
,,,LINC01088
,,,LINC01090
,,,LINC01091
,,,LINC01094
,,,LINC01098
,,,LINC01099
,,,LINC01117
,,,LINC01122
,,,LINC01135
,,,LINC01137
,,,LINC01141
,,,LINC01146
,,,LINC01151
,,,LINC01170
,,,LINC01182
,,,LINC01189
,,,LINC01194
,,,LINC01197
,,,LINC01202
,,,LINC01208
,,,LINC01221
,,,LINC01222
,,,LINC01237
,,,LINC01239
,,,LINC01241
,,,LINC01250
,,,LINC01258
,,,LINC01266
,,,LINC01285
,,,LINC01291
,,,LINC01299
,,,LINC01301
,,,LINC01320
,,,LINC01322
,,,LINC01331
,,,LINC01340
,,,LINC01344
,,,LINC01356
,,,LINC01358
,,,LINC01363
,,,LINC01375
,,,LINC01376
,,,LINC01378
,,,LINC01410
,,,LINC01411
,,,LINC01416
,,,LINC01422
,,,LINC01445
,,,LINC01470
,,,LINC01476
,,,LINC01478
,,,LINC01480
,,,LINC01482
,,,LINC01483
,,,LINC01500
,,,LINC01504
,,,LINC01505
,,,LINC01508
,,,LINC01549
,,,LINC01550
,,,LINC01554
,,,LINC01568
,,,LINC01572
,,,LINC01591
,,,LINC01605
,,,LINC01608
,,,LINC01619
,,,LINC01625
,,,LINGO2
,,,LIPC
,,,LIPE
,,,LIPG
,,,LITAF
,,,LIX1
,,,LLGL1
,,,LLGL2
,,,LMCD1
,,,LMCD1-AS1
,,,LMF1-AS1
,,,LMNA
,,,LMNTD1
,,,LMO1
,,,LMO2
,,,LMOD1
,,,LMX1A
,,,LMX1B
,,,LOXL2
,,,LOXL3
,,,LPAR1
,,,LPAR3
,,,LPAR4
,,,LPAR5
,,,LPAR6
,,,LPCAT2
,,,LPGAT1
,,,LPIN3
,,,LPL
,,,LPXN
,,,LRAT
,,,LRCH1
,,,LRFN5
,,,LRIG1
,,,LRIG3
,,,LRP10
,,,LRP2
,,,LRP4
,,,LRP4-AS1
,,,LRRC1
,,,LRRC32
,,,LRRC3B
,,,LRRC4C
,,,LRRC63
,,,LRRC69
,,,LRRC74A
,,,LRRC8A
,,,LRRC8D
,,,LRRFIP1
,,,LRRK1
,,,LRRK2
,,,LRRN1
,,,LRRTM4
,,,LRTM1
,,,LSM6
,,,LSMEM2
,,,LSR
,,,LST1
,,,LTB4R
,,,LTBP1
,,,LTBP2
,,,LTBR
,,,LTC4S
,,,LTF
,,,LUCAT1
,,,LURAP1L
,,,LURAP1L-AS1
,,,LUZP1
,,,LUZP2
,,,LY86
,,,LY86-AS1
,,,LY96
,,,LYL1
,,,LYN
,,,LYPD6
,,,LYPD6B
,,,LYPLAL1-AS1
,,,LYVE1
,,,LZTS1
,,,LZTS1-AS1
,,,LZTS2
,,,MAF
,,,MAFB
,,,MAFF
,,,MAFG
,,,MAFK
,,,MAG
,,,MAGEC3
,,,MAGEF1
,,,MAGI1-AS1
,,,MAGOH
,,,MAGT1
,,,MAL
,,,MALRD1
,,,MAMDC2
,,,MAMDC2-AS1
,,,MAML2
,,,MAML3
,,,MAN1A1
,,,MAN2A1
,,,MAN2B1
,,,MAOA
,,,MAOB
,,,MAP3K1
,,,MAP3K11
,,,MAP3K14
,,,MAP3K19
,,,MAP3K7CL
,,,MAP3K8
,,,MAP4K1
,,,MAP4K2
,,,MAP7D3
,,,MAPK1
,,,MAPK4
,,,MAPKAPK2
,,,MAPKAPK3
,,,MAPT-AS1
,,,MARCKSL1
,,,MASP1
,,,MATN1-AS1
,,,MATN2
,,,MAX
,,,MAZ
,,,MBD1
,,,MBD2
,,,MBNL1-AS1
,,,MBNL2
,,,MBNL3
,,,MBOAT1
,,,MBP
,,,MBTPS2
,,,MCAM
,,,MCC
,,,MCL1
,,,MCM3
,,,MCM5
,,,MCMDC2
,,,MCOLN2
,,,MCTP1
,,,MCTP2
,,,MDC1-AS1
,,,MDFIC
,,,MDM2
,,,MDS2
,,,MECOM
,,,MECP2
,,,MED30
,,,MEF2A
,,,MEF2C
,,,MEF2D
,,,MEGF10
,,,MEGF11
,,,MEI4
,,,MEIS1
,,,MEIS1-AS2
,,,MEIS2
,,,MEIS3
,,,MELK
,,,MEOX1
,,,MEOX2
,,,MEPE
,,,MERTK
,,,MESP1
,,,MESP2
,,,MET
,,,METAP1D
,,,METRN
,,,METRNL
,,,METTL14
,,,METTL3
,,,METTL7A
,,,MEX3C
,,,MFGE8
,,,MFHAS1
,,,MFNG
,,,MFSD2A
,,,MFSD4B
,,,MGA
,,,MGAM
,,,MGAT1
,,,MGAT4A
,,,MGAT4C
,,,MGME1
,,,MGP
,,,MGST1
,,,MGST2
,,,MIATNB
,,,MICALL1
,,,MID1
,,,MID1IP1
,,,MIDN
,,,MIEF1
,,,MILR1
,,,MIOS
,,,MIOX
,,,MIR17HG
,,,MIR2052HG
,,,MIR3142HG
,,,MIR31HG
,,,MIR325HG
,,,MIR34AHG
,,,MIR3681HG
,,,MIR4300HG
,,,MIR4435-2HG
,,,MIR4500HG
,,,MIR503HG
,,,MIR646HG
,,,MIR924HG
,,,MIS18BP1
,,,MITF
,,,MIXL1
,,,MKNK1
,,,MKNK1-AS1
,,,MKRN3
,,,MKX
,,,MLC1
,,,MLIP
,,,MLKL
,,,MLLT10
,,,MLX
,,,MLXIP
,,,MLXIPL
,,,MMD2
,,,MME
,,,MMP14
,,,MMP16
,,,MMP19
,,,MMP21
,,,MMP28
,,,MMRN1
,,,MMRN2
,,,MMS22L
,,,MN1
,,,MNDA
,,,MNT
,,,MNX1
,,,MOB3A
,,,MOB3B
,,,MOBP
,,,MOCOS
,,,MOG
,,,MORC1
,,,MORC4
,,,MORN1
,,,MOXD1
,,,MPPED2
,,,MPST
,,,MPZL1
,,,MR1
,,,MRC1
,,,MRC2
,,,MROH9
,,,MRPL1
,,,MRPL2
,,,MRPS25
,,,MS4A14
,,,MS4A4A
,,,MS4A6A
,,,MSANTD3
,,,MSC
,,,MSC-AS1
,,,MSI1
,,,MSI2
,,,MSN
,,,MSR1
,,,MSRA
,,,MSRB3
,,,MSX1
,,,MSX2
,,,MT1E
,,,MT1F
,,,MT1G
,,,MT1M
,,,MT2A
,,,MT3
,,,MTA3
,,,MTCP1
,,,MTERF1
,,,MTF1
,,,MTF2
,,,MTHFD1
,,,MTHFD1L
,,,MTHFD2
,,,MTMR8
,,,MTMR9LP
,,,MTRF1
,,,MTSS1
,,,MTUS2
,,,MUSK
,,,MVP
,,,MX1
,,,MX2
,,,MXD1
,,,MXD3
,,,MXD4
,,,MXI1
,,,MYB
,,,MYBL1
,,,MYBL2
,,,MYBPC1
,,,MYC
,,,MYCL
,,,MYCN
,,,MYCT1
,,,MYEF2
,,,MYH11
,,,MYH15
,,,MYH16
,,,MYH7B
,,,MYL12A
,,,MYL12B
,,,MYL3
,,,MYL6
,,,MYL9
,,,MYLIP
,,,MYLK
,,,MYNN
,,,MYO10
,,,MYO16
,,,MYO16-AS1
,,,MYO1B
,,,MYO1C
,,,MYO1D
,,,MYO1E
,,,MYO1F
,,,MYO5B
,,,MYO7A
,,,MYOCD
,,,MYOF
,,,MYOG
,,,MYOM1
,,,MYOT
,,,MYPOP
,,,MYRF
,,,MYRFL
,,,MYRIP
,,,MYT1
,,,MZF1
,,,MZF1-AS1
,,,NAA11
,,,NAALADL2-AS2
,,,NAALADL2-AS3
,,,NABP1
,,,NACAD
,,,NAGS
,,,NALCN-AS1
,,,NAMPT
,,,NANOG
,,,NANOGP8
,,,NANOS1
,,,NAP1L1
,,,NAPSB
,,,NAT8L
,,,NBPF14
,,,NCALD
,,,NCAN
,,,NCBP2
,,,NCF2
,,,NCF4
,,,NCK2
,,,NCKAP1L
,,,NCMAP
,,,NCOA1
,,,NCOA2
,,,NCOA3
,,,NCOA7-AS1
,,,NCOR1
,,,NCOR2
,,,NDC1
,,,NDE1
,,,NDNF
,,,NDP
,,,NDRG1
,,,NDRG2
,,,NDST3
,,,NDST4
,,,NDUFA4L2
,,,NDUFB7
,,,NDUFB9
,,,NEAT1
,,,NEB
,,,NECTIN2
,,,NEDD1
,,,NEDD4
,,,NEDD9
,,,NEK3
,,,NEK5
,,,NEK6
,,,NELFA
,,,NELFB
,,,NELL1
,,,NELL2
,,,NENF
,,,NES
,,,NET1
,,,NETO1
,,,NETO2
,,,NEU4
,,,NEURL1B
,,,NEUROD2
,,,NF1
,,,NFAM1
,,,NFAT5
,,,NFATC1
,,,NFATC2
,,,NFATC3
,,,NFATC4
,,,NFE2
,,,NFE2L1
,,,NFE2L2
,,,NFE2L3
,,,NFE4
,,,NFIA
,,,NFIA-AS2
,,,NFIB
,,,NFIC
,,,NFIL3
,,,NFIX
,,,NFKB1
,,,NFKB2
,,,NFKBIA
,,,NFKBID
,,,NFKBIZ
,,,NFX1
,,,NFXL1
,,,NFYA
,,,NFYB
,,,NFYC
,,,NGB
,,,NGF
,,,NGFR
,,,NHLH1
,,,NHLH2
,,,NHS
,,,NHSL1
,,,NHSL2
,,,NID1
,,,NID2
,,,NINJ1
,,,NINJ2
,,,NIPAL1
,,,NIPAL4
,,,NKAIN1
,,,NKAIN3
,,,NKAIN4
,,,NKD1
,,,NKX1-2
,,,NKX2-2
,,,NKX2-8
,,,NKX3-1
,,,NKX6-1
,,,NKX6-2
,,,NKX6-3
,,,NLGN4Y
,,,NLRC5
,,,NLRP1
,,,NLRP3
,,,NMI
,,,NMRAL1
,,,NMU
,,,NMUR2
,,,NNT
,,,NOBOX
,,,NOC2L
,,,NOC3L
,,,NOD1
,,,NOL8
,,,NONO
,,,NOS1
,,,NOS3
,,,NOSTRIN
,,,NOTCH1
,,,NOTCH2
,,,NOTCH3
,,,NOTCH4
,,,NOTO
,,,NOX4
,,,NPAS2
,,,NPAS4
,,,NPC2
,,,NPDC1
,,,NPFFR2
,,,NPL
,,,NPLOC4
,,,NPNT
,,,NPSR1
,,,NPSR1-AS1
,,,NPY
,,,NPY6R
,,,NR0B1
,,,NR1D1
,,,NR1D2
,,,NR1H2
,,,NR1H3
,,,NR1H4
,,,NR1I2
,,,NR1I3
,,,NR2C1
,,,NR2C2
,,,NR2E1
,,,NR2E3
,,,NR2F1
,,,NR2F2
,,,NR2F2-AS1
,,,NR2F6
,,,NR3C1
,,,NR3C2
,,,NR4A1
,,,NR4A2
,,,NR4A3
,,,NR5A1
,,,NR5A2
,,,NR6A1
,,,NRARP
,,,NREP-AS1
,,,NRF1
,,,NRG1
,,,NRIP3
,,,NRL
,,,NRP1
,,,NRP2
,,,NSMCE1
,,,NSUN7
,,,NT5C
,,,NT5DC1
,,,NT5DC2
,,,NTM-AS1
,,,NTN1
,,,NTN4
,,,NTNG1
,,,NTNG2
,,,NUAK2
,,,NUCB1
,,,NUDT1
,,,NUF2
,,,NUP107
,,,NUP133
,,,NUP210L
,,,NUP37
,,,NUPR1
,,,NWD1
,,,NWD2
,,,NXN
,,,NXPE1
,,,NXPH1
,,,NXPH2
,,,NXPH3
,,,NYAP2
,,,OAF
,,,OARD1
,,,OAS1
,,,OAS2
,,,OAS3
,,,OCA2
,,,OCLN
,,,ODC1
,,,OGFRL1
,,,OGN
,,,OLAH
,,,OLFM3
,,,OLFML1
,,,OLFML2A
,,,OLFML2B
,,,OLFML3
,,,OLIG1
,,,OLIG2
,,,OLMALINC
,,,OLR1
,,,OMD
,,,ONECUT1
,,,ONECUT2
,,,ONECUT3
,,,OPALIN
,,,OPCML
,,,OPHN1
,,,OPLAH
,,,OPRM1
,,,OR3A2
,,,ORAI1
,,,ORMDL2
,,,OSBPL11
,,,OSGIN2
,,,OSMR
,,,OSMR-AS1
,,,OSR1
,,,OTOGL
,,,OTP
,,,OTUD1
,,,OTUD4
,,,OTULIN
,,,OTX1
,,,OVCH1-AS1
,,,OVCH2
,,,OVOL1
,,,OVOL2
,,,OVOL3
,,,P2RX1
,,,P2RX4
,,,P2RY10
,,,P2RY12
,,,P2RY13
,,,P2RY14
,,,P2RY6
,,,P3H2
,,,P4HA1
,,,P4HA3
,,,P4HB
,,,PACRG-AS1
,,,PACRG-AS3
,,,PACSIN3
,,,PADI2
,,,PAG1
,,,PAIP2B
,,,PALD1
,,,PALLD
,,,PALMD
,,,PAM
,,,PAMR1
,,,PAPLN
,,,PAPOLG
,,,PAPPA
,,,PAPSS2
,,,PAQR4
,,,PAQR5
,,,PAQR6
,,,PARD3
,,,PARD3B
,,,PARP1
,,,PARP12
,,,PARP14
,,,PARP15
,,,PARP4
,,,PARP8
,,,PARP9
,,,PARVA
,,,PARVB
,,,PARVG
,,,PATL2
,,,PATZ1
,,,PAWR
,,,PAX2
,,,PAX3
,,,PAX5
,,,PAX6
,,,PAX7
,,,PAX8
,,,PAX8-AS1
,,,PAXIP1
,,,PAXIP1-AS2
,,,PBX1
,,,PBX2
,,,PBX3
,,,PBX4
,,,PBXIP1
,,,PCA3
,,,PCAT1
,,,PCAT19
,,,PCBD2
,,,PCBP3
,,,PCCA-AS1
,,,PCDH11X
,,,PCDH11Y
,,,PCDH15
,,,PCDH18
,,,PCDH7
,,,PCDH9-AS2
,,,PCDH9-AS3
,,,PCDH9-AS4
,,,PCED1B
,,,PCED1B-AS1
,,,PCK2
,,,PCOLCE2
,,,PCP4
,,,PCSK2
,,,PCSK5
,,,PCSK6
,,,PCSK6-AS1
,,,PCYT1B
,,,PCYT1B-AS1
,,,PDCD11
,,,PDCD1LG2
,,,PDE10A
,,,PDE1A
,,,PDE1C
,,,PDE3A
,,,PDE3B
,,,PDE6B
,,,PDE6D
,,,PDE6H
,,,PDE7B
,,,PDE9A
,,,PDGFA
,,,PDGFB
,,,PDGFC
,,,PDGFD
,,,PDGFRA
,,,PDGFRB
,,,PDHX
,,,PDIA4
,,,PDK1
,,,PDK4
,,,PDLIM1
,,,PDLIM3
,,,PDLIM5
,,,PDPN
,,,PDS5A
,,,PDZD2
,,,PDZRN3
,,,PDZRN4
,,,PEAR1
,,,PECAM1
,,,PELI1
,,,PELI2
,,,PENK
,,,PER1
,,,PERP
,,,PEX11G
,,,PEX5L-AS2
,,,PEX7
,,,PFKFB2
,,,PFKFB3
,,,PFN1
,,,PGAM2
,,,PGM5
,,,PGR
,,,PHACTR1
,,,PHACTR2
,,,PHEX
,,,PHF1
,,,PHF12
,,,PHF19
,,,PHF2
,,,PHF20
,,,PHF21A
,,,PHF21B
,,,PHF8
,,,PHGDH
,,,PHKA1
,,,PHLDA1
,,,PHLDA2
,,,PHLDA3
,,,PHLDB1
,,,PHLDB2
,,,PHTF1
,,,PHYHD1
,,,PI15
,,,PI16
,,,PI4K2B
,,,PICK1
,,,PID1
,,,PIEZO1
,,,PIEZO2
,,,PIGC
,,,PIGH
,,,PIK3AP1
,,,PIK3C3
,,,PIK3CD
,,,PIK3CD-AS2
,,,PIK3CG
,,,PIK3IP1
,,,PIK3R5
,,,PIK3R6
,,,PILRA
,,,PIM1
,,,PIM3
,,,PIP
,,,PIP4K2A
,,,PIP5K1B
,,,PIPOX
,,,PIR
,,,PITPNC1
,,,PITX1
,,,PITX3
,,,PKD1L2
,,,PKD2L2
,,,PKHD1L1
,,,PKIA-AS1
,,,PKIB
,,,PKM
,,,PKN2-AS1
,,,PKN3
,,,PKNOX1
,,,PKNOX2
,,,PKP2
,,,PLA1A
,,,PLA2G15
,,,PLA2G4A
,,,PLA2G7
,,,PLA2R1
,,,PLAC8
,,,PLAC9
,,,PLAG1
,,,PLAGL1
,,,PLAGL2
,,,PLAT
,,,PLAUR
,,,PLB1
,,,PLBD1
,,,PLBD1-AS1
,,,PLCB2
,,,PLCB4
,,,PLCG1-AS1
,,,PLCG2
,,,PLCH1
,,,PLCL1
,,,PLCXD3
,,,PLD1
,,,PLD4
,,,PLD5
,,,PLEK
,,,PLEKHA7
,,,PLEKHB1
,,,PLEKHF1
,,,PLEKHF2
,,,PLEKHG1
,,,PLEKHG2
,,,PLEKHG3
,,,PLEKHG4B
,,,PLEKHH1
,,,PLEKHH2
,,,PLEKHM1P1
,,,PLEKHO1
,,,PLET1
,,,PLG
,,,PLIN2
,,,PLIN3
,,,PLIN5
,,,PLK3
,,,PLLP
,,,PLOD1
,,,PLOD2
,,,PLP1
,,,PLPP1
,,,PLPP2
,,,PLPP3
,,,PLPP4
,,,PLPPR1
,,,PLS3
,,,PLS3-AS1
,,,PLSCR1
,,,PLSCR4
,,,PLTP
,,,PLVAP
,,,PLXDC1
,,,PLXDC2
,,,PLXNA4
,,,PLXNB3
,,,PLXND1
,,,PMEPA1
,,,PML
,,,PMP2
,,,PMP22
,,,PNP
,,,PNRC1
,,,PODN
,,,PODXL
,,,POF1B
,,,POLD2
,,,POLE3
,,,POLE4
,,,POLI
,,,POLR2A
,,,POLR2F
,,,POLR2I
,,,POLR3A
,,,POLR3G
,,,PON2
,,,PON3
,,,POSTN
,,,POT1-AS1
,,,POU1F1
,,,POU2AF1
,,,POU2F1
,,,POU2F2
,,,POU2F3
,,,POU3F1
,,,POU3F2
,,,POU3F4
,,,POU4F1
,,,POU5F1
,,,POU6F1
,,,POU6F2
,,,PPARA
,,,PPARD
,,,PPARG
,,,PPARGC1A
,,,PPFIBP1
,,,PPFIBP2
,,,PPP1CB
,,,PPP1R10
,,,PPP1R13L
,,,PPP1R14A
,,,PPP1R15A
,,,PPP1R17
,,,PPP1R18
,,,PPP1R1B
,,,PPP1R1C
,,,PPP1R36
,,,PPP1R3B
,,,PPP1R3C
,,,PPP2R3B
,,,PPP3CB-AS1
,,,PPP4R1L
,,,PPP5C
,,,PPP5D1
,,,PQBP1
,,,PRAM1
,,,PRDM1
,,,PRDM10
,,,PRDM11
,,,PRDM12
,,,PRDM14
,,,PRDM15
,,,PRDM16
,,,PRDM4
,,,PRDM5
,,,PRDM6
,,,PRDM7
,,,PRDM9
,,,PRDX1
,,,PRDX5
,,,PRELID2
,,,PRELP
,,,PREX1
,,,PREX2
,,,PRICKLE3
,,,PRIMA1
,,,PRKAA1
,,,PRKAA2
,,,PRKAG2
,,,PRKCA-AS1
,,,PRKCD
,,,PRKCH
,,,PRKCQ
,,,PRKCQ-AS1
,,,PRKG1
,,,PRKG2
,,,PRKX
,,,PRKY
,,,PRLR
,,,PRNP
,,,PROCR
,,,PROM1
,,,PROP1
,,,PROS1
,,,PROSER2
,,,PROX1
,,,PROX1-AS1
,,,PROX2
,,,PRR16
,,,PRR18
,,,PRR5
,,,PRR5L
,,,PRRG4
,,,PRRX1
,,,PRRX2
,,,PRSS23
,,,PRSS48
,,,PRTG
,,,PRX
,,,PSD2
,,,PSG8
,,,PSMA1
,,,PSMA7
,,,PSMB8
,,,PSMB9
,,,PSMC2
,,,PSMD12
,,,PSME1
,,,PSRC1
,,,PSTPIP1
,,,PSTPIP2
,,,PTAFR
,,,PTCD1
,,,PTCHD1
,,,PTCHD4
,,,PTCSC3
,,,PTER
,,,PTF1A
,,,PTGDR
,,,PTGFR
,,,PTGS1
,,,PTGS2
,,,PTH1R
,,,PTMA
,,,PTN
,,,PTP4A3
,,,PTPN14
,,,PTPN22
,,,PTPN6
,,,PTPN7
,,,PTPRB
,,,PTPRC
,,,PTPRE
,,,PTPRG
,,,PTPRM
,,,PTPRO
,,,PTPRT
,,,PTPRZ1
,,,PUM3
,,,PURA
,,,PURG
,,,PWRN1
,,,PXDC1
,,,PXDN
,,,PXDNL
,,,PXK
,,,PXN
,,,PXT1
,,,PYGL
,,,PYGM
,,,PYHIN1
,,,PZP
,,,QDPR
,,,QRFPR
,,,R3HDM2
,,,RAB11B-AS1
,,,RAB14
,,,RAB18
,,,RAB20
,,,RAB27A
,,,RAB2A
,,,RAB31
,,,RAB32
,,,RAB33A
,,,RAB34
,,,RAB38
,,,RAB39A
,,,RAB3C
,,,RAB3IL1
,,,RAB3IP
,,,RAB6C-AS1
,,,RAB7A
,,,RAB7B
,,,RAB9A
,,,RAD21
,,,RAD51B
,,,RAI14
,,,RALYL
,,,RAMP2
,,,RAMP3
,,,RAN
,,,RANBP17
,,,RANBP3L
,,,RAP2C-AS1
,,,RAPGEF1
,,,RARA
,,,RARB
,,,RARG
,,,RARRES1
,,,RASAL1
,,,RASAL3
,,,RASD1
,,,RASGEF1B
,,,RASGEF1C
,,,RASGRP3
,,,RASIP1
,,,RASL12
,,,RASSF1
,,,RASSF2
,,,RASSF3
,,,RASSF8
,,,RAX2
,,,RB1
,,,RBBP5
,,,RBBP9
,,,RBFOX2
,,,RBFOX3
,,,RBM17
,,,RBM20
,,,RBM22
,,,RBM3
,,,RBM42
,,,RBM47
,,,RBM7
,,,RBM8A
,,,RBMS1
,,,RBMS2
,,,RBMS3
,,,RBMS3-AS3
,,,RBP1
,,,RBP7
,,,RBPJ
,,,RBPJL
,,,RBPMS
,,,RBPMS2
,,,RCAN3
,,,RCAN3AS
,,,RCBTB2
,,,RCC2
,,,RCN3
,,,RCOR1
,,,RCSD1
,,,RDH10
,,,RDH10-AS1
,,,REEP4
,,,REL
,,,RELA
,,,RELB
,,,RELL1
,,,RELN
,,,RENBP
,,,RERG
,,,RERGL
,,,REST
,,,RFC2
,,,RFC3
,,,RFFL
,,,RFTN2
,,,RFWD3
,,,RFX1
,,,RFX2
,,,RFX3
,,,RFX4
,,,RFX5
,,,RFX6
,,,RFX7
,,,RFX8
,,,RFXANK
,,,RFXAP
,,,RGCC
,,,RGL3
,,,RGMA
,,,RGR
,,,RGS1
,,,RGS10
,,,RGS12
,,,RGS16
,,,RGS18
,,,RGS19
,,,RGS2
,,,RGS20
,,,RGS22
,,,RGS3
,,,RGS5
,,,RGS6
,,,RGS9
,,,RHBDF2
,,,RHD
,,,RHOBTB1
,,,RHOBTB3
,,,RHOC
,,,RHOG
,,,RHOH
,,,RHOJ
,,,RHOU
,,,RHOXF1
,,,RHOXF2
,,,RHPN2
,,,RILPL2
,,,RIMKLB
,,,RIN2
,,,RIN3
,,,RIOK2
,,,RIPK2
,,,RIT2
,,,RLF
,,,RMDN2-AS1
,,,RMST
,,,RNASE1
,,,RNASEH2B-AS1
,,,RNASEH2C
,,,RNASET2
,,,RND3
,,,RNF114
,,,RNF122
,,,RNF135
,,,RNF138
,,,RNF144B
,,,RNF152
,,,RNF166
,,,RNF182
,,,RNF19A
,,,RNF212B
,,,RNF217-AS1
,,,RNF220
,,,RNH1
,,,ROBO1
,,,ROBO2
,,,ROBO3
,,,ROBO4
,,,ROM1
,,,ROMO1
,,,ROR1
,,,ROR1-AS1
,,,ROR2
,,,RORA
,,,RORA-AS1
,,,RORB
,,,RORC
,,,RP1
,,,RP2
,,,RPGR
,,,RPL10A
,,,RPL12
,,,RPL18A
,,,RPL19
,,,RPL22L1
,,,RPL23
,,,RPL23A
,,,RPL29
,,,RPL35
,,,RPL35A
,,,RPL36A-HNRNPH2
,,,RPL41
,,,RPL6
,,,RPL8
,,,RPLP0
,,,RPLP1
,,,RPP25
,,,RPS10P7
,,,RPS11
,,,RPS12
,,,RPS13
,,,RPS16
,,,RPS2
,,,RPS20
,,,RPS21
,,,RPS23
,,,RPS25
,,,RPS27
,,,RPS27L
,,,RPS28
,,,RPS3A
,,,RPS4X
,,,RPS5
,,,RPS6KA1
,,,RPS6KA5
,,,RPS7
,,,RRAD
,,,RRAS
,,,RREB1
,,,RSPO2
,,,RTKN
,,,RTTN
,,,RUFY3
,,,RUNDC3B
,,,RUNX1
,,,RUNX2
,,,RUNX3
,,,RUVBL1
,,,RXFP1
,,,RXRA
,,,RXRB
,,,RXRG
,,,RYBP
,,,RYR1
,,,RYR2
,,,RYR3
,,,S100A1
,,,S100A10
,,,S100A11
,,,S100A13
,,,S100A16
,,,S100A6
,,,S100B
,,,S100Z
,,,S1PR1
,,,S1PR3
,,,S1PR5
,,,SALL1
,,,SALL2
,,,SALL3
,,,SALL4
,,,SAMD11
,,,SAMD12-AS1
,,,SAMD13
,,,SAMD3
,,,SAMD4A
,,,SAMD5
,,,SAMD9
,,,SAMD9L
,,,SAMHD1
,,,SAMMSON
,,,SAMSN1
,,,SAP30L-AS1
,,,SASH3
,,,SAT1
,,,SATB1
,,,SATB1-AS1
,,,SATB2
,,,SAV1
,,,SAXO1
,,,SBNO2
,,,SCAMP2
,,,SCAND1
,,,SCAND2P
,,,SCARA3
,,,SCARA5
,,,SCARB1
,,,SCARF1
,,,SCD
,,,SCEL
,,,SCG2
,,,SCHLAP1
,,,SCIN
,,,SCMH1
,,,SCML1
,,,SCML4
,,,SCN11A
,,,SCN9A
,,,SCO2
,,,SCOC-AS1
,,,SCRT1
,,,SCX
,,,SDC2
,,,SDC3
,,,SDC4
,,,SDCBP
,,,SDF2L1
,,,SDK1
,,,SDK2
,,,SDS
,,,SEC14L1
,,,SEC24D
,,,SELE
,,,SELENBP1
,,,SELL
,,,SELPLG
,,,SEMA3A
,,,SEMA3B
,,,SEMA3C
,,,SEMA3D
,,,SEMA3E
,,,SEMA3F
,,,SEMA4A
,,,SEMA4C
,,,SEMA4D
,,,SEMA5A
,,,SEMA6A
,,,SEMA6A-AS1
,,,SEMA6D
,,,SEPSECS
,,,SERF2
,,,SERPINB1
,,,SERPINB9
,,,SERPINB9P1
,,,SERPINE1
,,,SERPINE2
,,,SERPINH1
,,,SERPINI2
,,,SERTAD1
,,,SERTAD4-AS1
,,,SETBP1
,,,SETDB1
,,,SEZ6L
,,,SF1
,,,SF3B1
,,,SF3B5
,,,SFMBT2
,,,SFPQ
,,,SFRP1
,,,SFRP2
,,,SFRP4
,,,SFT2D1
,,,SFT2D2
,,,SFTPC
,,,SFXN5
,,,SGCD
,,,SGCG
,,,SGCZ
,,,SGK1
,,,SGK2
,,,SGK3
,,,SGMS2
,,,SGO1
,,,SGO2
,,,SGPP2
,,,SH2B3
,,,SH2D4A
,,,SH3BGRL3
,,,SH3BP2
,,,SH3BP4
,,,SH3GL2
,,,SH3RF1
,,,SH3RF3
,,,SH3TC1
,,,SH3TC2
,,,SHC4
,,,SHE
,,,SHISA6
,,,SHISA9
,,,SHMT1
,,,SHOX
,,,SHQ1
,,,SHROOM1
,,,SHROOM2
,,,SHROOM3
,,,SHROOM4
,,,SIGIRR
,,,SIGLEC1
,,,SIGLEC10
,,,SIGLEC8
,,,SIGLEC9
,,,SIM1
,,,SIM2
,,,SIN3A
,,,SIPA1
,,,SIPA1L2
,,,SIRPB2
,,,SIRT6
,,,SIX1
,,,SIX3
,,,SIX4
,,,SIX5
,,,SKA2
,,,SKAP1
,,,SKAP2
,,,SKI
,,,SKINT1L
,,,SKOR1
,,,SKOR2
,,,SLA
,,,SLAIN1
,,,SLC11A1
,,,SLC12A2
,,,SLC12A4
,,,SLC12A7
,,,SLC12A9
,,,SLC13A4
,,,SLC13A5
,,,SLC14A1
,,,SLC15A2
,,,SLC15A3
,,,SLC16A1
,,,SLC16A10
,,,SLC16A12
,,,SLC16A3
,,,SLC16A6
,,,SLC16A8
,,,SLC16A9
,,,SLC17A9
,,,SLC18A1
,,,SLC19A1
,,,SLC19A3
,,,SLC1A1
,,,SLC1A2
,,,SLC1A3
,,,SLC1A5
,,,SLC22A2
,,,SLC22A24
,,,SLC22A25
,,,SLC22A3
,,,SLC24A3
,,,SLC25A13
,,,SLC25A18
,,,SLC25A19
,,,SLC25A21
,,,SLC25A33
,,,SLC25A37
,,,SLC25A48
,,,SLC26A2
,,,SLC26A5
,,,SLC26A7
,,,SLC26A9
,,,SLC27A6
,,,SLC29A3
,,,SLC2A1
,,,SLC2A12
,,,SLC2A2
,,,SLC2A3
,,,SLC2A5
,,,SLC2A9
,,,SLC30A1
,,,SLC30A10
,,,SLC30A8
,,,SLC31A2
,,,SLC35D2
,,,SLC35F1
,,,SLC35F2
,,,SLC35F3
,,,SLC35F4
,,,SLC37A2
,,,SLC38A1
,,,SLC38A11
,,,SLC38A2
,,,SLC38A3
,,,SLC38A4
,,,SLC38A5
,,,SLC39A10
,,,SLC39A12
,,,SLC39A8
,,,SLC40A1
,,,SLC44A1
,,,SLC44A3
,,,SLC44A5
,,,SLC45A3
,,,SLC47A1
,,,SLC4A2
,,,SLC4A4
,,,SLC4A7
,,,SLC5A11
,,,SLC5A6
,,,SLC5A9
,,,SLC6A1
,,,SLC6A1-AS1
,,,SLC6A11
,,,SLC6A12
,,,SLC6A13
,,,SLC6A20
,,,SLC6A6
,,,SLC6A8
,,,SLC6A9
,,,SLC7A1
,,,SLC7A10
,,,SLC7A11
,,,SLC7A11-AS1
,,,SLC7A14
,,,SLC7A2
,,,SLC7A5
,,,SLC7A7
,,,SLC8A1
,,,SLC8A1-AS1
,,,SLC8B1
,,,SLC9A2
,,,SLC9A3R1
,,,SLC9A3R2
,,,SLC9A9
,,,SLC9A9-AS1
,,,SLC9B1
,,,SLC9C1
,,,SLCO1A2
,,,SLCO1B1
,,,SLCO1C1
,,,SLCO2B1
,,,SLCO4A1
,,,SLCO5A1
,,,SLFN11
,,,SLFN12
,,,SLFN12L
,,,SLFN5
,,,SLIT2
,,,SLIT3
,,,SMAD1
,,,SMAD2
,,,SMAD3
,,,SMAD4
,,,SMAD5
,,,SMAD6
,,,SMAD7
,,,SMAD9
,,,SMAP2
,,,SMARCA1
,,,SMARCA5
,,,SMARCC1
,,,SMC1B
,,,SMC3
,,,SMC4
,,,SMCO4
,,,SMG1P3
,,,SMIM3
,,,SMIM4
,,,SMIM5
,,,SMOC1
,,,SMOC2
,,,SMOX
,,,SMPX
,,,SMTN
,,,SMUG1
,,,SNAI1
,,,SNAI2
,,,SNAI3
,,,SNAP25-AS1
,,,SNAPC4
,,,SNAPC5
,,,SNCAIP
,,,SND1
,,,SNED1
,,,SNHG18
,,,SNHG8
,,,SNORD13
,,,SNRNP70
,,,SNRPB2
,,,SNTA1
,,,SNTB1
,,,SNTG1
,,,SNTG2
,,,SNX18
,,,SNX22
,,,SOAT1
,,,SOCS3
,,,SOCS4
,,,SOCS6
,,,SOD1
,,,SOHLH2
,,,SORBS1
,,,SORBS2
,,,SORBS3
,,,SORCS1
,,,SORCS2
,,,SORCS3
,,,SORL1
,,,SOX10
,,,SOX11
,,,SOX12
,,,SOX13
,,,SOX15
,,,SOX17
,,,SOX18
,,,SOX21
,,,SOX21-AS1
,,,SOX3
,,,SOX30
,,,SOX4
,,,SOX5
,,,SOX6
,,,SOX7
,,,SOX8
,,,SOX9
,,,SP1
,,,SP100
,,,SP110
,,,SP140
,,,SP140L
,,,SP2
,,,SP2-AS1
,,,SP3
,,,SP4
,,,SP5
,,,SP6
,,,SP7
,,,SP8
,,,SP9
,,,SPACA5
,,,SPAG7
,,,SPANXA2-OT1
,,,SPARC
,,,SPATA1
,,,SPATA12
,,,SPATA22
,,,SPATA3-AS1
,,,SPATA45
,,,SPATA9
,,,SPATC1
,,,SPATS2
,,,SPC25
,,,SPDEF
,,,SPHK1
,,,SPHKAP
,,,SPI1
,,,SPIB
,,,SPIC
,,,SPINK13
,,,SPINK5
,,,SPINT2
,,,SPNS3
,,,SPON1
,,,SPP1
,,,SPR
,,,SPRY4
,,,SPSB1
,,,SPSB4
,,,SPTLC2
,,,SPTLC3
,,,SRBD1
,,,SRD5A3-AS1
,,,SREBF1
,,,SREBF2
,,,SRF
,,,SRGAP1
,,,SRGAP2
,,,SRGAP2-AS1
,,,SRGAP2B
,,,SRGAP2C
,,,SRGN
,,,SRL
,,,SRP9
,,,SRPRB
,,,SRPX
,,,SRPX2
,,,SRRM3
,,,SSBP3
,,,SSNA1
,,,SSPN
,,,SSR4
,,,SSRP1
,,,SST
,,,ST18
,,,ST3GAL5-AS1
,,,ST3GAL6-AS1
,,,ST6GAL1
,,,ST6GALNAC1
,,,ST6GALNAC3
,,,ST6GALNAC5
,,,ST8SIA4
,,,ST8SIA6
,,,ST8SIA6-AS1
,,,STAB1
,,,STAC
,,,STARD13-AS
,,,STARD8
,,,STAT1
,,,STAT2
,,,STAT3
,,,STAT4
,,,STAT5A
,,,STAT5B
,,,STAT6
,,,STAU2
,,,STEAP1B
,,,STEAP3
,,,STEAP4
,,,STK10
,,,STK17B
,,,STK26
,,,STK31
,,,STK32A
,,,STK32B
,,,STK33
,,,STK40
,,,STOM
,,,STON2
,,,STOX1
,,,STPG2-AS1
,,,STUB1
,,,STX11
,,,STX17-AS1
,,,STX19
,,,STX4
,,,STXBP5-AS1
,,,STXBP6
,,,SUCLG1
,,,SUCLG2
,,,SUCLG2-AS1
,,,SUGCT
,,,SULF1
,,,SULF2
,,,SULT1C2
,,,SULT1C4
,,,SUN2
,,,SUSD3
,,,SUSD6
,,,SV2B
,,,SV2C
,,,SVEP1
,,,SVIL
,,,SWAP70
,,,SYAP1
,,,SYCE2
,,,SYK
,,,SYN3
,,,SYNDIG1
,,,SYNE2
,,,SYNGR2
,,,SYNJ2
,,,SYNM
,,,SYNPO2
,,,SYNPR
,,,SYNPR-AS1
,,,SYPL1
,,,SYS1-DBNDD2
,,,SYT1
,,,SYT17
,,,SYT2
,,,SYT6
,,,SYTL3
,,,SYTL4
,,,TAC1
,,,TAC3
,,,TACC1
,,,TACR1
,,,TACR3
,,,TAF1
,,,TAF1A
,,,TAF1L
,,,TAF6
,,,TAF7
,,,TAGAP
,,,TAGLN
,,,TAGLN2
,,,TAL1
,,,TAL2
,,,TANC1
,,,TAP1
,,,TARID
,,,TAS1R1
,,,TBC1D12
,,,TBC1D14
,,,TBC1D16
,,,TBC1D2
,,,TBC1D4
,,,TBC1D8B
,,,TBL1X
,,,TBL1XR1
,,,TBL1Y
,,,TBP
,,,TBPL1
,,,TBPL2
,,,TBR1
,,,TBX1
,,,TBX10
,,,TBX15
,,,TBX18
,,,TBX19
,,,TBX2
,,,TBX20
,,,TBX21
,,,TBX22
,,,TBX3
,,,TBX5
,,,TBX6
,,,TBXAS1
,,,TC2N
,,,TCEAL2
,,,TCEAL3
,,,TCEAL6
,,,TCERG1L
,,,TCF12
,,,TCF15
,,,TCF23
,,,TCF24
,,,TCF3
,,,TCF4
,,,TCF4-AS1
,,,TCF7
,,,TCF7L1
,,,TCF7L2
,,,TCFL5
,,,TCIRG1
,,,TCN2
,,,TDRD10
,,,TEAD1
,,,TEAD2
,,,TEAD3
,,,TEAD4
,,,TEC
,,,TEF
,,,TEK
,,,TENM1
,,,TENM2
,,,TENM3
,,,TENM4
,,,TEP1
,,,TERF1
,,,TERF2
,,,TES
,,,TESC
,,,TET1
,,,TEX14
,,,TEX21P
,,,TEX41
,,,TF
,,,TFAM
,,,TFAP2A
,,,TFAP2C
,,,TFAP2D
,,,TFAP2E
,,,TFAP4
,,,TFCP2
,,,TFCP2L1
,,,TFDP1
,,,TFDP2
,,,TFE3
,,,TFEB
,,,TFEC
,,,TFPI
,,,TFRC
,,,TG
,,,TGFA
,,,TGFB1
,,,TGFB2
,,,TGFBI
,,,TGFBR1
,,,TGFBR2
,,,TGFBR3
,,,TGIF1
,,,TGM2
,,,THAP1
,,,THAP11
,,,THAP12
,,,THAP9
,,,THBS1
,,,THBS2
,,,THBS4
,,,THEMIS
,,,THEMIS2
,,,THOC2
,,,THRA
,,,THRB
,,,THSD4
,,,THSD4-AS1
,,,THSD7A
,,,THSD7B
,,,TIA1
,,,TIE1
,,,TIFA
,,,TIGD1
,,,TIGD2
,,,TIGD3
,,,TIGD4
,,,TIGD6
,,,TIGD7
,,,TIMD4
,,,TIMELESS
,,,TIMM44
,,,TIMM8A
,,,TIMP1
,,,TIMP3
,,,TINAGL1
,,,TIPARP
,,,TK1
,,,TKTL1
,,,TLDC2
,,,TLE1
,,,TLE3
,,,TLL1
,,,TLL2
,,,TLN1
,,,TLR1
,,,TLR10
,,,TLR2
,,,TLR3
,,,TLR5
,,,TLR7
,,,TLX2
,,,TM4SF1
,,,TM4SF18
,,,TM6SF1
,,,TMBIM1
,,,TMC1
,,,TMC6
,,,TMC8
,,,TMCC2
,,,TMCC3
,,,TMCO4
,,,TMED11P
,,,TMED3
,,,TMEM106A
,,,TMEM119
,,,TMEM123
,,,TMEM125
,,,TMEM132C
,,,TMEM132D
,,,TMEM139
,,,TMEM140
,,,TMEM144
,,,TMEM151A
,,,TMEM154
,,,TMEM156
,,,TMEM163
,,,TMEM164
,,,TMEM165
,,,TMEM171
,,,TMEM176B
,,,TMEM182
,,,TMEM196
,,,TMEM204
,,,TMEM220
,,,TMEM235
,,,TMEM236
,,,TMEM241
,,,TMEM246-AS1
,,,TMEM255A
,,,TMEM255B
,,,TMEM258
,,,TMEM26
,,,TMEM33
,,,TMEM45A
,,,TMEM45B
,,,TMEM51
,,,TMEM63A
,,,TMEM71
,,,TMEM87B
,,,TMEM88B
,,,TMEM98
,,,TMIGD3
,,,TMLHE-AS1
,,,TMPRSS12
,,,TMPRSS5
,,,TMSB10
,,,TMSB4X
,,,TMTC1
,,,TMTC2
,,,TMTC4
,,,TNC
,,,TNFAIP2
,,,TNFAIP3
,,,TNFAIP6
,,,TNFAIP8
,,,TNFRSF10A
,,,TNFRSF10B
,,,TNFRSF10D
,,,TNFRSF11A
,,,TNFRSF11B
,,,TNFRSF13C
,,,TNFRSF19
,,,TNFRSF1A
,,,TNFRSF1B
,,,TNFSF10
,,,TNFSF13B
,,,TNFSF8
,,,TNIP2
,,,TNR
,,,TNS1
,,,TNS2
,,,TNS3
,,,TOB1
,,,TOB2
,,,TONSL
,,,TOX
,,,TOX2
,,,TOX3
,,,TP53
,,,TP53INP1
,,,TP53TG5
,,,TP63
,,,TP73
,,,TPD52L1
,,,TPI1
,,,TPM1
,,,TPM2
,,,TPO
,,,TPPP
,,,TPPP3
,,,TPRG1
,,,TPRN
,,,TPT1
,,,TPTE2
,,,TPTE2P6
,,,TPTEP1
,,,TRABD2B
,,,TRADD
,,,TRAF1
,,,TRAF3IP3
,,,TRAF4
,,,TRDN
,,,TREH
,,,TREM2
,,,TRG-AS1
,,,TRHDE
,,,TRIB1
,,,TRIB2
,,,TRIB3
,,,TRIM21
,,,TRIM22
,,,TRIM28
,,,TRIM38
,,,TRIM47
,,,TRIM5
,,,TRIM56
,,,TRIM59
,,,TRIM62
,,,TRIM69
,,,TRIOBP
,,,TRIP10
,,,TRIP6
,,,TRMO
,,,TRMT1
,,,TRMT10A
,,,TRPC3
,,,TRPC4
,,,TRPC6
,,,TRPM1
,,,TRPM3
,,,TRPM6
,,,TRPS1
,,,TRPV4
,,,TRPV5
,,,TSC22D3
,,,TSC22D4
,,,TSHR
,,,TSHZ2
,,,TSIX
,,,TSN
,,,TSNAX-DISC1
,,,TSPAN12
,,,TSPAN14
,,,TSPAN18
,,,TSPAN8
,,,TSPO
,,,TST
,,,TTC23
,,,TTC23L
,,,TTC29
,,,TTC38
,,,TTC6
,,,TTC7A
,,,TTF1
,,,TTF2
,,,TTLL4
,,,TTLL9
,,,TTN
,,,TTPA
,,,TTTY10
,,,TTTY14
,,,TTYH2
,,,TUBA1A
,,,TUBA1C
,,,TUBB2B
,,,TUBB6
,,,TULP1
,,,TWIST1
,,,TWIST2
,,,TXK
,,,TXLNGY
,,,TXNIP
,,,TXNL4B
,,,TYMP
,,,TYMS
,,,TYMSOS
,,,TYR
,,,TYROBP
,,,TYRP1
,,,U2AF1
,,,UACA
,,,UAP1
,,,UBA52
,,,UBA7
,,,UBASH3B
,,,UBB
,,,UBC
,,,UBE2K
,,,UBE2U
,,,UBL5
,,,UBL7-AS1
,,,UBOX5-AS1
,,,UBP1
,,,UBTD1
,,,UBTF
,,,UBXN1
,,,UCP2
,,,UEVLD
,,,UGP2
,,,UGT8
,,,UHRF1
,,,UNC13C
,,,UNC13D
,,,UNC5D
,,,UNC93B1
,,,UPB1
,,,UQCRB
,,,UQCRBP1
,,,UQCRQ
,,,URM1
,,,USF1
,,,USF2
,,,USH1C
,,,USP12-AS1
,,,USP13
,,,USP39
,,,USP53
,,,USP6NL
,,,USPL1
,,,UST
,,,UTP14A
,,,UTP18
,,,UTRN
,,,UTY
,,,VAMP3
,,,VAMP5
,,,VAMP8
,,,VASH1
,,,VASP
,,,VAV1
,,,VAX1
,,,VAX2
,,,VCAM1
,,,VCAN
,,,VCL
,,,VDR
,,,VEGFA
,,,VEGFC
,,,VENTX
,,,VEZF1
,,,VGF
,,,VGLL3
,,,VIM
,,,VIP
,,,VIPR2
,,,VIT
,,,VPS4B
,,,VPS72
,,,VRK2
,,,VSIG4
,,,VSTM4
,,,VSX1
,,,VSX2
,,,VWA1
,,,VWA2
,,,VWA3B
,,,VWC2
,,,VWC2L
,,,VWF
,,,WARS2
,,,WAS
,,,WDFY4
,,,WDR31
,,,WDR49
,,,WDR64
,,,WDR83
,,,WDR86
,,,WDR88
,,,WEE1
,,,WHRN
,,,WIF1
,,,WIPF1
,,,WIPI1
,,,WLS
,,,WNT2B
,,,WNT5A
,,,WNT5B
,,,WRNIP1
,,,WSCD1
,,,WT1
,,,WWC1
,,,WWTR1
,,,XACT
,,,XAF1
,,,XBP1
,,,XG
,,,XKR4
,,,XPA
,,,XRCC1
,,,XRCC4
,,,XXYLT1-AS2
,,,XYLT1
,,,YAP1
,,,YBX1
,,,YBX3
,,,YEATS4
,,,YES1
,,,YOD1
,,,YWHAE
,,,YWHAZ
,,,YY1
,,,ZBBX
,,,ZBED5
,,,ZBTB1
,,,ZBTB10
,,,ZBTB11
,,,ZBTB12
,,,ZBTB14
,,,ZBTB16
,,,ZBTB17
,,,ZBTB18
,,,ZBTB2
,,,ZBTB20
,,,ZBTB20-AS1
,,,ZBTB20-AS3
,,,ZBTB20-AS4
,,,ZBTB21
,,,ZBTB22
,,,ZBTB24
,,,ZBTB25
,,,ZBTB26
,,,ZBTB3
,,,ZBTB32
,,,ZBTB33
,,,ZBTB34
,,,ZBTB37
,,,ZBTB38
,,,ZBTB39
,,,ZBTB4
,,,ZBTB40
,,,ZBTB41
,,,ZBTB42
,,,ZBTB43
,,,ZBTB44
,,,ZBTB45
,,,ZBTB46
,,,ZBTB47
,,,ZBTB48
,,,ZBTB49
,,,ZBTB5
,,,ZBTB6
,,,ZBTB7A
,,,ZBTB7B
,,,ZBTB7C
,,,ZBTB8A
,,,ZC3H7A
,,,ZC3HAV1
,,,ZCCHC14
,,,ZCCHC17
,,,ZCCHC24
,,,ZCWPW1
,,,ZDHHC15
,,,ZDHHC20
,,,ZDHHC24
,,,ZDHHC5
,,,ZDHHC9
,,,ZEB1
,,,ZEB1-AS1
,,,ZEB2
,,,ZEB2-AS1
,,,ZFAND2A
,,,ZFAND4
,,,ZFAND6
,,,ZFHX2
,,,ZFHX3
,,,ZFHX4-AS1
,,,ZFP1
,,,ZFP14
,,,ZFP2
,,,ZFP28
,,,ZFP3
,,,ZFP30
,,,ZFP36
,,,ZFP36L1
,,,ZFP36L2
,,,ZFP37
,,,ZFP41
,,,ZFP42
,,,ZFP57
,,,ZFP62
,,,ZFP64
,,,ZFP69
,,,ZFP69B
,,,ZFP82
,,,ZFP90
,,,ZFP91-CNTF
,,,ZFP92
,,,ZFPM1
,,,ZFPM2
,,,ZFPM2-AS1
,,,ZFX
,,,ZFY
,,,ZGPAT
,,,ZGRF1
,,,ZHX1
,,,ZHX2
,,,ZHX3
,,,ZIC1
,,,ZIC2
,,,ZIC3
,,,ZIC4
,,,ZIC5
,,,ZIK1
,,,ZIM2
,,,ZIM3
,,,ZKSCAN1
,,,ZKSCAN2
,,,ZKSCAN3
,,,ZKSCAN4
,,,ZKSCAN5
,,,ZKSCAN7
,,,ZKSCAN8
,,,ZMAT2
,,,ZMAT4
,,,ZNF10
,,,ZNF100
,,,ZNF101
,,,ZNF107
,,,ZNF112
,,,ZNF114
,,,ZNF117
,,,ZNF12
,,,ZNF121
,,,ZNF124
,,,ZNF131
,,,ZNF132
,,,ZNF133
,,,ZNF134
,,,ZNF135
,,,ZNF136
,,,ZNF138
,,,ZNF14
,,,ZNF140
,,,ZNF141
,,,ZNF142
,,,ZNF143
,,,ZNF146
,,,ZNF148
,,,ZNF154
,,,ZNF155
,,,ZNF157
,,,ZNF16
,,,ZNF160
,,,ZNF165
,,,ZNF169
,,,ZNF175
,,,ZNF18
,,,ZNF180
,,,ZNF181
,,,ZNF182
,,,ZNF184
,,,ZNF189
,,,ZNF19
,,,ZNF195
,,,ZNF197
,,,ZNF2
,,,ZNF20
,,,ZNF200
,,,ZNF202
,,,ZNF205
,,,ZNF207
,,,ZNF208
,,,ZNF211
,,,ZNF212
,,,ZNF213
,,,ZNF214
,,,ZNF215
,,,ZNF217
,,,ZNF219
,,,ZNF22
,,,ZNF224
,,,ZNF225
,,,ZNF226
,,,ZNF227
,,,ZNF230
,,,ZNF232
,,,ZNF233
,,,ZNF234
,,,ZNF235
,,,ZNF236
,,,ZNF239
,,,ZNF24
,,,ZNF248
,,,ZNF25
,,,ZNF250
,,,ZNF251
,,,ZNF253
,,,ZNF254
,,,ZNF256
,,,ZNF257
,,,ZNF26
,,,ZNF260
,,,ZNF263
,,,ZNF264
,,,ZNF266
,,,ZNF267
,,,ZNF273
,,,ZNF274
,,,ZNF275
,,,ZNF276
,,,ZNF28
,,,ZNF280A
,,,ZNF280B
,,,ZNF280D
,,,ZNF281
,,,ZNF282
,,,ZNF283
,,,ZNF284
,,,ZNF286B
,,,ZNF287
,,,ZNF296
,,,ZNF3
,,,ZNF30
,,,ZNF300
,,,ZNF300P1
,,,ZNF302
,,,ZNF304
,,,ZNF311
,,,ZNF316
,,,ZNF317
,,,ZNF319
,,,ZNF32
,,,ZNF320
,,,ZNF322
,,,ZNF324
,,,ZNF324B
,,,ZNF326
,,,ZNF329
,,,ZNF331
,,,ZNF333
,,,ZNF334
,,,ZNF335
,,,ZNF337
,,,ZNF33A
,,,ZNF33B
,,,ZNF34
,,,ZNF341
,,,ZNF343
,,,ZNF345
,,,ZNF35
,,,ZNF350
,,,ZNF354A
,,,ZNF354B
,,,ZNF354C
,,,ZNF358
,,,ZNF362
,,,ZNF366
,,,ZNF367
,,,ZNF382
,,,ZNF383
,,,ZNF384
,,,ZNF385A
,,,ZNF385B
,,,ZNF385D
,,,ZNF385D-AS2
,,,ZNF391
,,,ZNF394
,,,ZNF396
,,,ZNF397
,,,ZNF398
,,,ZNF404
,,,ZNF407
,,,ZNF408
,,,ZNF41
,,,ZNF410
,,,ZNF414
,,,ZNF415
,,,ZNF416
,,,ZNF418
,,,ZNF420
,,,ZNF423
,,,ZNF425
,,,ZNF426
,,,ZNF429
,,,ZNF43
,,,ZNF430
,,,ZNF431
,,,ZNF432
,,,ZNF433
,,,ZNF436
,,,ZNF438
,,,ZNF439
,,,ZNF44
,,,ZNF440
,,,ZNF441
,,,ZNF442
,,,ZNF444
,,,ZNF445
,,,ZNF449
,,,ZNF45
,,,ZNF451
,,,ZNF454
,,,ZNF460
,,,ZNF461
,,,ZNF462
,,,ZNF467
,,,ZNF470
,,,ZNF471
,,,ZNF479
,,,ZNF48
,,,ZNF480
,,,ZNF483
,,,ZNF484
,,,ZNF485
,,,ZNF486
,,,ZNF487
,,,ZNF488
,,,ZNF490
,,,ZNF491
,,,ZNF492
,,,ZNF493
,,,ZNF496
,,,ZNF500
,,,ZNF501
,,,ZNF502
,,,ZNF507
,,,ZNF510
,,,ZNF513
,,,ZNF514
,,,ZNF516
,,,ZNF517
,,,ZNF518A
,,,ZNF519
,,,ZNF521
,,,ZNF524
,,,ZNF525
,,,ZNF526
,,,ZNF527
,,,ZNF528
,,,ZNF529
,,,ZNF530
,,,ZNF532
,,,ZNF534
,,,ZNF536
,,,ZNF540
,,,ZNF541
,,,ZNF542P
,,,ZNF543
,,,ZNF546
,,,ZNF549
,,,ZNF550
,,,ZNF552
,,,ZNF554
,,,ZNF555
,,,ZNF556
,,,ZNF557
,,,ZNF558
,,,ZNF560
,,,ZNF561
,,,ZNF562
,,,ZNF563
,,,ZNF565
,,,ZNF566
,,,ZNF567
,,,ZNF568
,,,ZNF569
,,,ZNF57
,,,ZNF570
,,,ZNF571
,,,ZNF572
,,,ZNF573
,,,ZNF574
,,,ZNF575
,,,ZNF577
,,,ZNF578
,,,ZNF579
,,,ZNF580
,,,ZNF582
,,,ZNF583
,,,ZNF584
,,,ZNF585B
,,,ZNF586
,,,ZNF587
,,,ZNF589
,,,ZNF592
,,,ZNF594
,,,ZNF595
,,,ZNF596
,,,ZNF597
,,,ZNF598
,,,ZNF599
,,,ZNF600
,,,ZNF606
,,,ZNF607
,,,ZNF610
,,,ZNF611
,,,ZNF613
,,,ZNF614
,,,ZNF615
,,,ZNF616
,,,ZNF618
,,,ZNF620
,,,ZNF621
,,,ZNF622
,,,ZNF623
,,,ZNF624
,,,ZNF627
,,,ZNF628
,,,ZNF629
,,,ZNF630
,,,ZNF639
,,,ZNF641
,,,ZNF644
,,,ZNF646
,,,ZNF648
,,,ZNF649
,,,ZNF652
,,,ZNF654
,,,ZNF658
,,,ZNF658B
,,,ZNF66
,,,ZNF663P
,,,ZNF664
,,,ZNF665
,,,ZNF667
,,,ZNF668
,,,ZNF669
,,,ZNF671
,,,ZNF672
,,,ZNF674
,,,ZNF675
,,,ZNF676
,,,ZNF677
,,,ZNF678
,,,ZNF679
,,,ZNF680
,,,ZNF681
,,,ZNF682
,,,ZNF683
,,,ZNF684
,,,ZNF687
,,,ZNF688
,,,ZNF689
,,,ZNF69
,,,ZNF691
,,,ZNF692
,,,ZNF696
,,,ZNF697
,,,ZNF699
,,,ZNF7
,,,ZNF70
,,,ZNF701
,,,ZNF702P
,,,ZNF704
,,,ZNF705G
,,,ZNF706
,,,ZNF707
,,,ZNF708
,,,ZNF710
,,,ZNF711
,,,ZNF714
,,,ZNF716
,,,ZNF717
,,,ZNF718
,,,ZNF720
,,,ZNF721
,,,ZNF726
,,,ZNF728
,,,ZNF729
,,,ZNF730
,,,ZNF732
,,,ZNF735
,,,ZNF736
,,,ZNF737
,,,ZNF738
,,,ZNF74
,,,ZNF740
,,,ZNF746
,,,ZNF749
,,,ZNF75A
,,,ZNF75D
,,,ZNF76
,,,ZNF761
,,,ZNF763
,,,ZNF764
,,,ZNF765
,,,ZNF766
,,,ZNF768
,,,ZNF77
,,,ZNF770
,,,ZNF771
,,,ZNF773
,,,ZNF774
,,,ZNF775
,,,ZNF776
,,,ZNF777
,,,ZNF778
,,,ZNF780B
,,,ZNF782
,,,ZNF783
,,,ZNF784
,,,ZNF785
,,,ZNF786
,,,ZNF787
,,,ZNF789
,,,ZNF79
,,,ZNF790
,,,ZNF791
,,,ZNF792
,,,ZNF793
,,,ZNF800
,,,ZNF804A
,,,ZNF804B
,,,ZNF805
,,,ZNF806
,,,ZNF808
,,,ZNF81
,,,ZNF813
,,,ZNF814
,,,ZNF821
,,,ZNF823
,,,ZNF826P
,,,ZNF827
,,,ZNF829
,,,ZNF83
,,,ZNF831
,,,ZNF835
,,,ZNF837
,,,ZNF84
,,,ZNF843
,,,ZNF845
,,,ZNF846
,,,ZNF85
,,,ZNF853
,,,ZNF860
,,,ZNF879
,,,ZNF880
,,,ZNF883
,,,ZNF891
,,,ZNF90
,,,ZNF91
,,,ZNF92
,,,ZNF93
,,,ZNF98
,,,ZNF99
,,,ZNRF2
,,,ZNRF3
,,,ZNRF3-AS1
,,,ZPBP
,,,ZRSR2
,,,ZSCAN1
,,,ZSCAN10
,,,ZSCAN12
,,,ZSCAN16
,,,ZSCAN18
,,,ZSCAN2
,,,ZSCAN20
,,,ZSCAN21
,,,ZSCAN22
,,,ZSCAN23
,,,ZSCAN25
,,,ZSCAN26
,,,ZSCAN29
,,,ZSCAN30
,,,ZSCAN31
,,,ZSCAN32
,,,ZSCAN4
,,,ZSCAN5A
,,,ZSCAN9
,,,ZSWIM1
,,,ZXDA
,,,ZXDB
,,,ZXDC
,,,ZZZ3
