_MEMBER_data_imp_1 - 94.0-96.0,_MEMBER_data_imp_1 - 96.0-98.0,_MEMBER_data_imp_1 - 98.0-100.0,_LogP_data_imp_1 - 94.0-96.0,_LogP_data_imp_1 - 96.0-98.0,_LogP_data_imp_1 - 98.0-100.0,GO,Description,_PATTERN_,_RANK_,GiniIndex
1,1,1,-2.5,-3.4,-6.7,GO:0061448,connective tissue development,M111,3,0
1,1,1,-4.7,-5.2,-3.4,GO:0030900,forebrain development,M111,3,0
1,1,1,-3.8,-2.2,-3.2,WP5083,Neuroinflammation and glutamatergic signaling,M111,3,0
1,1,1,-2.5,-2.5,-5,GO:0046634,regulation of alpha-beta T cell activation,M111,3,0
1,1,1,-6.5,-7.2,-3.2,GO:0021537,telencephalon development,M111,3,0
1,1,1,-11,-7.3,-6.4,GO:0001775,cell activation,M111,3,0
1,1,1,-2.4,-4,-2.4,GO:0048701,embryonic cranial skeleton morphogenesis,M111,3,0
1,1,1,-2,-3.4,-5.7,GO:0045619,regulation of lymphocyte differentiation,M111,3,0
1,1,1,-2.7,-2.7,-3.7,GO:0002828,regulation of type 2 immune response,M111,3,0
1,1,1,-4.5,-3.7,-6.4,GO:0001501,skeletal system development,M111,3,0
1,1,1,-3,-4.5,-2.3,GO:1904888,cranial skeletal system development,M111,3,0
1,1,1,-3.2,-2.2,-3.2,GO:0071396,cellular response to lipid,M111,3,0
1,1,1,-2.9,-5.9,-7.5,GO:0010720,positive regulation of cell development,M111,3,0
1,1,1,-3.8,-3.4,-3.4,R-HSA-1280215,Cytokine Signaling in Immune system,M111,3,0
1,1,1,-7.1,-2.2,-2.2,GO:0002252,immune effector process,M111,3,0
1,1,1,-3.3,-4.2,-7.7,GO:1903706,regulation of hemopoiesis,M111,3,0
1,1,1,-2.9,-2.2,-2.2,R-HSA-109582,Hemostasis,M111,3,0
1,1,1,-3.1,-3.1,-4.7,GO:0045637,regulation of myeloid cell differentiation,M111,3,0
1,1,1,-2.7,-2.1,-3.3,WP5130,Th17 cell differentiation pathway,M111,3,0
1,1,1,-3.7,-2.7,-4.5,GO:0009792,embryo development ending in birth or egg hatching,M111,3,0
1,1,1,-2.4,-2,-4.2,GO:0070663,regulation of leukocyte proliferation,M111,3,0
1,1,1,-2.1,-2.1,-2.1,WP3678,Amplification and expansion of oncogenic pathways as metastatic traits,M111,3,0
1,1,1,-2.4,-3.2,-2.4,GO:0021954,central nervous system neuron development,M111,3,0
1,1,1,-2.4,-2.4,-3,GO:0060021,roof of mouth development,M111,3,0
1,1,1,-4,-3.3,-3.2,GO:0007167,enzyme-linked receptor protein signaling pathway,M111,3,0
1,1,1,-2.8,-3.2,-5.3,GO:0002683,negative regulation of immune system process,M111,3,0
1,1,1,-6,-5.4,-2.9,GO:0042113,B cell activation,M111,3,0
1,1,1,-2,-3.1,-3.1,R-HSA-6785807,Interleukin-4 and Interleukin-13 signaling,M111,3,0
1,1,1,-2.1,-3.7,-3.7,GO:0060348,bone development,M111,3,0
1,1,1,-4.2,-4.7,-3.1,GO:0002768,immune response-regulating cell surface receptor signaling pathway,M111,3,0
1,1,1,-3.1,-3.2,-4.3,GO:0002700,regulation of production of molecular mediator of immune response,M111,3,0
1,1,1,-3.6,-5.4,-3.6,GO:0002429,immune response-activating cell surface receptor signaling pathway,M111,3,0
1,1,1,-6.6,-5.5,-4.9,GO:0030098,lymphocyte differentiation,M111,3,0
1,1,1,-2.4,-2.8,-2.4,GO:0002064,epithelial cell development,M111,3,0
1,1,1,-4,-2.2,-2.7,GO:0046632,alpha-beta T cell differentiation,M111,3,0
1,1,1,-4,-3.2,-4,GO:0061515,myeloid cell development,M111,3,0
1,1,1,-2.7,-2.1,-3.9,GO:0002702,positive regulation of production of molecular mediator of immune response,M111,3,0
1,1,1,-2.7,-2.7,-3.5,GO:0021795,cerebral cortex cell migration,M111,3,0
1,1,1,-2,-2,-2,GO:1990840,response to lectin,M111,3,0
1,1,1,-4.2,-3.1,-3.1,GO:0001763,morphogenesis of a branching structure,M111,3,0
1,1,1,-2.3,-3.5,-3.5,GO:0002718,regulation of cytokine production involved in immune response,M111,3,0
1,1,1,-7.2,-3.9,-4.9,GO:0042110,T cell activation,M111,3,0
1,1,1,-11,-7.2,-6.2,GO:0045321,leukocyte activation,M111,3,0
1,1,1,-3.5,-3,-2.5,GO:0050866,negative regulation of cell activation,M111,3,0
1,1,1,-2.8,-2.8,-2.8,GO:0022029,telencephalon cell migration,M111,3,0
1,1,1,-2.9,-4.7,-2.5,GO:0002253,activation of immune response,M111,3,0
1,1,1,-2.9,-3.4,-3.4,GO:0048705,skeletal system morphogenesis,M111,3,0
1,1,1,-4.9,-3.4,-4.9,GO:0050865,regulation of cell activation,M111,3,0
1,1,1,-4.6,-7.1,-6.5,GO:0048568,embryonic organ development,M111,3,0
1,1,1,-5.2,-3.1,-5.6,GO:0035239,tube morphogenesis,M111,3,0
1,1,1,-3.8,-5.1,-2.7,GO:0002009,morphogenesis of an epithelium,M111,3,0
1,1,1,-6.1,-3.9,-2.6,hsa04928,"Parathyroid hormone synthesis, secretion and action",M111,3,0
1,1,1,-2.6,-3.2,-2.1,GO:0001649,osteoblast differentiation,M111,3,0
1,1,1,-2.2,-2.7,-2.2,GO:1903038,negative regulation of leukocyte cell-cell adhesion,M111,3,0
1,1,1,-3,-3.5,-2.5,GO:0051250,negative regulation of lymphocyte activation,M111,3,0
1,1,1,-2,-2,-2,GO:0002223,stimulatory C-type lectin receptor signaling pathway,M111,3,0
1,1,1,-2.9,-2.3,-5,GO:0002062,chondrocyte differentiation,M111,3,0
1,1,1,-3.9,-2.3,-2.3,GO:0021953,central nervous system neuron differentiation,M111,3,0
1,1,1,-2.4,-3.7,-4.4,GO:0046637,regulation of alpha-beta T cell differentiation,M111,3,0
1,1,1,-2.7,-2.8,-3.4,GO:0061061,muscle structure development,M111,3,0
1,1,1,-2.3,-2.9,-2.3,GO:0060349,bone morphogenesis,M111,3,0
1,1,1,-3.5,-4.1,-4.1,GO:0050851,antigen receptor-mediated signaling pathway,M111,3,0
1,1,1,-2.8,-2.2,-2.4,GO:0030855,epithelial cell differentiation,M111,3,0
1,1,1,-4.6,-3.3,-3.7,R-HSA-449147,Signaling by Interleukins,M111,3,0
1,1,1,-2.2,-3.1,-5.4,GO:0051216,cartilage development,M111,3,0
1,1,1,-3.4,-2,-4,GO:0021700,developmental maturation,M111,3,0
1,1,1,-5.6,-4.1,-6.9,GO:0008283,cell population proliferation,M111,3,0
1,1,1,-2,-2,-2,GO:1990858,cellular response to lectin,M111,3,0
1,1,1,-4.3,-2.2,-2.2,GO:0022408,negative regulation of cell-cell adhesion,M111,3,0
1,1,1,-3.3,-4.8,-4.4,GO:0007423,sensory organ development,M111,3,0
1,1,1,-3,-5,-4.1,hsa05200,Pathways in cancer,M111,3,0
1,1,1,-9.7,-6.7,-12,GO:0030097,hemopoiesis,M111,3,0
1,1,1,-4.4,-2.1,-5.1,hsa04380,Osteoclast differentiation,M111,3,0
1,1,1,-2.2,-2.2,-8.5,WP4149,White fat cell differentiation,M111,3,0
1,1,1,-2.7,-3.6,-4.5,GO:0002697,regulation of immune effector process,M111,3,0
1,1,1,-2.4,-6.5,-3.3,GO:0048562,embryonic organ morphogenesis,M111,3,0
1,1,1,-2.5,-2.5,-3.7,GO:0045596,negative regulation of cell differentiation,M111,3,0
1,1,1,-3.2,-3.3,-5.1,GO:0001568,blood vessel development,M111,3,0
1,1,1,-3,-4.9,-3,GO:0002757,immune response-activating signaling pathway,M111,3,0
1,1,1,-3.2,-5.2,-3.2,GO:0048598,embryonic morphogenesis,M111,3,0
1,1,1,-3.8,-2.8,-4.6,GO:0043009,chordate embryonic development,M111,3,0
1,1,1,-3.2,-5.2,-3.2,GO:0048729,tissue morphogenesis,M111,3,0
1,1,1,-3.7,-4.5,-3,GO:0035050,embryonic heart tube development,M111,3,0
1,1,1,-2.6,-2.6,-2.6,GO:0021885,forebrain cell migration,M111,3,0
1,1,1,-2.8,-2.8,-2.8,GO:0002695,negative regulation of leukocyte activation,M111,3,0
1,1,1,-3.6,-4,-3.9,GO:0050778,positive regulation of immune response,M111,3,0
1,1,1,-4.2,-3.9,-5.1,GO:0051249,regulation of lymphocyte activation,M111,3,0
1,1,1,-2.5,-3.1,-5.2,GO:0045444,fat cell differentiation,M111,3,0
1,1,1,-2.2,-4.6,-2.6,GO:0050767,regulation of neurogenesis,M111,3,0
1,1,1,-4.5,-2.5,-4.5,GO:0030217,T cell differentiation,M111,3,0
1,1,1,-2.6,-2.6,-5,GO:0002573,myeloid leukocyte differentiation,M111,3,0
1,1,1,-2.1,-3.2,-2.1,WP366,TGF beta signaling pathway,M111,3,0
1,1,1,-5,-3.7,-5.7,GO:0046631,alpha-beta T cell activation,M111,3,0
1,1,1,-4.4,-3.7,-7.8,WP23,B cell receptor signaling pathway,M111,3,0
1,1,1,-3.1,-3.1,-4.9,GO:0001944,vasculature development,M111,3,0
1,1,1,-2.9,-2.2,-3.8,GO:0001701,in utero embryonic development,M111,3,0
1,1,1,-2.2,-2.6,-6.9,GO:1902105,regulation of leukocyte differentiation,M111,3,0
1,1,1,-5.9,-5.4,-8.5,GO:0030099,myeloid cell differentiation,M111,3,0
1,1,1,-7.4,-5.8,-8.5,GO:0002521,leukocyte differentiation,M111,3,0
1,1,1,-2.5,-3.7,-2.8,GO:0003002,regionalization,M111,3,0
1,1,1,-11,-7.6,-6,GO:0046649,lymphocyte activation,M111,3,0
1,1,1,-7.3,-6.1,-7.3,GO:1903131,mononuclear cell differentiation,M111,3,0
1,1,1,-5.3,-5.7,-3.1,GO:0060322,head development,M111,3,0
1,1,1,-2.5,-3.6,-4.7,WP236,Adipogenesis,M111,3,0
1,1,1,-7.8,-2.7,-9.8,GO:0045165,cell fate commitment,M111,3,0
1,1,1,-2.4,-3.6,-2,GO:0072001,renal system development,M111,3,0
1,1,1,-2.1,-2.8,-4.6,GO:1903037,regulation of leukocyte cell-cell adhesion,M111,3,0
1,1,1,-5.3,-2.2,-2.7,GO:0002285,lymphocyte activation involved in immune response,M111,3,0
1,1,1,-4.6,-2.1,-2.1,M183,PID IL6 7 PATHWAY,M111,3,0
1,1,1,-3.4,-4.4,-2.6,GO:0002764,immune response-regulating signaling pathway,M111,3,0
1,1,1,-2.6,-3.2,-2,GO:0021987,cerebral cortex development,M111,3,0
1,1,1,-5.6,-6.1,-3.3,GO:0007420,brain development,M111,3,0
1,1,1,-4.9,-4.4,-2.6,GO:0002250,adaptive immune response,M111,3,0
1,1,1,-4.3,-3.2,-5.6,GO:0002694,regulation of leukocyte activation,M111,3,0
1,1,1,-2.7,-2.2,-4.7,GO:0072091,regulation of stem cell proliferation,M111,3,0
1,1,1,-2.1,-3.4,-4.1,WP5218,Extrafollicular and follicular B cell activation by SARS CoV 2,M111,3,0
1,1,1,-2.9,-2.9,-2.9,GO:0061138,morphogenesis of a branching epithelium,M111,3,0
1,1,1,-3.1,-5.2,-4.3,WP5434,Pathways in cancer,M111,3,0
1,1,1,-3.5,-2.8,-3.9,GO:0022407,regulation of cell-cell adhesion,M111,3,0
1,1,1,-2.8,-3.2,-4.6,GO:0050863,regulation of T cell activation,M111,3,0
1,1,1,-2,-2.1,-3.4,GO:0050670,regulation of lymphocyte proliferation,M111,3,0
1,1,1,-4.6,-3.4,-2.4,GO:0002460,adaptive immune response based on somatic recombination of immune receptors built from immunoglobulin superfamily domains,M111,3,0
1,1,1,-2.8,-2.3,-3.4,hsa04659,Th17 cell differentiation,M111,3,0
1,1,1,-2.6,-4.9,-3.1,hsa05167,Kaposi sarcoma-associated herpesvirus infection,M111,3,0
1,1,1,-2.8,-2.1,-2.8,GO:0060350,endochondral bone morphogenesis,M111,3,0
1,1,1,-3.5,-2.9,-2.9,M167,PID AP1 PATHWAY,M111,3,0
0,1,1,0,-3.7,-2.6,GO:0032675,regulation of interleukin-6 production,M011,2,0
1,0,1,-5.8,0,-2.9,GO:0002366,leukocyte activation involved in immune response,M101,2,0
0,1,1,0,-2.5,-2.5,R-HSA-9825892,Regulation of MITF-M-dependent genes involved in cell cycle and proliferation,M011,2,0
1,0,1,-2.5,0,-6.7,WP2849,Hematopoietic stem cell differentiation,M101,2,0
1,0,1,-2.9,0,-2.9,WP4304,Oligodendrocyte specification and differentiation leading to myelin components for CNS,M101,2,0
1,0,1,-5.8,0,-2.9,GO:0002263,cell activation involved in immune response,M101,2,0
0,1,1,0,-2.8,-2.1,GO:0032673,regulation of interleukin-4 production,M011,2,0
1,0,1,-3.7,0,-2.2,GO:0002294,"CD4-positive, alpha-beta T cell differentiation involved in immune response",M101,2,0
1,0,1,-3,0,-5.9,GO:0050777,negative regulation of immune response,M101,2,0
1,1,0,-3.3,-2.7,0,GO:0035108,limb morphogenesis,M110,2,0
0,1,1,0,-2.4,-3.5,GO:0070661,leukocyte proliferation,M011,2,0
0,1,1,0,-6.1,-2,WP4540,Hippo signaling regulation pathways,M011,2,0
1,0,1,-2.4,0,-2.4,R-HSA-354192,Integrin signaling,M101,2,0
0,1,1,0,-2.7,-4.9,GO:1903708,positive regulation of hemopoiesis,M011,2,0
1,0,1,-4.3,0,-4.3,GO:0048469,cell maturation,M101,2,0
1,1,0,-2.3,-2.3,0,GO:0018108,peptidyl-tyrosine phosphorylation,M110,2,0
1,0,1,-2.5,0,-6.5,GO:0072089,stem cell proliferation,M101,2,0
1,1,0,-2.1,-2.2,0,hsa05224,Breast cancer,M110,2,0
0,1,1,0,-2.2,-2.9,WP1591,Heart development,M011,2,0
0,1,1,0,-2.3,-2.8,GO:0051897,positive regulation of phosphatidylinositol 3-kinase/protein kinase B signal transduction,M011,2,0
0,1,1,0,-3.6,-2.5,R-HSA-8853884,Transcriptional Regulation by VENTX,M011,2,0
1,0,1,-3.3,0,-2.5,WP395,IL 4 signaling pathway,M101,2,0
0,1,1,0,-2.1,-3,GO:0022030,telencephalon glial cell migration,M011,2,0
0,1,1,0,-2.2,-2.2,M279,PID RB 1PATHWAY,M011,2,0
0,1,1,0,-2.7,-2.1,GO:0045087,innate immune response,M011,2,0
0,1,1,0,-2.2,-3.6,GO:0050764,regulation of phagocytosis,M011,2,0
0,1,1,0,-3.8,-2.4,GO:0043383,negative T cell selection,M011,2,0
1,1,0,-2.3,-4.3,0,GO:0071772,response to BMP,M110,2,0
1,0,1,-3.3,0,-2.5,M141,PID PI3KCI PATHWAY,M101,2,0
0,1,1,0,-2.7,-2.1,GO:0006959,humoral immune response,M011,2,0
1,0,1,-3.5,0,-2.1,GO:0002287,alpha-beta T cell activation involved in immune response,M101,2,0
0,1,1,0,-3.5,-2.4,GO:0120035,regulation of plasma membrane bounded cell projection organization,M011,2,0
1,0,1,-3,0,-3.8,GO:0050853,B cell receptor signaling pathway,M101,2,0
0,1,1,0,-3.4,-4.6,GO:0045785,positive regulation of cell adhesion,M011,2,0
1,0,1,-2.9,0,-2.9,M1315,SIG PIP3 SIGNALING IN B LYMPHOCYTES,M101,2,0
0,1,1,0,-2.3,-3.2,GO:0002699,positive regulation of immune effector process,M011,2,0
0,1,1,0,-2.4,-3.8,GO:0002703,regulation of leukocyte mediated immunity,M011,2,0
0,1,1,0,-2.6,-2.6,GO:0072009,nephron epithelium development,M011,2,0
0,1,1,0,-2.7,-4.9,GO:1902107,positive regulation of leukocyte differentiation,M011,2,0
0,1,1,0,-3.1,-4.5,GO:0045582,positive regulation of T cell differentiation,M011,2,0
0,1,1,0,-2.3,-2.8,GO:0045598,regulation of fat cell differentiation,M011,2,0
1,0,1,-3.9,0,-3.4,GO:0010001,glial cell differentiation,M101,2,0
0,1,1,0,-2.4,-2.4,GO:0003416,endochondral bone growth,M011,2,0
0,1,1,0,-3.8,-2.1,GO:0022612,gland morphogenesis,M011,2,0
1,1,0,-2.3,-3.7,0,GO:0031175,neuron projection development,M110,2,0
1,0,1,-5.8,0,-2.4,R-HSA-912631,Regulation of signaling by CBL,M101,2,0
1,0,1,-3.5,0,-4.4,GO:0042063,gliogenesis,M101,2,0
1,1,0,-2.5,-2.5,0,GO:0016064,immunoglobulin mediated immune response,M110,2,0
1,0,1,-2,0,-2,GO:0001516,prostaglandin biosynthetic process,M101,2,0
1,1,0,-2.7,-4.2,0,GO:0007507,heart development,M110,2,0
0,1,1,0,-2.2,-2.9,WP5373,Osteoarthritic chondrocyte hypertrophy,M011,2,0
1,1,0,-2,-3.8,0,GO:0043065,positive regulation of apoptotic process,M110,2,0
0,1,1,0,-3.1,-2.1,GO:0003231,cardiac ventricle development,M011,2,0
1,0,1,-2.8,0,-2,GO:0048545,response to steroid hormone,M101,2,0
1,0,1,-3.8,0,-3.8,GO:0048821,erythrocyte development,M101,2,0
0,1,1,0,-2.1,-3,GO:0021801,cerebral cortex radial glia-guided migration,M011,2,0
0,1,1,0,-2.5,-3.6,WP3892,Development of pulmonary dendritic cells and macrophage subsets,M011,2,0
0,1,1,0,-2.5,-3.6,GO:0032102,negative regulation of response to external stimulus,M011,2,0
1,0,1,-6,0,-3.7,hsa04611,Platelet activation,M101,2,0
1,0,1,-2,0,-2,GO:0046457,prostanoid biosynthetic process,M101,2,0
1,0,1,-2.4,0,-3.8,GO:0032944,regulation of mononuclear cell proliferation,M101,2,0
0,1,1,0,-4.4,-2.1,GO:0001818,negative regulation of cytokine production,M011,2,0
0,1,1,0,-2.4,-3.9,GO:0002819,regulation of adaptive immune response,M011,2,0
0,1,1,0,-3.1,-2.5,GO:0035265,organ growth,M011,2,0
1,0,1,-2.9,0,-2.1,GO:0048872,homeostasis of number of cells,M101,2,0
1,1,0,-2,-3.1,0,GO:0045064,T-helper 2 cell differentiation,M110,2,0
0,1,1,0,-4.4,-2.9,GO:0051962,positive regulation of nervous system development,M011,2,0
0,1,1,0,-2.7,-2.7,GO:0045061,thymic T cell selection,M011,2,0
0,1,1,0,-2,-2,WP5144,NRP1 triggered signaling pathways in pancreatic cancer,M011,2,0
1,1,0,-3,-2,0,GO:0060041,retina development in camera-type eye,M110,2,0
0,1,1,0,-2.4,-3.4,WP2877,Vitamin D receptor pathway,M011,2,0
1,1,0,-2.1,-2.8,0,GO:0002312,B cell activation involved in immune response,M110,2,0
1,0,1,-2.5,0,-4.8,GO:0030851,granulocyte differentiation,M101,2,0
1,0,1,-3.8,0,-3.8,GO:0030218,erythrocyte differentiation,M101,2,0
1,0,1,-2,0,-2,R-HSA-9658195,Leishmania infection,M101,2,0
1,0,1,-3.9,0,-2.6,GO:0002286,T cell activation involved in immune response,M101,2,0
0,1,1,0,-6.8,-2.7,GO:0150063,visual system development,M011,2,0
1,0,1,-3.5,0,-2.2,R-HSA-9012999,RHO GTPase cycle,M101,2,0
1,0,1,-3.4,0,-4.2,GO:0048514,blood vessel morphogenesis,M101,2,0
1,0,1,-2.1,0,-2.1,GO:0098727,maintenance of cell number,M101,2,0
0,1,1,0,-3.7,-2,GO:0030879,mammary gland development,M011,2,0
0,1,1,0,-3.6,-5.8,WP3945,TYROBP causal network in microglia,M011,2,0
0,1,1,0,-2.5,-2.5,GO:0021988,olfactory lobe development,M011,2,0
0,1,1,0,-2.7,-2.2,GO:0048754,branching morphogenesis of an epithelial tube,M011,2,0
0,1,1,0,-2.7,-2.7,GO:0045060,negative thymic T cell selection,M011,2,0
0,1,1,0,-2.8,-2.3,hsa04148,Efferocytosis,M011,2,0
0,1,1,0,-2,-5.6,GO:0050727,regulation of inflammatory response,M011,2,0
1,0,1,-3.7,0,-2.2,GO:0042093,T-helper cell differentiation,M101,2,0
1,0,1,-2.5,0,-3.1,GO:0002520,immune system development,M101,2,0
1,1,0,-3.8,-2.1,0,WP3932,Focal adhesion PI3K Akt mTOR signaling pathway,M110,2,0
0,1,1,0,-2.2,-2.9,GO:0002720,positive regulation of cytokine production involved in immune response,M011,2,0
1,0,1,-5.3,0,-2.1,hsa04666,Fc gamma R-mediated phagocytosis,M101,2,0
1,1,0,-2.2,-3,0,GO:0001822,kidney development,M110,2,0
1,1,0,-2.3,-2.3,0,GO:0001101,response to acid chemical,M110,2,0
0,1,1,0,-2.6,-3.9,GO:2000514,"regulation of CD4-positive, alpha-beta T cell activation",M011,2,0
1,1,0,-2.9,-3.5,0,GO:0030183,B cell differentiation,M110,2,0
1,0,1,-3.3,0,-6.3,GO:0002696,positive regulation of leukocyte activation,M101,2,0
0,1,1,0,-2,-3.1,R-HSA-8951430,RUNX3 regulates WNT signaling,M011,2,0
0,1,1,0,-3.1,-2.4,M195,PID CMYB PATHWAY,M011,2,0
1,0,1,-2.4,0,-3,GO:0048844,artery morphogenesis,M101,2,0
1,0,1,-2,0,-2,GO:0002829,negative regulation of type 2 immune response,M101,2,0
1,0,1,-2.9,0,-2.4,GO:0007498,mesoderm development,M101,2,0
0,1,1,0,-2.3,-2.9,GO:0014015,positive regulation of gliogenesis,M011,2,0
1,1,0,-2,-2.7,0,GO:0007368,determination of left/right symmetry,M110,2,0
1,0,1,-3.1,0,-2.5,GO:0043367,"CD4-positive, alpha-beta T cell differentiation",M101,2,0
1,1,0,-2.1,-2.1,0,R-HSA-5663202,Diseases of signal transduction by growth factor receptors and second messengers,M110,2,0
1,1,0,-3.5,-4,0,GO:0060562,epithelial tube morphogenesis,M110,2,0
1,0,1,-3.4,0,-2,GO:0002292,T cell differentiation involved in immune response,M101,2,0
0,1,1,0,-2,-2,R-HSA-4641265,Repression of WNT target genes,M011,2,0
0,1,1,0,-2.7,-2,WP4341,Non genomic actions of 1 25 dihydroxyvitamin D3,M011,2,0
1,0,1,-3.5,0,-3.5,GO:0034101,erythrocyte homeostasis,M101,2,0
1,0,1,-2.4,0,-4.6,GO:0070665,positive regulation of leukocyte proliferation,M101,2,0
1,1,0,-3.2,-2.7,0,GO:0048736,appendage development,M110,2,0
0,1,1,0,-3,-3,GO:0048706,embryonic skeletal system development,M011,2,0
0,1,1,0,-2.3,-2.3,GO:0048863,stem cell differentiation,M011,2,0
0,1,1,0,-3.4,-5.4,WP4844,Influence of laminopathies on Wnt signaling,M011,2,0
1,0,1,-3.1,0,-3.1,R-HSA-983705,Signaling by the B Cell Receptor (BCR),M101,2,0
1,1,0,-3,-5.8,0,GO:0000902,cell morphogenesis,M110,2,0
1,0,1,-3.6,0,-2.5,R-HSA-9006335,Signaling by Erythropoietin,M101,2,0
1,1,0,-2.4,-2.4,0,GO:0019724,B cell mediated immunity,M110,2,0
0,1,1,0,-2.1,-5.1,GO:0031348,negative regulation of defense response,M011,2,0
1,1,0,-2.3,-2.9,0,GO:0035113,embryonic appendage morphogenesis,M110,2,0
1,0,1,-4.9,0,-3.2,M7,PID FCER1 PATHWAY,M101,2,0
1,0,1,-2.4,0,-2.4,GO:0045063,T-helper 1 cell differentiation,M101,2,0
1,0,1,-2.5,0,-2.5,GO:0051056,regulation of small GTPase mediated signal transduction,M101,2,0
0,1,1,0,-2.2,-2.2,GO:0003208,cardiac ventricle morphogenesis,M011,2,0
0,1,1,0,-2.3,-2.2,GO:2000177,regulation of neural precursor cell proliferation,M011,2,0
1,1,0,-2.9,-4.9,0,GO:0070848,response to growth factor,M110,2,0
0,1,1,0,-2.5,-3.2,GO:0043370,"regulation of CD4-positive, alpha-beta T cell differentiation",M011,2,0
1,1,0,-2.7,-3.1,0,R-HSA-9006934,Signaling by Receptor Tyrosine Kinases,M110,2,0
1,0,1,-3,0,-3.5,R-HSA-76002,"Platelet activation, signaling and aggregation",M101,2,0
1,0,1,-2.3,0,-2.3,GO:0032330,regulation of chondrocyte differentiation,M101,2,0
1,0,1,-4.4,0,-4.4,hsa04662,B cell receptor signaling pathway,M101,2,0
1,0,1,-2.4,0,-2.4,GO:0001945,lymph vessel development,M101,2,0
0,1,1,0,-6.7,-2.6,GO:0048880,sensory system development,M011,2,0
0,1,1,0,-4.2,-2.1,GO:0048704,embryonic skeletal system morphogenesis,M011,2,0
1,0,1,-2,0,-2,GO:0001502,cartilage condensation,M101,2,0
1,1,0,-3.9,-2.5,0,GO:0021766,hippocampus development,M110,2,0
0,1,1,0,-2.4,-2.4,M44,PID HIF2PATHWAY,M011,2,0
0,1,1,0,-3.1,-2,GO:0002830,positive regulation of type 2 immune response,M011,2,0
1,1,0,-2.6,-2.6,0,GO:0007162,negative regulation of cell adhesion,M110,2,0
0,1,1,0,-2.3,-3.9,GO:0045058,T cell selection,M011,2,0
1,1,0,-3,-2.2,0,GO:0009725,response to hormone,M110,2,0
1,1,0,-2.3,-4.3,0,GO:0071773,cellular response to BMP stimulus,M110,2,0
0,1,1,0,-3.1,-2.3,GO:0032655,regulation of interleukin-12 production,M011,2,0
1,0,1,-3.4,0,-5.8,GO:0050867,positive regulation of cell activation,M101,2,0
1,0,1,-2.7,0,-2.7,GO:0002576,platelet degranulation,M101,2,0
1,0,1,-3.2,0,-5.9,R-HSA-9616222,Transcriptional regulation of granulopoiesis,M101,2,0
1,0,1,-5.8,0,-2.4,R-HSA-2871796,FCERI mediated MAPK activation,M101,2,0
0,1,1,0,-5.1,-3.8,WP2857,Mesodermal commitment pathway,M011,2,0
1,1,0,-2.3,-2.3,0,GO:0018212,peptidyl-tyrosine modification,M110,2,0
1,1,0,-2.4,-2.4,0,GO:0048339,paraxial mesoderm development,M110,2,0
0,1,1,0,-2.2,-2.2,hsa05216,Thyroid cancer,M011,2,0
0,1,1,0,-7,-5.1,hsa05202,Transcriptional misregulation in cancer,M011,2,0
1,0,1,-2.3,0,-2.3,GO:0140467,integrated stress response signaling,M101,2,0
1,1,0,-4.6,-4.6,0,GO:0021543,pallium development,M110,2,0
0,1,1,0,-3.4,-2.5,GO:0032735,positive regulation of interleukin-12 production,M011,2,0
1,0,1,-2.7,0,-3.5,WP5198,Inflammatory bowel disease signaling,M101,2,0
0,1,1,0,-3.4,-2.7,WP2840,Hair follicle development cytodifferentiation part 3 of 3,M011,2,0
0,1,1,0,-3.7,-2.2,GO:0061180,mammary gland epithelium development,M011,2,0
1,0,1,-2.4,0,-2.4,R-HSA-525793,Myogenesis,M101,2,0
0,1,1,0,-2.2,-2.2,GO:0098868,bone growth,M011,2,0
0,1,1,0,-2,-2.6,GO:2000630,positive regulation of miRNA metabolic process,M011,2,0
1,0,1,-3.1,0,-6.4,GO:0050871,positive regulation of B cell activation,M101,2,0
0,1,1,0,-3.7,-3.7,GO:0001819,positive regulation of cytokine production,M011,2,0
1,1,0,-3.7,-2.3,0,hsa04724,Glutamatergic synapse,M110,2,0
1,1,0,-2.4,-2.9,0,GO:0050868,negative regulation of T cell activation,M110,2,0
1,0,1,-3.4,0,-2.7,GO:0035710,"CD4-positive, alpha-beta T cell activation",M101,2,0
1,0,1,-2.1,0,-2.8,GO:0045577,regulation of B cell differentiation,M101,2,0
0,1,1,0,-3.1,-2.6,GO:0072006,nephron development,M011,2,0
1,1,0,-2.8,-3.6,0,GO:0003143,embryonic heart tube morphogenesis,M110,2,0
0,1,1,0,-2.5,-3.6,WP3599,Transcription factor regulation in adipogenesis,M011,2,0
0,1,1,0,-2.5,-2.5,GO:0060443,mammary gland morphogenesis,M011,2,0
1,0,1,-2.5,0,-4.2,M28,PID IL4 2PATHWAY,M101,2,0
1,1,0,-2,-2,0,hsa05231,Choline metabolism in cancer,M110,2,0
1,0,1,-5,0,-2.3,R-HSA-512988,"Interleukin-3, Interleukin-5 and GM-CSF signaling",M101,2,0
0,1,1,0,-2.5,-3.1,GO:0032943,mononuclear cell proliferation,M011,2,0
1,1,0,-2.9,-3.6,0,GO:0030509,BMP signaling pathway,M110,2,0
0,1,1,0,-2.2,-2.9,GO:0046638,positive regulation of alpha-beta T cell differentiation,M011,2,0
1,1,0,-2.7,-2,0,M164,PID ERBB1 DOWNSTREAM PATHWAY,M110,2,0
1,0,1,-5.2,0,-4,hsa04664,Fc epsilon RI signaling pathway,M101,2,0
1,0,1,-3.7,0,-5,GO:0050864,regulation of B cell activation,M101,2,0
0,1,1,0,-2.1,-2.1,R-HSA-201722,Formation of the beta-catenin:TCF transactivating complex,M011,2,0
0,1,1,0,-3.6,-2.1,GO:0072073,kidney epithelium development,M011,2,0
1,0,1,-2.2,0,-2.2,R-HSA-114604,GPVI-mediated activation cascade,M101,2,0
1,0,1,-2,0,-2,R-HSA-9824443,Parasitic Infection Pathways,M101,2,0
1,1,0,-2.9,-2.5,0,GO:0006468,protein phosphorylation,M110,2,0
0,1,1,0,-2,-2,R-HSA-4085001,Sialic acid metabolism,M011,2,0
1,1,0,-3.3,-2.5,0,GO:0071407,cellular response to organic cyclic compound,M110,2,0
0,1,1,0,-3.2,-5.9,GO:0045621,positive regulation of lymphocyte differentiation,M011,2,0
0,1,1,0,-2.3,-3.5,R-HSA-9843745,Adipogenesis,M011,2,0
1,1,0,-2.6,-4.1,0,GO:0071363,cellular response to growth factor stimulus,M110,2,0
0,1,1,0,-4.1,-2.6,WP4216,Chromosomal and microsatellite instability in colorectal cancer,M011,2,0
1,0,1,-3.2,0,-2.2,M22,PID GMCSF PATHWAY,M101,2,0
1,0,1,-5.9,0,-2.7,R-HSA-983695,Antigen activates B Cell Receptor (BCR) leading to generation of second messengers,M101,2,0
1,0,1,-6.1,0,-2.3,WP286,IL 3 signaling pathway,M101,2,0
0,1,1,0,-2.3,-2.9,GO:1902895,positive regulation of miRNA transcription,M011,2,0
1,0,1,-4,0,-4,GO:0045646,regulation of erythrocyte differentiation,M101,2,0
1,0,1,-2.2,0,-2.2,GO:1904936,interneuron migration,M101,2,0
1,0,1,-3.5,0,-2.1,GO:0002293,alpha-beta T cell differentiation involved in immune response,M101,2,0
1,0,1,-2,0,-2,GO:0003417,growth plate cartilage development,M101,2,0
1,1,0,-2.4,-7.3,0,GO:0045669,positive regulation of osteoblast differentiation,M110,2,0
1,1,0,-2.3,-2.9,0,GO:0030326,embryonic limb morphogenesis,M110,2,0
1,1,0,-2.1,-4.7,0,GO:0043010,camera-type eye development,M110,2,0
1,1,0,-2.8,-2.2,0,GO:0045665,negative regulation of neuron differentiation,M110,2,0
1,1,0,-3.9,-5.1,0,GO:0045664,regulation of neuron differentiation,M110,2,0
1,0,1,-4.5,0,-2.4,GO:0021781,glial cell fate commitment,M101,2,0
0,1,1,0,-5.4,-2.1,GO:0001654,eye development,M011,2,0
0,1,1,0,-2.2,-3.4,R-HSA-4411364,Binding of TCF/LEF:CTNNB1 to target gene promoters,M011,2,0
0,1,1,0,-4.4,-2.9,GO:0072132,mesenchyme morphogenesis,M011,2,0
1,0,1,-2,0,-2,WP167,Eicosanoid synthesis,M101,2,0
0,1,1,0,-2.3,-3.6,GO:0071345,cellular response to cytokine stimulus,M011,2,0
1,0,1,-3,0,-2.4,GO:0002262,myeloid cell homeostasis,M101,2,0
0,1,1,0,-2.7,-2.7,GO:0060840,artery development,M011,2,0
1,1,0,-2.2,-2.2,0,GO:0048483,autonomic nervous system development,M110,2,0
1,1,0,-2.2,-2.2,0,GO:0098543,detection of other organism,M110,2,0
1,0,1,-2,0,-2,GO:0098743,cell aggregation,M101,2,0
1,0,1,-2.3,0,-3.1,GO:0002637,regulation of immunoglobulin production,M101,2,0
0,1,1,0,-3.4,-3.3,GO:0001503,ossification,M011,2,0
1,0,1,-2.9,0,-2.9,GO:0007169,transmembrane receptor protein tyrosine kinase signaling pathway,M101,2,0
0,1,1,0,-2.1,-3,WP363,Wnt signaling pathway,M011,2,0
0,1,1,0,-5.5,-2.9,GO:0007389,pattern specification process,M011,2,0
0,1,1,0,-2.2,-4.4,GO:0022409,positive regulation of cell-cell adhesion,M011,2,0
1,0,1,-2.1,0,-3.7,GO:0010721,negative regulation of cell development,M101,2,0
1,0,1,-3,0,-4.6,M10,PID BCR 5PATHWAY,M101,2,0
0,1,1,0,-3.2,-5.7,GO:0045580,regulation of T cell differentiation,M011,2,0
1,0,1,-3.4,0,-6,GO:0051251,positive regulation of lymphocyte activation,M101,2,0
1,0,1,-3.9,0,-3.9,GO:0061351,neural precursor cell proliferation,M101,2,0
1,0,1,-3.7,0,-2.4,M186,PID PDGFRB PATHWAY,M101,2,0
0,1,1,0,-2.4,-2.7,GO:0050678,regulation of epithelial cell proliferation,M011,2,0
0,1,1,0,-4.6,-3,GO:0050769,positive regulation of neurogenesis,M011,2,0
1,0,1,-3.1,0,-3.6,GO:0071695,anatomical structure maturation,M101,2,0
1,1,0,-3.2,-2.7,0,GO:0060173,limb development,M110,2,0
1,1,0,-2.9,-2.1,0,GO:0099536,synaptic signaling,M110,2,0
0,1,1,0,-2.7,-2.1,R-HSA-8878159,Transcriptional regulation by RUNX3,M011,2,0
0,1,1,0,-4.2,-2.5,WP3995,Prion disease pathway,M011,2,0
0,1,1,0,-2.6,-2.6,GO:0048762,mesenchymal cell differentiation,M011,2,0
1,0,1,-2.1,0,-3.7,GO:0032946,positive regulation of mononuclear cell proliferation,M101,2,0
1,0,1,-2,0,-3.1,GO:0001525,angiogenesis,M101,2,0
0,1,1,0,-3.4,-2.4,GO:0031344,regulation of cell projection organization,M011,2,0
1,1,0,-2.7,-4.2,0,GO:0043068,positive regulation of programmed cell death,M110,2,0
0,1,1,0,-2.5,-3.1,GO:0045639,positive regulation of myeloid cell differentiation,M011,2,0
0,1,1,0,-4,-3,GO:0060485,mesenchyme development,M011,2,0
1,0,1,-2.3,0,-2.8,R-HSA-9013149,RAC1 GTPase cycle,M101,2,0
0,1,1,0,-2.5,-3.1,GO:0046651,lymphocyte proliferation,M011,2,0
1,0,1,-6.8,0,-2.2,M17200,SA B CELL RECEPTOR COMPLEXES,M101,2,0
1,0,1,-2.2,0,-2.2,R-HSA-76009,Platelet Aggregation (Plug Formation),M101,2,0
1,0,1,-5.2,0,-4.1,M8626,SIG BCR SIGNALING PATHWAY,M101,2,0
0,1,1,0,-2.1,-2.1,GO:2000516,"positive regulation of CD4-positive, alpha-beta T cell activation",M011,2,0
0,1,1,0,-4.1,-2.6,GO:0051960,regulation of nervous system development,M011,2,0
1,0,1,-3.7,0,-3.7,GO:0021960,anterior commissure morphogenesis,M101,2,0
0,1,1,0,-3.9,-2.1,GO:0006954,inflammatory response,M011,2,0
1,1,0,-3.3,-2.7,0,GO:0035107,appendage morphogenesis,M110,2,0
1,0,1,-3.1,0,-3.7,WP2858,Ectoderm differentiation,M101,2,0
0,1,1,0,-2.1,-2,GO:0009611,response to wounding,M011,2,0
0,1,0,0,-2.5,0,GO:0003177,pulmonary valve development,M010,1,0
0,0,1,0,0,-2.2,GO:0050680,negative regulation of epithelial cell proliferation,M001,1,0
0,1,0,0,-3.1,0,GO:0030225,macrophage differentiation,M010,1,0
0,1,0,0,-2.5,0,GO:0072331,signal transduction by p53 class mediator,M010,1,0
0,1,0,0,-2.7,0,GO:0001773,myeloid dendritic cell activation,M010,1,0
1,0,0,-2.7,0,0,GO:0099537,trans-synaptic signaling,M100,1,0
0,0,1,0,0,-3.3,GO:0001937,negative regulation of endothelial cell proliferation,M001,1,0
0,0,1,0,0,-3.1,hsa04658,Th1 and Th2 cell differentiation,M001,1,0
0,0,1,0,0,-3.8,GO:0046643,regulation of gamma-delta T cell activation,M001,1,0
0,1,0,0,-3.7,0,GO:0051058,negative regulation of small GTPase mediated signal transduction,M010,1,0
0,1,0,0,-2.5,0,GO:0045666,positive regulation of neuron differentiation,M010,1,0
0,1,0,0,-2.2,0,hsa05217,Basal cell carcinoma,M010,1,0
1,0,0,-2.2,0,0,R-HSA-9031628,NGF-stimulated transcription,M100,1,0
1,0,0,-2.3,0,0,GO:0030902,hindbrain development,M100,1,0
1,0,0,-2.5,0,0,M100,PID SHP2 PATHWAY,M100,1,0
0,0,1,0,0,-2.3,GO:0046620,regulation of organ growth,M001,1,0
0,0,1,0,0,-2.2,R-HSA-975576,N-glycan antennae elongation in the medial/trans-Golgi,M001,1,0
0,1,0,0,-2.6,0,WP4542,Leukocyte intrinsic Hippo pathway functions,M010,1,0
0,0,1,0,0,-2.5,GO:0003151,outflow tract morphogenesis,M001,1,0
0,1,0,0,-2.9,0,GO:0045332,phospholipid translocation,M010,1,0
0,0,1,0,0,-2.5,R-HSA-9013508,NOTCH3 Intracellular Domain Regulates Transcription,M001,1,0
0,0,1,0,0,-4.1,GO:1903707,negative regulation of hemopoiesis,M001,1,0
1,0,0,-3.3,0,0,GO:0001708,cell fate specification,M100,1,0
0,1,0,0,-2.6,0,GO:0045622,regulation of T-helper cell differentiation,M010,1,0
0,1,0,0,-2.2,0,GO:0045824,negative regulation of innate immune response,M010,1,0
0,0,1,0,0,-2.9,GO:0046456,icosanoid biosynthetic process,M001,1,0
0,1,0,0,-2.9,0,GO:0098609,cell-cell adhesion,M010,1,0
1,0,0,-2.1,0,0,WP3929,Chemokine signaling pathway,M100,1,0
0,1,0,0,-2.2,0,WP4142,Metabolism of sphingolipids in ER and Golgi apparatus,M010,1,0
1,0,0,-3.1,0,0,GO:0043299,leukocyte degranulation,M100,1,0
0,0,1,0,0,-2.7,GO:1905563,negative regulation of vascular endothelial cell proliferation,M001,1,0
0,1,0,0,-2.1,0,GO:0002437,inflammatory response to antigenic stimulus,M010,1,0
0,0,1,0,0,-2.2,GO:0046629,gamma-delta T cell activation,M001,1,0
0,0,1,0,0,-3.1,GO:1903305,regulation of regulated secretory pathway,M001,1,0
0,1,0,0,-2.3,0,WP4816,TGF beta receptor signaling in skeletal dysplasias,M010,1,0
0,1,0,0,-2.3,0,GO:0001656,metanephros development,M010,1,0
0,0,1,0,0,-4.3,GO:0046635,positive regulation of alpha-beta T cell activation,M001,1,0
0,1,0,0,-3.9,0,hsa05215,Prostate cancer,M010,1,0
0,1,0,0,-2.4,0,GO:0072163,mesonephric epithelium development,M010,1,0
1,0,0,-2.7,0,0,GO:2000977,regulation of forebrain neuron differentiation,M100,1,0
0,1,0,0,-2.1,0,GO:0009311,oligosaccharide metabolic process,M010,1,0
1,0,0,-2.8,0,0,GO:0002449,lymphocyte mediated immunity,M100,1,0
1,0,0,-3.8,0,0,R-HSA-389356,CD28 co-stimulation,M100,1,0
1,0,0,-2.2,0,0,GO:0010562,positive regulation of phosphorus metabolic process,M100,1,0
0,0,1,0,0,-2.5,GO:0045765,regulation of angiogenesis,M001,1,0
0,1,0,0,-2.9,0,GO:2000377,regulation of reactive oxygen species metabolic process,M010,1,0
0,1,0,0,-2.2,0,R-HSA-3595177,Defective CHSY1 causes TPBS,M010,1,0
0,1,0,0,-2.3,0,GO:0071229,cellular response to acid chemical,M010,1,0
0,1,0,0,-4.3,0,GO:0048812,neuron projection morphogenesis,M010,1,0
1,0,0,-2.4,0,0,GO:0007405,neuroblast proliferation,M100,1,0
0,1,0,0,-3.8,0,GO:0042092,type 2 immune response,M010,1,0
1,0,0,-2.5,0,0,GO:0043525,positive regulation of neuron apoptotic process,M100,1,0
1,0,0,-2.5,0,0,GO:0098657,import into cell,M100,1,0
1,0,0,-2.2,0,0,GO:0002204,somatic recombination of immunoglobulin genes involved in immune response,M100,1,0
1,0,0,-3.3,0,0,R-HSA-2871809,FCERI mediated Ca+2 mobilization,M100,1,0
0,0,1,0,0,-3.8,GO:0050870,positive regulation of T cell activation,M001,1,0
1,0,0,-2,0,0,WP2643,Nanoparticle mediated activation of receptor signaling,M100,1,0
0,0,1,0,0,-2.9,GO:0002639,positive regulation of immunoglobulin production,M001,1,0
0,1,0,0,-2.1,0,GO:0048732,gland development,M010,1,0
0,1,0,0,-5.4,0,GO:0040007,growth,M010,1,0
0,0,1,0,0,-2.2,GO:0051282,regulation of sequestering of calcium ion,M001,1,0
1,0,0,-2.1,0,0,R-HSA-168179,Toll Like Receptor TLR1:TLR2 Cascade,M100,1,0
0,1,0,0,-2.4,0,GO:0032649,regulation of type II interferon production,M010,1,0
0,0,1,0,0,-2.6,GO:0046639,negative regulation of alpha-beta T cell differentiation,M001,1,0
1,0,0,-2.1,0,0,GO:0002562,somatic diversification of immune receptors via germline recombination within a single locus,M100,1,0
0,1,0,0,-2.5,0,GO:0045655,regulation of monocyte differentiation,M010,1,0
1,0,0,-2.2,0,0,GO:0002067,glandular epithelial cell differentiation,M100,1,0
1,0,0,-3.4,0,0,GO:0021780,glial cell fate specification,M100,1,0
0,0,1,0,0,-3.2,GO:0002714,positive regulation of B cell mediated immunity,M001,1,0
1,0,0,-3.4,0,0,WP5153,N glycan biosynthesis,M100,1,0
1,0,0,-2.2,0,0,R-HSA-9674555,Signaling by CSF3 (G-CSF),M100,1,0
0,0,1,0,0,-2.2,R-HSA-888590,"GABA synthesis, release, reuptake and degradation",M001,1,0
1,0,0,-4.1,0,0,GO:0002443,leukocyte mediated immunity,M100,1,0
0,0,1,0,0,-4.1,GO:0030888,regulation of B cell proliferation,M001,1,0
0,1,0,0,-2.9,0,GO:0032653,regulation of interleukin-10 production,M010,1,0
1,0,0,-2.1,0,0,WP51,Regulation of actin cytoskeleton,M100,1,0
0,1,0,0,-2.2,0,GO:0022602,ovulation cycle process,M010,1,0
0,1,0,0,-6.1,0,WP5094,Orexin receptor pathway,M010,1,0
0,1,0,0,-3.1,0,GO:0050923,regulation of negative chemotaxis,M010,1,0
1,0,0,-2.3,0,0,GO:0006909,phagocytosis,M100,1,0
0,1,0,0,-2.1,0,GO:0046545,development of primary female sexual characteristics,M010,1,0
1,0,0,-3.9,0,0,hsa04072,Phospholipase D signaling pathway,M100,1,0
0,1,0,0,-2.8,0,GO:0030500,regulation of bone mineralization,M010,1,0
1,0,0,-2.4,0,0,GO:0021892,cerebral cortex GABAergic interneuron differentiation,M100,1,0
0,1,0,0,-2.7,0,GO:2001053,regulation of mesenchymal cell apoptotic process,M010,1,0
0,0,1,0,0,-2,GO:0030224,monocyte differentiation,M001,1,0
0,1,0,0,-2.6,0,GO:0097035,regulation of membrane lipid distribution,M010,1,0
0,1,0,0,-2.4,0,GO:0017121,plasma membrane phospholipid scrambling,M010,1,0
0,0,1,0,0,-2.7,GO:1902170,cellular response to reactive nitrogen species,M001,1,0
1,0,0,-2.7,0,0,WP4760,PKC gamma calcium signaling pathway in ataxia,M100,1,0
0,0,1,0,0,-2.7,GO:1905153,regulation of membrane invagination,M001,1,0
0,1,0,0,-2.2,0,R-HSA-3595172,Defective CHST3 causes SEDCJD,M010,1,0
0,0,1,0,0,-2.1,M162,PID RXR VDR PATHWAY,M001,1,0
1,0,0,-2.1,0,0,R-HSA-166058,MyD88:MAL(TIRAP) cascade initiated on plasma membrane,M100,1,0
0,0,1,0,0,-2.3,GO:0042472,inner ear morphogenesis,M001,1,0
0,1,0,0,-2.4,0,GO:0009855,determination of bilateral symmetry,M010,1,0
0,0,1,0,0,-2.1,R-HSA-3769402,Deactivation of the beta-catenin transactivating complex,M001,1,0
1,0,0,-2,0,0,GO:0006351,DNA-templated transcription,M100,1,0
1,0,0,-2.4,0,0,R-HSA-164952,The role of Nef in HIV-1 replication and disease pathogenesis,M100,1,0
0,1,0,0,-3.7,0,WP4541,Hippo Merlin signaling dysregulation,M010,1,0
0,1,0,0,-2.6,0,R-HSA-201556,Signaling by ALK,M010,1,0
1,0,0,-3.1,0,0,GO:0043249,erythrocyte maturation,M100,1,0
0,1,0,0,-2.6,0,GO:0071230,cellular response to amino acid stimulus,M010,1,0
1,0,0,-2.1,0,0,GO:0048857,neural nucleus development,M100,1,0
0,0,1,0,0,-2.2,hsa04913,Ovarian steroidogenesis,M001,1,0
0,0,1,0,0,-2.4,GO:0050873,brown fat cell differentiation,M001,1,0
1,0,0,-3.1,0,0,GO:0030036,actin cytoskeleton organization,M100,1,0
0,1,0,0,-2.5,0,GO:0001837,epithelial to mesenchymal transition,M010,1,0
0,0,1,0,0,-4,WP4879,Overlap between signal transduction pathways contributing to LMNA laminopathies,M001,1,0
1,0,0,-2.9,0,0,GO:0001946,lymphangiogenesis,M100,1,0
0,1,0,0,-2.5,0,hsa05166,Human T-cell leukemia virus 1 infection,M010,1,0
0,0,1,0,0,-2.2,WP2355,Corticotropin releasing hormone signaling pathway,M001,1,0
0,0,1,0,0,-2.5,GO:0030852,regulation of granulocyte differentiation,M001,1,0
0,1,0,0,-2.3,0,hsa05161,Hepatitis B,M010,1,0
0,1,0,0,-2.4,0,WP560,TGF beta receptor signaling,M010,1,0
0,0,1,0,0,-2.7,GO:0045581,negative regulation of T cell differentiation,M001,1,0
1,0,0,-2.8,0,0,hsa04024,cAMP signaling pathway,M100,1,0
0,1,0,0,-2.4,0,GO:0035329,hippo signaling,M010,1,0
0,0,1,0,0,-4.8,GO:0045588,positive regulation of gamma-delta T cell differentiation,M001,1,0
0,0,1,0,0,-2.9,GO:0002889,regulation of immunoglobulin mediated immune response,M001,1,0
1,0,0,-2.7,0,0,GO:0031343,positive regulation of cell killing,M100,1,0
1,0,0,-2.9,0,0,M1718,SIG IL4RECEPTOR IN B LYPHOCYTES,M100,1,0
1,0,0,-3.5,0,0,GO:0071383,cellular response to steroid hormone stimulus,M100,1,0
1,0,0,-3.7,0,0,hsa04725,Cholinergic synapse,M100,1,0
0,1,0,0,-2.1,0,WP4262,Breast cancer pathway,M010,1,0
0,0,1,0,0,-3.8,R-HSA-381340,Transcriptional regulation of white adipocyte differentiation,M001,1,0
0,0,1,0,0,-2,WP3612,Photodynamic therapy induced NFE2L2 NRF2 survival signaling,M001,1,0
1,0,0,-2.1,0,0,R-HSA-9634815,Transcriptional Regulation by NPAS4,M100,1,0
0,0,1,0,0,-2.4,GO:0045830,positive regulation of isotype switching,M001,1,0
0,0,1,0,0,-2.3,GO:0009952,anterior/posterior pattern specification,M001,1,0
0,1,0,0,-3.8,0,R-HSA-2032785,YAP1- and WWTR1 (TAZ)-stimulated gene expression,M010,1,0
1,0,0,-5.4,0,0,hsa04935,"Growth hormone synthesis, secretion and action",M100,1,0
0,1,0,0,-4.1,0,GO:0021952,central nervous system projection neuron axonogenesis,M010,1,0
0,1,0,0,-2,0,GO:0060576,intestinal epithelial cell development,M010,1,0
1,0,0,-2.5,0,0,GO:0001709,cell fate determination,M100,1,0
0,1,0,0,-3.7,0,GO:0032667,regulation of interleukin-23 production,M010,1,0
0,0,1,0,0,-3.2,GO:0002891,positive regulation of immunoglobulin mediated immune response,M001,1,0
0,1,0,0,-2.7,0,GO:0046660,female sex differentiation,M010,1,0
1,0,0,-2.8,0,0,WP306,Focal adhesion,M100,1,0
0,1,0,0,-2.2,0,GO:0001573,ganglioside metabolic process,M010,1,0
0,1,0,0,-2.3,0,GO:0018193,peptidyl-amino acid modification,M010,1,0
1,0,0,-2.7,0,0,CORUM:725,P2X7 receptor signalling complex,M100,1,0
0,1,0,0,-3.4,0,R-HSA-8951671,RUNX3 regulates YAP1-mediated transcription,M010,1,0
0,1,0,0,-2.6,0,WP4830,GDNF RET signaling axis,M010,1,0
0,1,0,0,-2.3,0,hsa04919,Thyroid hormone signaling pathway,M010,1,0
0,1,0,0,-2.7,0,hsa05211,Renal cell carcinoma,M010,1,0
0,0,1,0,0,-2,GO:0120032,regulation of plasma membrane bounded cell projection assembly,M001,1,0
0,1,0,0,-3.8,0,GO:0008037,cell recognition,M010,1,0
0,0,1,0,0,-2.2,GO:0006691,leukotriene metabolic process,M001,1,0
1,0,0,-2.1,0,0,GO:0043303,mast cell degranulation,M100,1,0
1,0,0,-4.7,0,0,M88,PID CD8 TCR PATHWAY,M100,1,0
1,0,0,-3.7,0,0,GO:0060164,regulation of timing of neuron differentiation,M100,1,0
1,0,0,-3.1,0,0,GO:0035235,ionotropic glutamate receptor signaling pathway,M100,1,0
0,0,1,0,0,-2,R-HSA-449836,Other interleukin signaling,M001,1,0
0,1,0,0,-2.6,0,M65,PID FRA PATHWAY,M010,1,0
0,0,1,0,0,-2,GO:0018904,ether metabolic process,M001,1,0
1,0,0,-2.6,0,0,WP5072,Modulators of TCR signaling and T cell activation,M100,1,0
1,0,0,-2.3,0,0,hsa04660,T cell receptor signaling pathway,M100,1,0
1,0,0,-2.1,0,0,hsa04970,Salivary secretion,M100,1,0
0,0,1,0,0,-2.1,GO:2001185,"regulation of CD8-positive, alpha-beta T cell activation",M001,1,0
1,0,0,-4,0,0,M124,PID CXCR4 PATHWAY,M100,1,0
0,0,1,0,0,-4.3,GO:0033630,positive regulation of cell adhesion mediated by integrin,M001,1,0
1,0,0,-3.3,0,0,R-HSA-166520,Signaling by NTRKs,M100,1,0
1,0,0,-2.9,0,0,R-HSA-2029481,FCGR activation,M100,1,0
0,0,1,0,0,-4.3,GO:0046641,positive regulation of alpha-beta T cell proliferation,M001,1,0
0,1,0,0,-2.4,0,GO:0009799,specification of symmetry,M010,1,0
0,1,0,0,-2.4,0,WP4537,Hippo YAP signaling,M010,1,0
0,1,0,0,-2.2,0,GO:0002320,lymphoid progenitor cell differentiation,M010,1,0
0,0,1,0,0,-2.1,hsa05132,Salmonella infection,M001,1,0
1,0,0,-2.4,0,0,R-HSA-912526,Interleukin receptor SHC signaling,M100,1,0
0,0,1,0,0,-2.8,GO:0009914,hormone transport,M001,1,0
0,0,1,0,0,-2.7,GO:0002861,regulation of inflammatory response to antigenic stimulus,M001,1,0
0,1,0,0,-2.4,0,R-HSA-3595174,"Defective CHST14 causes EDS, musculocontractural type",M010,1,0
0,1,0,0,-2.2,0,R-HSA-2029485,Role of phospholipids in phagocytosis,M010,1,0
0,0,1,0,0,-2.5,GO:0072010,glomerular epithelium development,M001,1,0
1,0,0,-2.2,0,0,R-HSA-75892,Platelet Adhesion to exposed collagen,M100,1,0
0,0,1,0,0,-2.4,GO:0048340,paraxial mesoderm morphogenesis,M001,1,0
0,1,0,0,-2.7,0,GO:0097028,dendritic cell differentiation,M010,1,0
1,0,0,-2.4,0,0,GO:1901699,cellular response to nitrogen compound,M100,1,0
1,0,0,-3.8,0,0,WP437,EGF EGFR signaling pathway,M100,1,0
1,0,0,-2.7,0,0,GO:0007224,smoothened signaling pathway,M100,1,0
1,0,0,-2.8,0,0,GO:0055006,cardiac cell development,M100,1,0
0,1,0,0,-2,0,WP399,Wnt signaling pathway and pluripotency,M010,1,0
0,0,1,0,0,-2.7,GO:0006991,response to sterol depletion,M001,1,0
1,0,0,-2.4,0,0,GO:0043583,ear development,M100,1,0
0,1,0,0,-3.3,0,GO:0051101,regulation of DNA binding,M010,1,0
0,0,1,0,0,-2.7,WP2895,Differentiation of white and brown adipocyte,M001,1,0
1,0,0,-2.2,0,0,GO:0045605,negative regulation of epidermal cell differentiation,M100,1,0
1,0,0,-3.4,0,0,GO:0043087,regulation of GTPase activity,M100,1,0
0,1,0,0,-2.3,0,GO:0070169,positive regulation of biomineral tissue development,M010,1,0
1,0,0,-2.1,0,0,GO:0031341,regulation of cell killing,M100,1,0
1,0,0,-2,0,0,GO:0010543,regulation of platelet activation,M100,1,0
0,1,0,0,-2.6,0,GO:1900015,regulation of cytokine production involved in inflammatory response,M010,1,0
0,0,1,0,0,-2.7,GO:0042088,T-helper 1 type immune response,M001,1,0
0,1,0,0,-5.1,0,hsa04390,Hippo signaling pathway,M010,1,0
0,0,1,0,0,-2.7,GO:0001890,placenta development,M001,1,0
0,0,1,0,0,-2.2,GO:0009100,glycoprotein metabolic process,M001,1,0
1,0,0,-2.9,0,0,hsa04912,GnRH signaling pathway,M100,1,0
0,1,0,0,-2.3,0,GO:0060412,ventricular septum morphogenesis,M010,1,0
1,0,0,-3,0,0,GO:0046677,response to antibiotic,M100,1,0
0,0,1,0,0,-3.4,GO:0043300,regulation of leukocyte degranulation,M001,1,0
0,1,0,0,-3.5,0,GO:1902742,apoptotic process involved in development,M010,1,0
1,0,0,-2.2,0,0,GO:0048671,negative regulation of collateral sprouting,M100,1,0
0,1,0,0,-4.8,0,GO:0061564,axon development,M010,1,0
0,1,0,0,-2.6,0,GO:0060972,left/right pattern formation,M010,1,0
1,0,0,-2.4,0,0,GO:0097150,neuronal stem cell population maintenance,M100,1,0
0,1,0,0,-2,0,WP1425,Bone morphogenic protein signaling and regulation,M010,1,0
0,0,1,0,0,-3.1,WP3527,Pre implantation embryo,M001,1,0
0,0,1,0,0,-2.3,GO:0045600,positive regulation of fat cell differentiation,M001,1,0
0,0,1,0,0,-2,GO:1904238,pericyte cell differentiation,M001,1,0
0,0,1,0,0,-3.3,GO:0021799,cerebral cortex radially oriented cell migration,M001,1,0
0,1,0,0,-2.6,0,M236,PID DELTA NP63 PATHWAY,M010,1,0
0,1,0,0,-3.4,0,GO:0032733,positive regulation of interleukin-10 production,M010,1,0
0,0,1,0,0,-3.8,GO:0071425,hematopoietic stem cell proliferation,M001,1,0
1,0,0,-4,0,0,hsa04022,cGMP-PKG signaling pathway,M100,1,0
1,0,0,-2.7,0,0,M94,PID FAS PATHWAY,M100,1,0
1,0,0,-2.7,0,0,WP2526,PDGF pathway,M100,1,0
1,0,0,-2.2,0,0,GO:0071236,cellular response to antibiotic,M100,1,0
0,1,0,0,-2.1,0,GO:0042771,intrinsic apoptotic signaling pathway in response to DNA damage by p53 class mediator,M010,1,0
0,1,0,0,-2.4,0,GO:0001771,immunological synapse formation,M010,1,0
1,0,0,-2.5,0,0,GO:0006897,endocytosis,M100,1,0
1,0,0,-2.1,0,0,WP5362,TAR syndrome,M100,1,0
0,1,0,0,-2.5,0,GO:1905314,semi-lunar valve development,M010,1,0
0,1,0,0,-3,0,GO:0051090,regulation of DNA-binding transcription factor activity,M010,1,0
1,0,0,-4.2,0,0,R-HSA-2730905,Role of LAT2/NTAL/LAB on calcium mobilization,M100,1,0
0,1,0,0,-2.2,0,WP2880,Glucocorticoid receptor pathway,M010,1,0
0,1,0,0,-3.5,0,GO:0003170,heart valve development,M010,1,0
0,0,1,0,0,-2.1,GO:0042102,positive regulation of T cell proliferation,M001,1,0
1,0,0,-2.7,0,0,WP3937,Microglia pathogen phagocytosis pathway,M100,1,0
0,0,1,0,0,-4.4,GO:0046645,positive regulation of gamma-delta T cell activation,M001,1,0
1,0,0,-2.7,0,0,WP4698,Vitamin D sensitive calcium signaling in depression,M100,1,0
0,0,1,0,0,-2.7,R-HSA-975577,N-Glycan antennae elongation,M001,1,0
1,0,0,-2,0,0,WP4321,Thermogenesis,M100,1,0
1,0,0,-2.1,0,0,WP69,T cell receptor signaling pathway,M100,1,0
0,0,1,0,0,-2.9,GO:0045579,positive regulation of B cell differentiation,M001,1,0
1,0,0,-2.3,0,0,hsa04810,Regulation of actin cytoskeleton,M100,1,0
0,0,1,0,0,-3,GO:0001892,embryonic placenta development,M001,1,0
0,1,0,0,-2.1,0,GO:0031331,positive regulation of cellular catabolic process,M010,1,0
0,0,1,0,0,-3.1,GO:0048341,paraxial mesoderm formation,M001,1,0
0,0,1,0,0,-2.5,WP5385,Growth factors and hormones in beta cell proliferation,M001,1,0
0,0,1,0,0,-3.3,hsa05221,Acute myeloid leukemia,M001,1,0
0,0,1,0,0,-2.4,hsa04750,Inflammatory mediator regulation of TRP channels,M001,1,0
1,0,0,-2.9,0,0,R-HSA-2029480,Fcgamma receptor (FCGR) dependent phagocytosis,M100,1,0
1,0,0,-2.6,0,0,GO:0030324,lung development,M100,1,0
1,0,0,-2.2,0,0,M34,PID TCR PATHWAY,M100,1,0
1,0,0,-2.9,0,0,GO:0098916,anterograde trans-synaptic signaling,M100,1,0
0,1,0,0,-2,0,GO:0032674,regulation of interleukin-5 production,M010,1,0
0,1,0,0,-2,0,GO:2001054,negative regulation of mesenchymal cell apoptotic process,M010,1,0
0,1,0,0,-2.7,0,WP4534,Mechanoregulation and pathology of YAP TAZ via Hippo and non Hippo mechanisms,M010,1,0
1,0,0,-2,0,0,GO:0030216,keratinocyte differentiation,M100,1,0
1,0,0,-2.9,0,0,GO:0038095,Fc-epsilon receptor signaling pathway,M100,1,0
0,0,1,0,0,-2.6,GO:0045648,positive regulation of erythrocyte differentiation,M001,1,0
0,1,0,0,-2.4,0,R-HSA-2024101,CS/DS degradation,M010,1,0
1,0,0,-2.1,0,0,R-HSA-181438,Toll Like Receptor 2 (TLR2) Cascade,M100,1,0
0,1,0,0,-2.6,0,M255,PID HIF1 TFPATHWAY,M010,1,0
1,0,0,-2,0,0,GO:0021516,dorsal spinal cord development,M100,1,0
0,0,1,0,0,-2.1,M285,PID HNF3A PATHWAY,M001,1,0
0,1,0,0,-4.4,0,hsa04360,Axon guidance,M010,1,0
1,0,0,-2.9,0,0,GO:0002433,immune response-regulating cell surface receptor signaling pathway involved in phagocytosis,M100,1,0
0,0,1,0,0,-4.7,GO:1903039,positive regulation of leukocyte cell-cell adhesion,M001,1,0
0,1,0,0,-2.5,0,GO:0032656,regulation of interleukin-13 production,M010,1,0
0,0,1,0,0,-3.4,GO:0140747,regulation of ncRNA transcription,M001,1,0
0,1,0,0,-2,0,WP3851,TLR4 signaling and tolerance,M010,1,0
1,0,0,-3.8,0,0,WP4172,PI3K Akt signaling pathway,M100,1,0
0,1,0,0,-3.1,0,GO:0048048,embryonic eye morphogenesis,M010,1,0
1,0,0,-2.2,0,0,hsa04923,Regulation of lipolysis in adipocytes,M100,1,0
0,0,1,0,0,-3.4,GO:2001187,"positive regulation of CD8-positive, alpha-beta T cell activation",M001,1,0
0,0,1,0,0,-2,GO:1904018,positive regulation of vasculature development,M001,1,0
1,0,0,-3.5,0,0,GO:0035249,"synaptic transmission, glutamatergic",M100,1,0
0,1,0,0,-3,0,GO:0002052,positive regulation of neuroblast proliferation,M010,1,0
0,1,0,0,-2.1,0,hsa05225,Hepatocellular carcinoma,M010,1,0
0,0,1,0,0,-2.7,hsa04976,Bile secretion,M001,1,0
0,0,1,0,0,-2.4,GO:0030854,positive regulation of granulocyte differentiation,M001,1,0
1,0,0,-2.8,0,0,hsa04371,Apelin signaling pathway,M100,1,0
0,1,0,0,-2.5,0,hsa05323,Rheumatoid arthritis,M010,1,0
1,0,0,-2.7,0,0,GO:2000739,regulation of mesenchymal stem cell differentiation,M100,1,0
0,1,0,0,-2.2,0,GO:0032479,regulation of type I interferon production,M010,1,0
0,0,1,0,0,-2.5,GO:0097205,renal filtration,M001,1,0
1,0,0,-2.5,0,0,GO:0002431,Fc receptor mediated stimulatory signaling pathway,M100,1,0
1,0,0,-3.1,0,0,hsa05017,Spinocerebellar ataxia,M100,1,0
0,0,1,0,0,-2.6,GO:0150077,regulation of neuroinflammatory response,M001,1,0
1,0,0,-3.6,0,0,hsa04151,PI3K-Akt signaling pathway,M100,1,0
0,0,1,0,0,-2.7,R-HSA-210990,PECAM1 interactions,M001,1,0
0,1,0,0,-2.7,0,GO:0070167,regulation of biomineral tissue development,M010,1,0
0,0,1,0,0,-2.3,GO:0034103,regulation of tissue remodeling,M001,1,0
1,0,0,-2.1,0,0,GO:0002065,columnar/cuboidal epithelial cell differentiation,M100,1,0
0,0,1,0,0,-2.9,GO:0002532,production of molecular mediator involved in inflammatory response,M001,1,0
0,0,1,0,0,-2.7,WP5066,FOXA2 pathway,M001,1,0
0,1,0,0,-5.9,0,GO:0048667,cell morphogenesis involved in neuron differentiation,M010,1,0
1,0,0,-2.2,0,0,GO:0045683,negative regulation of epidermis development,M100,1,0
1,0,0,-3.1,0,0,hsa04540,Gap junction,M100,1,0
1,0,0,-2.1,0,0,hsa04971,Gastric acid secretion,M100,1,0
0,0,1,0,0,-3.2,WP5293,Acute myeloid leukemia,M001,1,0
0,1,0,0,-2.2,0,GO:0048368,lateral mesoderm development,M010,1,0
0,0,1,0,0,-2.3,hsa05321,Inflammatory bowel disease,M001,1,0
1,0,0,-3.1,0,0,R-HSA-187037,Signaling by NTRK1 (TRKA),M100,1,0
0,0,1,0,0,-2.3,GO:0002704,negative regulation of leukocyte mediated immunity,M001,1,0
0,0,1,0,0,-3.3,GO:2000628,regulation of miRNA metabolic process,M001,1,0
1,0,0,-2.3,0,0,GO:0006887,exocytosis,M100,1,0
0,0,1,0,0,-2.9,GO:0002712,regulation of B cell mediated immunity,M001,1,0
0,1,0,0,-2,0,GO:0097094,craniofacial suture morphogenesis,M010,1,0
1,0,0,-2.2,0,0,hsa04270,Vascular smooth muscle contraction,M100,1,0
1,0,0,-2.2,0,0,R-HSA-450282,MAPK targets/ Nuclear events mediated by MAP kinases,M100,1,0
1,0,0,-2.5,0,0,WP5224,2q37 copy number variation syndrome,M100,1,0
1,0,0,-2.2,0,0,R-HSA-2219530,Constitutive Signaling by Aberrant PI3K in Cancer,M100,1,0
0,0,1,0,0,-2.5,GO:0120031,plasma membrane bounded cell projection assembly,M001,1,0
0,0,1,0,0,-2.5,GO:0003094,glomerular filtration,M001,1,0
0,1,0,0,-2.1,0,GO:0072332,intrinsic apoptotic signaling pathway by p53 class mediator,M010,1,0
1,0,0,-2.7,0,0,GO:0048505,regulation of timing of cell differentiation,M100,1,0
1,0,0,-2.9,0,0,GO:0030323,respiratory tube development,M100,1,0
1,0,0,-2.5,0,0,GO:0035051,cardiocyte differentiation,M100,1,0
1,0,0,-2.2,0,0,GO:1904753,negative regulation of vascular associated smooth muscle cell migration,M100,1,0
1,0,0,-2.2,0,0,GO:0090630,activation of GTPase activity,M100,1,0
0,0,1,0,0,-2.8,WP170,Nuclear receptors,M001,1,0
0,1,0,0,-3.1,0,GO:0060411,cardiac septum morphogenesis,M010,1,0
1,0,0,-2,0,0,GO:0002381,immunoglobulin production involved in immunoglobulin-mediated immune response,M100,1,0
0,1,0,0,-2.1,0,GO:0072189,ureter development,M010,1,0
0,0,1,0,0,-3.3,GO:1903530,regulation of secretion by cell,M001,1,0
0,1,0,0,-2.1,0,R-HSA-400253,Circadian Clock,M010,1,0
0,1,0,0,-2.2,0,GO:0003161,cardiac conduction system development,M010,1,0
0,0,1,0,0,-2.2,GO:0010632,regulation of epithelial cell migration,M001,1,0
1,0,0,-2.1,0,0,GO:0016444,somatic cell DNA recombination,M100,1,0
0,1,0,0,-2.9,0,GO:0010975,regulation of neuron projection development,M010,1,0
1,0,0,-2.4,0,0,WP4877,Host pathogen interaction of human coronaviruses MAPK signaling,M100,1,0
0,1,0,0,-2.3,0,GO:1903829,positive regulation of protein localization,M010,1,0
1,0,0,-2.9,0,0,GO:0038096,Fc-gamma receptor signaling pathway involved in phagocytosis,M100,1,0
0,0,1,0,0,-3.5,GO:0042100,B cell proliferation,M001,1,0
0,0,1,0,0,-2.2,GO:0034616,response to laminar fluid shear stress,M001,1,0
1,0,0,-2.4,0,0,GO:0048839,inner ear development,M100,1,0
0,0,1,0,0,-2.9,GO:0046633,alpha-beta T cell proliferation,M001,1,0
1,0,0,-3.3,0,0,R-HSA-9664407,Parasite infection,M100,1,0
0,0,1,0,0,-4,WP5102,Familial partial lipodystrophy,M001,1,0
0,0,1,0,0,-2.1,GO:0071248,cellular response to metal ion,M001,1,0
0,1,0,0,-3.5,0,GO:0048593,camera-type eye morphogenesis,M010,1,0
1,0,0,-3.2,0,0,GO:0038094,Fc-gamma receptor signaling pathway,M100,1,0
0,1,0,0,-2.7,0,GO:0003281,ventricular septum development,M010,1,0
0,0,1,0,0,-2.2,GO:0043376,"regulation of CD8-positive, alpha-beta T cell differentiation",M001,1,0
1,0,0,-4,0,0,WP364,IL6 signaling pathway,M100,1,0
1,0,0,-2.4,0,0,M214,PID ERBB1 INTERNALIZATION PATHWAY,M100,1,0
0,0,1,0,0,-2.2,GO:1901739,regulation of myoblast fusion,M001,1,0
0,1,0,0,-2.4,0,GO:0072164,mesonephric tubule development,M010,1,0
1,0,0,-3.6,0,0,GO:1990806,ligand-gated ion channel signaling pathway,M100,1,0
1,0,0,-2.7,0,0,GO:0021895,cerebral cortex neuron differentiation,M100,1,0
0,1,0,0,-2.5,0,GO:0060395,SMAD protein signal transduction,M010,1,0
0,0,1,0,0,-3.1,GO:0071499,cellular response to laminar fluid shear stress,M001,1,0
0,1,0,0,-2.6,0,GO:0002335,mature B cell differentiation,M010,1,0
0,0,1,0,0,-2.7,GO:0072011,glomerular endothelium development,M001,1,0
0,0,1,0,0,-2.1,WP299,Nuclear receptors in lipid metabolism and toxicity,M001,1,0
0,0,1,0,0,-2.9,GO:0060100,"positive regulation of phagocytosis, engulfment",M001,1,0
0,1,0,0,-2.4,0,GO:0021891,olfactory bulb interneuron development,M010,1,0
1,0,0,-2.8,0,0,hsa05207,Chemical carcinogenesis - receptor activation,M100,1,0
0,1,0,0,-2.2,0,GO:2000107,negative regulation of leukocyte apoptotic process,M010,1,0
0,1,0,0,-2.9,0,WP5115,Network map of SARS CoV 2 signaling pathway,M010,1,0
0,1,0,0,-2,0,GO:1902692,regulation of neuroblast proliferation,M010,1,0
0,1,0,0,-2.5,0,GO:0120033,negative regulation of plasma membrane bounded cell projection assembly,M010,1,0
0,0,1,0,0,-2.4,GO:0015732,prostaglandin transport,M001,1,0
0,0,1,0,0,-2.7,GO:0043378,"positive regulation of CD8-positive, alpha-beta T cell differentiation",M001,1,0
0,1,0,0,-2,0,GO:0021889,olfactory bulb interneuron differentiation,M010,1,0
1,0,0,-2.2,0,0,GO:0051345,positive regulation of hydrolase activity,M100,1,0
0,0,1,0,0,-2.9,GO:0023061,signal release,M001,1,0
1,0,0,-3.3,0,0,GO:0060541,respiratory system development,M100,1,0
0,1,0,0,-2.2,0,GO:0031349,positive regulation of defense response,M010,1,0
1,0,0,-2.4,0,0,WP3972,PDGFR beta pathway,M100,1,0
0,1,0,0,-3,0,GO:0048596,embryonic camera-type eye morphogenesis,M010,1,0
0,1,0,0,-2.6,0,GO:0010837,regulation of keratinocyte proliferation,M010,1,0
0,1,0,0,-3.9,0,GO:0003205,cardiac chamber development,M010,1,0
0,0,1,0,0,-2.3,GO:0051592,response to calcium ion,M001,1,0
0,1,0,0,-2.7,0,GO:0002313,mature B cell differentiation involved in immune response,M010,1,0
0,1,0,0,-2,0,hsa05152,Tuberculosis,M010,1,0
0,1,0,0,-2,0,GO:0031929,TOR signaling,M010,1,0
0,1,0,0,-2.2,0,R-HSA-166016,Toll Like Receptor 4 (TLR4) Cascade,M010,1,0
0,1,0,0,-2.7,0,WP4018,Clear cell renal cell carcinoma pathways,M010,1,0
1,0,0,-2.7,0,0,GO:0040034,"regulation of development, heterochronic",M100,1,0
0,1,0,0,-2.2,0,GO:0061326,renal tubule development,M010,1,0
0,0,1,0,0,-2.4,GO:0042509,regulation of tyrosine phosphorylation of STAT protein,M001,1,0
0,1,0,0,-2.5,0,GO:0043392,negative regulation of DNA binding,M010,1,0
0,0,1,0,0,-3.1,GO:0033628,regulation of cell adhesion mediated by integrin,M001,1,0
0,1,0,0,-3.8,0,GO:0021955,central nervous system neuron axonogenesis,M010,1,0
0,0,1,0,0,-2.4,GO:1905459,regulation of vascular associated smooth muscle cell apoptotic process,M001,1,0
0,0,1,0,0,-2.4,GO:0050731,positive regulation of peptidyl-tyrosine phosphorylation,M001,1,0
1,0,0,-2.2,0,0,GO:0030889,negative regulation of B cell proliferation,M100,1,0
1,0,0,-2.2,0,0,GO:0055003,cardiac myofibril assembly,M100,1,0
0,0,1,0,0,-2.2,GO:0019370,leukotriene biosynthetic process,M001,1,0
0,0,1,0,0,-2.1,GO:0006636,unsaturated fatty acid biosynthetic process,M001,1,0
0,0,1,0,0,-2,GO:0036037,"CD8-positive, alpha-beta T cell activation",M001,1,0
1,0,0,-2.6,0,0,GO:0030029,actin filament-based process,M100,1,0
0,1,0,0,-2.7,0,GO:0045010,actin nucleation,M010,1,0
0,1,0,0,-2.3,0,GO:0034330,cell junction organization,M010,1,0
0,1,0,0,-2,0,GO:0045879,negative regulation of smoothened signaling pathway,M010,1,0
1,0,0,-3.5,0,0,WP3584,MECP2 and associated Rett syndrome,M100,1,0
0,0,1,0,0,-4.1,GO:0045586,regulation of gamma-delta T cell differentiation,M001,1,0
0,0,1,0,0,-2.9,GO:1905155,positive regulation of membrane invagination,M001,1,0
0,1,0,0,-2.3,0,GO:0021675,nerve development,M010,1,0
0,1,0,0,-2,0,GO:0035988,chondrocyte proliferation,M010,1,0
0,1,0,0,-3.7,0,GO:0032989,cellular anatomical entity morphogenesis,M010,1,0
1,0,0,-2.3,0,0,GO:0032940,secretion by cell,M100,1,0
0,0,1,0,0,-2.5,GO:0001936,regulation of endothelial cell proliferation,M001,1,0
0,1,0,0,-2.3,0,GO:0043408,regulation of MAPK cascade,M010,1,0
0,1,0,0,-2,0,GO:0045745,positive regulation of G protein-coupled receptor signaling pathway,M010,1,0
1,0,0,-2.4,0,0,hsa05142,Chagas disease,M100,1,0
0,0,1,0,0,-2.6,GO:0042531,positive regulation of tyrosine phosphorylation of STAT protein,M001,1,0
1,0,0,-2.4,0,0,hsa04927,Cortisol synthesis and secretion,M100,1,0
0,1,0,0,-2,0,GO:0043011,myeloid dendritic cell differentiation,M010,1,0
0,0,1,0,0,-2.1,GO:0062013,positive regulation of small molecule metabolic process,M001,1,0
0,1,0,0,-2.1,0,WP1539,Angiogenesis,M010,1,0
0,1,0,0,-2.3,0,GO:0001823,mesonephros development,M010,1,0
0,1,0,0,-2,0,GO:1900017,positive regulation of cytokine production involved in inflammatory response,M010,1,0
1,0,0,-2.9,0,0,GO:0021761,limbic system development,M100,1,0
1,0,0,-2.4,0,0,GO:0036303,lymph vessel morphogenesis,M100,1,0
0,1,0,0,-2,0,GO:0007156,homophilic cell adhesion via plasma membrane adhesion molecules,M010,1,0
0,0,1,0,0,-2.4,GO:2000515,"negative regulation of CD4-positive, alpha-beta T cell activation",M001,1,0
0,0,1,0,0,-3.5,GO:1902893,regulation of miRNA transcription,M001,1,0
0,1,0,0,-2.9,0,GO:0060644,mammary gland epithelial cell differentiation,M010,1,0
0,1,0,0,-2.9,0,GO:0007178,transmembrane receptor protein serine/threonine kinase signaling pathway,M010,1,0
0,1,0,0,-2,0,WP289,Myometrial relaxation and contraction pathways,M010,1,0
1,0,0,-2.7,0,0,GO:0007215,glutamate receptor signaling pathway,M100,1,0
0,1,0,0,-2.5,0,GO:0009617,response to bacterium,M010,1,0
0,0,1,0,0,-3.1,GO:0021815,modulation of microtubule cytoskeleton involved in cerebral cortex radial glia guided migration,M001,1,0
1,0,0,-3,0,0,R-HSA-198725,Nuclear Events (kinase and transcription factor activation),M100,1,0
0,0,1,0,0,-2.2,GO:0150079,negative regulation of neuroinflammatory response,M001,1,0
0,1,0,0,-2.4,0,GO:0021859,pyramidal neuron differentiation,M010,1,0
0,1,0,0,-3.1,0,GO:0003272,endocardial cushion formation,M010,1,0
0,1,0,0,-2.2,0,GO:0070486,leukocyte aggregation,M010,1,0
0,1,0,0,-2.4,0,M2,PID SMAD2 3NUCLEAR PATHWAY,M010,1,0
0,0,1,0,0,-2.7,GO:0030031,cell projection assembly,M001,1,0
0,1,0,0,-2,0,GO:0002218,activation of innate immune response,M010,1,0
0,1,0,0,-2.5,0,GO:0035136,forelimb morphogenesis,M010,1,0
0,1,0,0,-3.1,0,GO:0010911,regulation of isomerase activity,M010,1,0
0,1,0,0,-2,0,M267,PID ANTHRAX PATHWAY,M010,1,0
0,0,1,0,0,-3.1,R-HSA-5621480,Dectin-2 family,M001,1,0
0,1,0,0,-2.2,0,GO:0048608,reproductive structure development,M010,1,0
0,0,1,0,0,-2.1,GO:0010876,lipid localization,M001,1,0
0,1,0,0,-5.4,0,GO:0048589,developmental growth,M010,1,0
1,0,0,-3.3,0,0,R-HSA-9664323,FCGR3A-mediated IL10 synthesis,M100,1,0
0,1,0,0,-2.1,0,WP4666,Hepatitis B infection,M010,1,0
1,0,0,-2.4,0,0,GO:0050869,negative regulation of B cell activation,M100,1,0
1,0,0,-2.1,0,0,GO:0002279,mast cell activation involved in immune response,M100,1,0
1,0,0,-2.7,0,0,R-HSA-9027276,Erythropoietin activates Phosphoinositide-3-kinase (PI3K),M100,1,0
0,1,0,0,-3,0,GO:0060537,muscle tissue development,M010,1,0
0,0,1,0,0,-2.7,GO:0071241,cellular response to inorganic substance,M001,1,0
0,0,1,0,0,-3.5,GO:0048709,oligodendrocyte differentiation,M001,1,0
1,0,0,-3.5,0,0,GO:0032870,cellular response to hormone stimulus,M100,1,0
0,1,0,0,-2.1,0,GO:0030278,regulation of ossification,M010,1,0
1,0,0,-2,0,0,GO:0021542,dentate gyrus development,M100,1,0
0,1,0,0,-2.8,0,GO:0050808,synapse organization,M010,1,0
1,0,0,-2.2,0,0,GO:0045190,isotype switching,M100,1,0
0,0,1,0,0,-2.4,GO:0050766,positive regulation of phagocytosis,M001,1,0
0,1,0,0,-2.2,0,GO:1903555,regulation of tumor necrosis factor superfamily cytokine production,M010,1,0
0,1,0,0,-2.3,0,GO:0043405,regulation of MAP kinase activity,M010,1,0
0,0,1,0,0,-3.1,GO:0043368,positive T cell selection,M001,1,0
0,0,1,0,0,-2.7,GO:0060099,"regulation of phagocytosis, engulfment",M001,1,0
1,0,0,-3,0,0,GO:0090066,regulation of anatomical structure size,M100,1,0
0,0,1,0,0,-2.5,R-HSA-8878171,Transcriptional regulation by RUNX1,M001,1,0
0,0,1,0,0,-4.6,GO:0050728,negative regulation of inflammatory response,M001,1,0
1,0,0,-3.7,0,0,R-HSA-389359,CD28 dependent Vav1 pathway,M100,1,0
1,0,0,-2.7,0,0,GO:0045055,regulated exocytosis,M100,1,0
0,0,1,0,0,-2.2,GO:0048332,mesoderm morphogenesis,M001,1,0
1,0,0,-2.5,0,0,R-HSA-1280218,Adaptive Immune System,M100,1,0
1,0,0,-2.2,0,0,GO:0060428,lung epithelium development,M100,1,0
0,0,1,0,0,-4.3,WP4211,Transcriptional cascade regulating adipogenesis,M001,1,0
1,0,0,-2.7,0,0,GO:0016310,phosphorylation,M100,1,0
0,0,1,0,0,-2.9,GO:0045191,regulation of isotype switching,M001,1,0
0,1,0,0,-3.1,0,GO:0010912,positive regulation of isomerase activity,M010,1,0
0,0,1,0,0,-2.3,GO:0002820,negative regulation of adaptive immune response,M001,1,0
0,0,1,0,0,-3.7,GO:1901741,positive regulation of myoblast fusion,M001,1,0
0,1,0,0,-2.1,0,hsa04625,C-type lectin receptor signaling pathway,M010,1,0
0,1,0,0,-4.6,0,GO:0007411,axon guidance,M010,1,0
0,1,0,0,-3,0,GO:0090596,sensory organ morphogenesis,M010,1,0
0,0,1,0,0,-2.2,GO:0002821,positive regulation of adaptive immune response,M001,1,0
0,0,1,0,0,-2.9,GO:0071498,cellular response to fluid shear stress,M001,1,0
0,1,0,0,-2.5,0,GO:0021545,cranial nerve development,M010,1,0
0,1,0,0,-2.9,0,GO:0003007,heart morphogenesis,M010,1,0
0,1,0,0,-2.5,0,GO:1901222,regulation of non-canonical NF-kappaB signal transduction,M010,1,0
0,0,1,0,0,-2,GO:0014013,regulation of gliogenesis,M001,1,0
1,0,0,-2.2,0,0,GO:0045937,positive regulation of phosphate metabolic process,M100,1,0
0,0,1,0,0,-3.1,GO:0006491,N-glycan processing,M001,1,0
0,0,1,0,0,-3,GO:0043030,regulation of macrophage activation,M001,1,0
0,1,0,0,-2,0,GO:2000379,positive regulation of reactive oxygen species metabolic process,M010,1,0
1,0,0,-2.5,0,0,GO:0140352,export from cell,M100,1,0
0,1,0,0,-3,0,M290,PID IL12 STAT4 PATHWAY,M010,1,0
1,0,0,-5.2,0,0,hsa04915,Estrogen signaling pathway,M100,1,0
0,0,1,0,0,-2.3,GO:0006869,lipid transport,M001,1,0
0,1,0,0,-2.5,0,GO:0014706,striated muscle tissue development,M010,1,0
1,0,0,-2.7,0,0,R-HSA-9027284,Erythropoietin activates RAS,M100,1,0
0,1,0,0,-2.2,0,GO:0031076,embryonic camera-type eye development,M010,1,0
0,1,0,0,-2,0,GO:0051100,negative regulation of binding,M010,1,0
0,0,1,0,0,-2.4,GO:0060143,positive regulation of syncytium formation by plasma membrane fusion,M001,1,0
1,0,0,-2.7,0,0,GO:0021529,spinal cord oligodendrocyte cell differentiation,M100,1,0
0,0,1,0,0,-2.9,GO:0043304,regulation of mast cell degranulation,M001,1,0
0,1,0,0,-2,0,GO:0002467,germinal center formation,M010,1,0
0,1,0,0,-3.2,0,GO:0003197,endocardial cushion development,M010,1,0
1,0,0,-2.4,0,0,GO:0055057,neuroblast division,M100,1,0
1,0,0,-2.1,0,0,R-HSA-168188,Toll Like Receptor TLR6:TLR2 Cascade,M100,1,0
0,1,0,0,-2.3,0,GO:0060760,positive regulation of response to cytokine stimulus,M010,1,0
1,0,0,-2.9,0,0,R-HSA-9679191,Potential therapeutics for SARS,M100,1,0
1,0,0,-2.2,0,0,GO:0002208,somatic diversification of immunoglobulins involved in immune response,M100,1,0
0,1,0,0,-2,0,GO:0043923,positive regulation by host of viral transcription,M010,1,0
1,0,0,-3.1,0,0,hsa05163,Human cytomegalovirus infection,M100,1,0
0,1,0,0,-3.3,0,hsa05235,PD-L1 expression and PD-1 checkpoint pathway in cancer,M010,1,0
0,1,0,0,-2.5,0,WP5381,Smith Magenis and Potocki Lupski syndrome copy number variation,M010,1,0
0,1,0,0,-4,0,GO:0003206,cardiac chamber morphogenesis,M010,1,0
0,0,1,0,0,-2.8,GO:0097305,response to alcohol,M001,1,0
0,1,0,0,-2.7,0,GO:0050773,regulation of dendrite development,M010,1,0
1,0,0,-2,0,0,R-HSA-9664433,Leishmania parasite growth and survival,M100,1,0
0,1,0,0,-2.2,0,R-HSA-2022923,Dermatan sulfate biosynthesis,M010,1,0
0,0,1,0,0,-2.4,GO:0046847,filopodium assembly,M001,1,0
0,1,0,0,-2.2,0,GO:0061458,reproductive system development,M010,1,0
1,0,0,-2,0,0,GO:1905710,positive regulation of membrane permeability,M100,1,0
0,1,0,0,-2.4,0,R-HSA-202427,Phosphorylation of CD3 and TCR zeta chains,M010,1,0
0,1,0,0,-2,0,WP4258,lncRNA in canonical Wnt signaling and colorectal cancer,M010,1,0
1,0,0,-2.1,0,0,GO:0009755,hormone-mediated signaling pathway,M100,1,0
0,1,0,0,-3.5,0,GO:0007610,behavior,M010,1,0
0,1,0,0,-2.5,0,GO:0032663,regulation of interleukin-2 production,M010,1,0
1,0,0,-2,0,0,R-HSA-9662851,Anti-inflammatory response favouring Leishmania parasite infection,M100,1,0
1,0,0,-2.1,0,0,WP4559,Interactions between immune cells and microRNAs in tumor microenvironment,M100,1,0
0,1,0,0,-4.6,0,GO:0097485,neuron projection guidance,M010,1,0
0,1,0,0,-3.6,0,GO:0050852,T cell receptor signaling pathway,M010,1,0
1,0,0,-2.7,0,0,GO:0021800,cerebral cortex tangential migration,M100,1,0
1,0,0,-2.4,0,0,GO:0043401,steroid hormone mediated signaling pathway,M100,1,0
0,0,1,0,0,-3.6,GO:1902106,negative regulation of leukocyte differentiation,M001,1,0
1,0,0,-2.4,0,0,GO:0060836,lymphatic endothelial cell differentiation,M100,1,0
0,0,1,0,0,-2.5,WP4719,Eicosanoid metabolism via cyclooxygenases COX,M001,1,0
1,0,0,-2.4,0,0,GO:0031032,actomyosin structure organization,M100,1,0
0,1,0,0,-3,0,WP4823,Genes controlling nephrogenesis,M010,1,0
0,1,0,0,-3.2,0,WP5087,Pleural mesothelioma,M010,1,0
0,1,0,0,-2.3,0,GO:0035264,multicellular organism growth,M010,1,0
1,0,0,-3.1,0,0,GO:0038093,Fc receptor signaling pathway,M100,1,0
0,0,1,0,0,-3.2,GO:0019221,cytokine-mediated signaling pathway,M001,1,0
0,1,0,0,-3.6,0,GO:0003279,cardiac septum development,M010,1,0
0,0,1,0,0,-2.7,GO:0015908,fatty acid transport,M001,1,0
0,1,0,0,-2.4,0,GO:0042832,defense response to protozoan,M010,1,0
0,1,0,0,-2.3,0,GO:0048738,cardiac muscle tissue development,M010,1,0
0,1,0,0,-4.8,0,GO:0045667,regulation of osteoblast differentiation,M010,1,0
0,1,0,0,-4.2,0,GO:0048858,cell projection morphogenesis,M010,1,0
0,1,0,0,-2.7,0,GO:0034204,lipid translocation,M010,1,0
1,0,0,-2.4,0,0,GO:0071417,cellular response to organonitrogen compound,M100,1,0
0,0,1,0,0,-2,WP4159,GABA receptor signaling,M001,1,0
0,0,1,0,0,-2.5,GO:0060438,trachea development,M001,1,0
0,1,0,0,-2.1,0,R-HSA-8941326,RUNX2 regulates bone development,M010,1,0
0,1,0,0,-2.6,0,GO:0043200,response to amino acid,M010,1,0
0,1,0,0,-2.4,0,GO:0060425,lung morphogenesis,M010,1,0
0,0,1,0,0,-3.4,GO:2000648,positive regulation of stem cell proliferation,M001,1,0
1,0,0,-2,0,0,GO:0070102,interleukin-6-mediated signaling pathway,M100,1,0
0,1,0,0,-5,0,GO:0007409,axonogenesis,M010,1,0
1,0,0,-2.2,0,0,GO:0007599,hemostasis,M100,1,0
1,0,0,-2.2,0,0,GO:0060711,labyrinthine layer development,M100,1,0
1,0,0,-3.5,0,0,R-HSA-9680350,Signaling by CSF1 (M-CSF) in myeloid cells,M100,1,0
0,0,1,0,0,-3.2,GO:0002822,regulation of adaptive immune response based on somatic recombination of immune receptors built from immunoglobulin superfamily domains,M001,1,0
0,1,0,0,-3.2,0,GO:0048592,eye morphogenesis,M010,1,0
0,0,1,0,0,-3.5,GO:0051046,regulation of secretion,M001,1,0
0,0,1,0,0,-3.5,GO:0002886,regulation of myeloid leukocyte mediated immunity,M001,1,0
0,0,1,0,0,-3.3,GO:0050671,positive regulation of lymphocyte proliferation,M001,1,0
0,0,1,0,0,-2.5,M60,PID NFAT TFPATHWAY,M001,1,0
0,0,1,0,0,-2.2,GO:0043306,positive regulation of mast cell degranulation,M001,1,0
1,0,0,-2.4,0,0,GO:0046903,secretion,M100,1,0
1,0,0,-2.8,0,0,GO:0051336,regulation of hydrolase activity,M100,1,0
0,1,0,0,-2.2,0,GO:0002274,myeloid leukocyte activation,M010,1,0
1,0,0,-2.2,0,0,R-HSA-425393,Transport of inorganic cations/anions and amino acids/oligopeptides,M100,1,0
0,0,1,0,0,-2.3,GO:0042129,regulation of T cell proliferation,M001,1,0
1,0,0,-2.9,0,0,R-HSA-9671555,Signaling by PDGFR in disease,M100,1,0
0,1,0,0,-2.4,0,hsa04350,TGF-beta signaling pathway,M010,1,0
0,1,0,0,-2.2,0,GO:0009615,response to virus,M010,1,0
0,0,1,0,0,-2.2,WP1991,SRF and miRs in smooth muscle differentiation and proliferation,M001,1,0
1,0,0,-2.9,0,0,GO:0007268,chemical synaptic transmission,M100,1,0
0,0,1,0,0,-3.6,GO:0002761,regulation of myeloid leukocyte differentiation,M001,1,0
0,1,0,0,-2.2,0,GO:0032103,positive regulation of response to external stimulus,M010,1,0
1,0,0,-3.3,0,0,R-HSA-9664422,FCGR3A-mediated phagocytosis,M100,1,0
0,0,1,0,0,-2.7,R-HSA-8939245,RUNX1 regulates transcription of genes involved in BCR signaling,M001,1,0
0,0,1,0,0,-2,WP4657,22q11 2 copy number variation syndrome,M001,1,0
0,1,0,0,-3.8,0,GO:0030859,polarized epithelial cell differentiation,M010,1,0
0,1,0,0,-2.2,0,GO:0032722,positive regulation of chemokine production,M010,1,0
1,0,0,-3.5,0,0,R-HSA-2454202,Fc epsilon receptor (FCERI) signaling,M100,1,0
1,0,0,-2,0,0,GO:0055001,muscle cell development,M100,1,0
0,1,0,0,-2.4,0,GO:0009988,cell-cell recognition,M010,1,0
0,1,0,0,-3.2,0,hsa05210,Colorectal cancer,M010,1,0
0,0,1,0,0,-2.1,WP3640,Imatinib and chronic myeloid leukemia,M001,1,0
0,0,1,0,0,-2.1,GO:0045662,negative regulation of myoblast differentiation,M001,1,0
1,0,0,-2.1,0,0,M54,PID IL12 2PATHWAY,M100,1,0
0,0,1,0,0,-2.9,GO:0043371,"negative regulation of CD4-positive, alpha-beta T cell differentiation",M001,1,0
1,0,0,-2.1,0,0,R-HSA-2172127,DAP12 interactions,M100,1,0
0,0,1,0,0,-2.2,GO:0006690,icosanoid metabolic process,M001,1,0
0,1,0,0,-2.2,0,GO:0060441,epithelial tube branching involved in lung morphogenesis,M010,1,0
1,0,0,-2,0,0,GO:0019082,viral protein processing,M100,1,0
0,0,1,0,0,-2.7,GO:0042492,gamma-delta T cell differentiation,M001,1,0
1,0,0,-3.4,0,0,hsa04650,Natural killer cell mediated cytotoxicity,M100,1,0
0,1,0,0,-2.3,0,GO:0072080,nephron tubule development,M010,1,0
1,0,0,-2,0,0,hsa04630,JAK-STAT signaling pathway,M100,1,0
0,0,1,0,0,-2.1,GO:0034405,response to fluid shear stress,M001,1,0
0,1,0,0,-2.4,0,GO:0001657,ureteric bud development,M010,1,0
0,1,0,0,-3.7,0,GO:0032747,positive regulation of interleukin-23 production,M010,1,0
0,1,0,0,-3.9,0,M223,PID BETA CATENIN NUC PATHWAY,M010,1,0
1,0,0,-2.4,0,0,GO:0055013,cardiac muscle cell development,M100,1,0
0,0,1,0,0,-2.2,R-HSA-381753,Olfactory Signaling Pathway,M001,1,0
0,1,0,0,-4.3,0,GO:0120039,plasma membrane bounded cell projection morphogenesis,M010,1,0
0,1,0,0,-2.5,0,GO:0001947,heart looping,M010,1,0
0,1,0,0,-2.4,0,WP4146,Macrophage markers,M010,1,0
0,1,0,0,-2.6,0,M33,PID GLYPICAN 1PATHWAY,M010,1,0
0,1,0,0,-3.1,0,GO:0060074,synapse maturation,M010,1,0
0,1,0,0,-2.1,0,GO:0046474,glycerophospholipid biosynthetic process,M010,1,0
0,1,0,0,-3.1,0,GO:0061030,epithelial cell differentiation involved in mammary gland alveolus development,M010,1,0
1,0,0,-2.4,0,0,R-HSA-2424491,DAP12 signaling,M100,1,0
0,0,1,0,0,-2.8,GO:1901342,regulation of vasculature development,M001,1,0
0,1,0,0,-2.1,0,GO:0003179,heart valve morphogenesis,M010,1,0
0,0,1,0,0,-2.9,GO:0046640,regulation of alpha-beta T cell proliferation,M001,1,0
1,0,0,-3.3,0,0,R-HSA-9664417,Leishmania phagocytosis,M100,1,0
0,0,1,0,0,-3.1,GO:1901503,ether biosynthetic process,M001,1,0
0,1,0,0,-2.9,0,GO:0098742,cell-cell adhesion via plasma-membrane adhesion molecules,M010,1,0
0,0,1,0,0,-2.9,GO:0002063,chondrocyte development,M001,1,0
0,0,1,0,0,-2.5,GO:0032715,negative regulation of interleukin-6 production,M001,1,0
0,0,1,0,0,-2.6,WP1541,Energy metabolism,M001,1,0
1,0,0,-2,0,0,GO:0002295,T-helper cell lineage commitment,M100,1,0
0,0,1,0,0,-3.8,GO:0071277,cellular response to calcium ion,M001,1,0
0,1,0,0,-2.9,0,GO:0097152,mesenchymal cell apoptotic process,M010,1,0
0,1,0,0,-2.2,0,GO:0001562,response to protozoan,M010,1,0
0,0,1,0,0,-3.1,GO:0021814,cell motility involved in cerebral cortex radial glia guided migration,M001,1,0
0,1,0,0,-2,0,GO:0007548,sex differentiation,M010,1,0
0,1,0,0,-2.9,0,GO:0003203,endocardial cushion morphogenesis,M010,1,0
0,1,0,0,-2.4,0,GO:0061371,determination of heart left/right asymmetry,M010,1,0
0,0,1,0,0,-2.4,GO:0034391,regulation of smooth muscle cell apoptotic process,M001,1,0
0,1,0,0,-2.6,0,WP4241,Type 2 papillary renal cell carcinoma,M010,1,0
0,1,0,0,-2.6,0,GO:0021772,olfactory bulb development,M010,1,0
0,1,0,0,-3.1,0,GO:0001574,ganglioside biosynthetic process,M010,1,0
0,1,0,0,-2.7,0,GO:0141091,transforming growth factor beta receptor superfamily signaling pathway,M010,1,0
0,1,0,0,-2.2,0,WP4585,Cancer immunotherapy by PD 1 blockade,M010,1,0
1,0,0,-2.9,0,0,hsa00510,N-Glycan biosynthesis,M100,1,0
1,0,0,-3.4,0,0,GO:2000736,regulation of stem cell differentiation,M100,1,0
0,0,1,0,0,-2.4,GO:0045059,positive thymic T cell selection,M001,1,0
0,0,1,0,0,-2.1,GO:0010633,negative regulation of epithelial cell migration,M001,1,0
0,0,1,0,0,-2.7,GO:0002698,negative regulation of immune effector process,M001,1,0
0,0,1,0,0,-2.1,WP2876,Pregnane X receptor pathway,M001,1,0
0,0,1,0,0,-3.5,GO:0030890,positive regulation of B cell proliferation,M001,1,0
1,0,0,-4.3,0,0,hsa04730,Long-term depression,M100,1,0
0,0,1,0,0,-3,GO:0032835,glomerulus development,M001,1,0
0,1,0,0,-2.2,0,GO:0051098,regulation of binding,M010,1,0
0,0,1,0,0,-2.3,GO:0045620,negative regulation of lymphocyte differentiation,M001,1,0
0,1,0,0,-2.2,0,GO:0090103,cochlea morphogenesis,M010,1,0
1,0,0,-3,0,0,M177,PID EPHA FWDPATHWAY,M100,1,0
0,1,0,0,-2.1,0,WP3967,miR 509 3p alteration of YAP1 ECM axis,M010,1,0
0,1,0,0,-2,0,R-HSA-428542,Regulation of commissural axon pathfinding by SLIT and ROBO,M010,1,0
0,0,1,0,0,-3.1,GO:0071715,icosanoid transport,M001,1,0
0,0,1,0,0,-2.5,WP2023,Cell differentiation expanded index,M001,1,0
1,0,0,-2.2,0,0,GO:0002645,positive regulation of tolerance induction,M100,1,0
1,0,0,-2.4,0,0,M135,PID IL5 PATHWAY,M100,1,0
0,0,1,0,0,-2,GO:0060491,regulation of cell projection assembly,M001,1,0
0,1,0,0,-2.2,0,WP5216,Warburg effect modulated by deubiquitinating enzymes and their substrates,M010,1,0
0,1,0,0,-4.3,0,GO:0001738,morphogenesis of a polarized epithelium,M010,1,0
0,1,0,0,-2.5,0,WP5316,Primary ovarian insufficiency,M010,1,0
0,1,0,0,-2,0,GO:0045198,establishment of epithelial cell apical/basal polarity,M010,1,0
0,0,1,0,0,-2.2,GO:0060070,canonical Wnt signaling pathway,M001,1,0
0,0,1,0,0,-2,GO:0043301,negative regulation of leukocyte degranulation,M001,1,0
