_MEMBER_MyList,_LogP_MyList,GO,_PATTERN_,_RANK_,GiniIndex,Category,CategoryID,Description,PARENT_GO,LogP,Enrichment,Z-score,#TotalGeneInLibrary,#GeneInGO,#GeneInHitList,#GeneInGOAndHitList,%InGO,STDV %InGO,GeneID,Hits,Log(q-value),EvidenceCutoff
1,-6.6,C0677607,M1,1,0,DisGeNET,35,Hashimoto Disease,,-6.6,10,8.8,30304,335,79,9,11,3.6,2034|2571|3394|3479|6909|7432|8320|22806|56934,EPAS1|GAD1|IRF8|IGF1|TBX2|VIP|EOMES|IKZF3|CA10,-3.2,0
1,-6.3,C0206663,M1,1,0,DisGeNET,35,"Neuroectodermal Tumor, Primitive",,-6.3,15,9.5,30304,184,79,7,8.9,3.2,29|429|3084|3479|5074|6663|7432,ABR|ASCL1|NRG1|IGF1|PAWR|SOX10|VIP,-3,0
1,-6.1,C0019569,M1,1,0,DisGeNET,35,Hirschsprung Disease,,-6.1,9,8.1,30304,384,79,9,11,3.6,238|429|3084|3479|5080|6663|7432|80760|170302,ALK|ASCL1|NRG1|IGF1|PAX6|SOX10|VIP|ITIH5|ARX,-2.9,0
1,-6,C0410702,M1,1,0,DisGeNET,35,Adolescent idiopathic scoliosis,,-6,6.4,7.2,30304,656,79,11,14,3.9,2897|3479|6446|9586|23007|55553|56934|121601|132204|137970|221395,GRIK1|IGF1|SGK1|CREB5|PLCH1|SOX6|CA10|ANO4|SYNPR|UNC5D|ADGRF5,-2.8,0
1,-5.9,C0598935,M1,1,0,DisGeNET,35,Tumor Initiation,,-5.9,7.2,7.4,30304,533,79,10,13,3.7,238|1050|1993|2296|3084|3479|3676|3909|6663|6935,ALK|CEBPA|ELAVL2|FOXC1|NRG1|IGF1|ITGA4|LAMA3|SOX10|ZEB1,-2.7,0
1,-5.7,C0266573,M1,1,0,DisGeNET,35,Congenital ptosis,,-5.7,1.2e+02,18,30304,10,79,3,3.8,2.2,5080|7432|84570,PAX6|VIP|COL25A1,-2.6,0
1,-5.6,C0278488,M1,1,0,DisGeNET,35,Carcinoma breast stage IV,,-5.6,6.7,7,30304,573,79,10,13,3.7,238|1050|1902|2034|2122|2296|3479|5745|6663|64321,ALK|CEBPA|LPAR1|EPAS1|MECOM|FOXC1|IGF1|PTH1R|SOX10|SOX17,-2.5,0
1,-5.6,C1837461,M1,1,0,DisGeNET,35,"SCOLIOSIS, ISOLATED, SUSCEPTIBILITY TO, 3",,-5.6,6.6,7,30304,578,79,10,13,3.7,2897|6446|9586|23007|55553|56934|121601|132204|137970|221395,GRIK1|SGK1|CREB5|PLCH1|SOX6|CA10|ANO4|SYNPR|UNC5D|ADGRF5,-2.5,0
1,-5.5,C0349566,M1,1,0,DisGeNET,35,Squamous cell carcinoma of tongue,,-5.5,7.5,7.2,30304,462,79,9,11,3.6,1993|2034|2296|2355|5080|5420|6935|30812|340419,ELAVL2|EPAS1|FOXC1|FOSL2|PAX6|PODXL|ZEB1|SOX8|RSPO2,-2.5,0
1,-5.4,C0008925,M1,1,0,DisGeNET,35,Cleft Palate,,-5.4,6.3,6.7,30304,611,79,10,13,3.7,2295|2571|3084|6573|6663|6909|6913|23543|84570|170302,FOXF2|GAD1|NRG1|SLC19A1|SOX10|TBX2|TBX15|RBFOX2|COL25A1|ARX,-2.4,0
1,-5.3,C0206754,M1,1,0,DisGeNET,35,Neuroendocrine Tumors,,-5.3,7,6.9,30304,491,79,9,11,3.6,238|429|2034|3479|5080|5803|7432|22854|170302,ALK|ASCL1|EPAS1|IGF1|PAX6|PTPRZ1|VIP|NTNG1|ARX,-2.3,0
1,-5.2,C0346993,M1,1,0,DisGeNET,35,Secondary malignant neoplasm of female breast,,-5.2,82,16,30304,14,79,3,3.8,2.2,238|1993|6663,ALK|ELAVL2|SOX10,-2.3,0
1,-5.2,C1271219,M1,1,0,DisGeNET,35,Congenital ectopic pupil,,-5.2,82,16,30304,14,79,3,3.8,2.2,2296|5080|6909,FOXC1|PAX6|TBX2,-2.3,0
1,-5.2,C0751396,M1,1,0,DisGeNET,35,Well Differentiated Oligodendroglioma,,-5.2,9.9,7.5,30304,270,79,7,8.9,3.2,429|2034|5080|5803|6663|64321|116448,ASCL1|EPAS1|PAX6|PTPRZ1|SOX10|SOX17|OLIG1,-2.3,0
1,-5.1,C0270549,M1,1,0,DisGeNET,35,Generalized Anxiety Disorder,,-5.1,19,9.2,30304,103,79,5,6.3,2.7,2571|5074|6539|6886|58499,GAD1|PAWR|SLC6A12|TAL1|ZNF462,-2.3,0
1,-5,C0028945,M1,1,0,DisGeNET,35,oligodendroglioma,,-5,9.5,7.4,30304,282,79,7,8.9,3.2,429|2034|5080|5803|6663|64321|116448,ASCL1|EPAS1|PAX6|PTPRZ1|SOX10|SOX17|OLIG1,-2.2,0
1,-5,C0023448,M1,1,0,DisGeNET,35,Lymphoid leukemia,,-5,9.3,7.3,30304,288,79,7,8.9,3.2,238|1050|2122|3479|3676|6886|6935,ALK|CEBPA|MECOM|IGF1|ITGA4|TAL1|ZEB1,-2.2,0
1,-4.9,C0027626,M1,1,0,DisGeNET,35,Neoplasm Invasiveness,,-4.9,12,7.8,30304,193,79,6,7.6,3,3084|3479|5080|6539|6913|6935,NRG1|IGF1|PAX6|SLC6A12|TBX15|ZEB1,-2.1,0
1,-4.8,C0344539,M1,1,0,DisGeNET,35,Hypoplasia of iris,,-4.8,61,13,30304,19,79,3,3.8,2.2,2296|5080|6663,FOXC1|PAX6|SOX10,-2,0
1,-4.7,C0149893,M1,1,0,DisGeNET,35,Secondary glaucoma,,-4.7,55,13,30304,21,79,3,3.8,2.2,2296|5080|6935,FOXC1|PAX6|ZEB1,-1.9,0
1,-4.7,C0027708,M1,1,0,DisGeNET,35,Nephroblastoma,,-4.7,5.9,6.1,30304,586,79,9,11,3.6,238|1050|3394|3479|5074|5080|5420|6573|6886,ALK|CEBPA|IRF8|IGF1|PAWR|PAX6|PODXL|SLC19A1|TAL1,-1.9,0
1,-4.6,C0009363,M1,1,0,DisGeNET,35,Congenital ocular coloboma (disorder),,-4.6,15,8.1,30304,129,79,5,6.3,2.7,2296|4094|5080|6909|58499,FOXC1|MAF|PAX6|TBX2|ZNF462,-1.9,0
1,-4.6,C0266544,M1,1,0,DisGeNET,35,Microcornea,,-4.6,15,8.1,30304,129,79,5,6.3,2.7,4094|5080|6913|84570|340419,MAF|PAX6|TBX15|COL25A1|RSPO2,-1.9,0
1,-4.6,C0020534,M1,1,0,DisGeNET,35,Orbital separation excessive,,-4.6,5.9,6.1,30304,590,79,9,11,3.6,2259|2296|4094|5080|5745|6663|6909|6913|64919,FGF14|FOXC1|MAF|PAX6|PTH1R|SOX10|TBX2|TBX15|BCL11B,-1.9,0
1,-4.6,C0018498,M1,1,0,DisGeNET,35,Hair Color,,-4.6,15,8,30304,130,79,5,6.3,2.7,6446|8537|9586|55553|340419,SGK1|BCAS1|CREB5|SOX6|RSPO2,-1.9,0
1,-4.6,C0266525,M1,1,0,DisGeNET,35,Irido-corneal dysgenesis,,-4.6,52,12,30304,22,79,3,3.8,2.2,2296|4094|5080,FOXC1|MAF|PAX6,-1.9,0
1,-4.5,C0278876,M1,1,0,DisGeNET,35,Adult Medulloblastoma,,-4.5,5,5.8,30304,762,79,10,13,3.7,29|238|1993|2034|3479|5074|5080|6446|7223|7432,ABR|ALK|ELAVL2|EPAS1|IGF1|PAWR|PAX6|SGK1|TRPC4|VIP,-1.9,0
1,-4.5,C0027796,M1,1,0,DisGeNET,35,Neuralgia,,-4.5,5,5.7,30304,766,79,10,13,3.7,1050|1902|1993|2571|3084|3394|5067|6663|6935|7432,CEBPA|LPAR1|ELAVL2|GAD1|NRG1|IRF8|CNTN3|SOX10|ZEB1|VIP,-1.8,0
1,-4.5,C0278510,M1,1,0,DisGeNET,35,Childhood Medulloblastoma,,-4.5,5,5.7,30304,771,79,10,13,3.7,29|238|1993|2034|3479|5074|5080|6446|7223|7432,ABR|ALK|ELAVL2|EPAS1|IGF1|PAWR|PAX6|SGK1|TRPC4|VIP,-1.8,0
1,-4.5,C0175754,M1,1,0,DisGeNET,35,Agenesis of corpus callosum,,-4.5,5.6,5.9,30304,615,79,9,11,3.6,1993|3479|6663|6935|8320|58499|64919|170302|340419,ELAVL2|IGF1|SOX10|ZEB1|EOMES|ZNF462|BCL11B|ARX|RSPO2,-1.8,0
1,-4.5,C0346976,M1,1,0,DisGeNET,35,Secondary malignant neoplasm of pancreas,,-4.5,22,9,30304,69,79,4,5.1,2.5,238|3479|5074|6935,ALK|IGF1|PAWR|ZEB1,-1.8,0
1,-4.4,C0677659,M1,1,0,DisGeNET,35,Gastro-esophageal reflux disease with esophagitis,,-4.4,22,8.9,30304,71,79,4,5.1,2.5,2034|3479|6935|7432,EPAS1|IGF1|ZEB1|VIP,-1.8,0
1,-4.4,C0004936,M1,1,0,DisGeNET,35,Mental disorders,,-4.4,4.9,5.6,30304,789,79,10,13,3.7,2259|2571|2897|3084|3479|5074|5080|6886|7432|79694,FGF14|GAD1|GRIK1|NRG1|IGF1|PAWR|PAX6|TAL1|VIP|MANEA,-1.8,0
1,-4.4,C0338908,M1,1,0,DisGeNET,35,Mixed anxiety and depressive disorder,,-4.4,13,7.5,30304,145,79,5,6.3,2.7,2259|2571|3479|5067|6886,FGF14|GAD1|IGF1|CNTN3|TAL1,-1.8,0
1,-4.4,C0008073,M1,1,0,DisGeNET,35,Developmental Disabilities,,-4.4,7.6,6.4,30304,355,79,7,8.9,3.2,2296|3084|3479|5080|6663|6909|170302,FOXC1|NRG1|IGF1|PAX6|SOX10|TBX2|ARX,-1.8,0
1,-4.4,C0014474,M1,1,0,DisGeNET,35,Ependymoma,,-4.4,9.4,6.8,30304,244,79,6,7.6,3,238|2122|5080|6663|6935|57801,ALK|MECOM|PAX6|SOX10|ZEB1|HES4,-1.8,0
1,-4.4,C0013363,M1,1,0,DisGeNET,35,Dysautonomia,,-4.4,13,7.5,30304,148,79,5,6.3,2.7,429|2571|3479|5420|6663,ASCL1|GAD1|IGF1|PODXL|SOX10,-1.8,0
1,-4.3,C0026650,M1,1,0,DisGeNET,35,Movement Disorders,,-4.3,7.4,6.3,30304,362,79,7,8.9,3.2,2259|3084|5080|22854|23543|55553|170302,FGF14|NRG1|PAX6|NTNG1|RBFOX2|SOX6|ARX,-1.8,0
1,-4.3,C0280324,M1,1,0,DisGeNET,35,Laryngeal Squamous Cell Carcinoma,,-4.3,6.1,5.9,30304,504,79,8,10,3.4,238|1993|2296|3479|4094|6886|6935|8320,ALK|ELAVL2|FOXC1|IGF1|MAF|TAL1|ZEB1|EOMES,-1.7,0
1,-4.3,C0428883,M1,1,0,DisGeNET,35,Diastolic blood pressure,,-4.3,6.1,5.9,30304,507,79,8,10,3.4,2122|5080|6909|7223|55553|57194|58499|222553,MECOM|PAX6|TBX2|TRPC4|SOX6|ATP10A|ZNF462|SLC35F1,-1.7,0
1,-4.3,C0008924,M1,1,0,DisGeNET,35,Cleft upper lip,,-4.3,9,6.6,30304,255,79,6,7.6,3,1993|2571|3084|6573|6909|340419,ELAVL2|GAD1|NRG1|SLC19A1|TBX2|RSPO2,-1.7,0
1,-4.2,C0000846,M1,1,0,DisGeNET,35,Agenesis,,-4.2,12,7.1,30304,161,79,5,6.3,2.7,2122|2296|3909|6663|6935,MECOM|FOXC1|LAMA3|SOX10|ZEB1,-1.7,0
1,-4.1,C0014869,M1,1,0,DisGeNET,35,Peptic Esophagitis,,-4.1,18,8,30304,85,79,4,5.1,2.5,2034|3479|6935|7432,EPAS1|IGF1|ZEB1|VIP,-1.6,0
1,-4.1,C0220650,M1,1,0,DisGeNET,35,Metastatic malignant neoplasm to brain,,-4.1,6.8,6,30304,392,79,7,8.9,3.2,238|1993|2296|2571|3084|3479|6935,ALK|ELAVL2|FOXC1|GAD1|NRG1|IGF1|ZEB1,-1.6,0
1,-4.1,C0220645,M1,1,0,DisGeNET,35,Childhood Soft Tissue Sarcoma,,-4.1,12,7,30304,166,79,5,6.3,2.7,238|2034|3394|3479|7432,ALK|EPAS1|IRF8|IGF1|VIP,-1.6,0
1,-4.1,C0426970,M1,1,0,DisGeNET,35,Spastic Quadriplegia,,-4.1,18,8,30304,86,79,4,5.1,2.5,2571|6663|64919|170302,GAD1|SOX10|BCL11B|ARX,-1.6,0
1,-4.1,C1855728,M1,1,0,DisGeNET,35,Low posterior hairline,,-4.1,18,8,30304,86,79,4,5.1,2.5,3479|6909|6913|84570,IGF1|TBX2|TBX15|COL25A1,-1.6,0
1,-4.1,C4721579,M1,1,0,DisGeNET,35,Secondary malignant neoplasm of colon and/or rectum,,-4.1,6.8,5.9,30304,397,79,7,8.9,3.2,238|1993|3084|3479|6573|6935|22806,ALK|ELAVL2|NRG1|IGF1|SLC19A1|ZEB1|IKZF3,-1.6,0
1,-4.1,C0079748,M1,1,0,DisGeNET,35,Precursor cell lymphoblastic lymphoma,,-4.1,17,7.9,30304,88,79,4,5.1,2.5,2122|6573|6886|7432,MECOM|SLC19A1|TAL1|VIP,-1.6,0
1,-4.1,C0029458,M1,1,0,DisGeNET,35,"Osteoporosis, Postmenopausal",,-4.1,11,6.8,30304,171,79,5,6.3,2.7,1993|3479|5745|7432|221395,ELAVL2|IGF1|PTH1R|VIP|ADGRF5,-1.6,0
1,-4,C0206704,M1,1,0,DisGeNET,35,"Carcinoma, Large Cell",,-4,17,7.8,30304,90,79,4,5.1,2.5,238|429|3479|6663,ALK|ASCL1|IGF1|SOX10,-1.6,0
1,-4,C1960398,M1,1,0,DisGeNET,35,HER2-positive carcinoma of breast,,-4,8,6.1,30304,288,79,6,7.6,3,238|2034|2122|2295|3084|3479,ALK|EPAS1|MECOM|FOXF2|NRG1|IGF1,-1.5,0
1,-4,C0038436,M1,1,0,DisGeNET,35,Post-Traumatic Stress Disorder,,-4,6.4,5.7,30304,417,79,7,8.9,3.2,2571|3084|3479|5067|6446|6886|7432,GAD1|NRG1|IGF1|CNTN3|SGK1|TAL1|VIP,-1.5,0
1,-3.9,C2717836,M1,1,0,DisGeNET,35,Steroid Sulfatase Deficiency Disease,,-3.9,11,6.6,30304,181,79,5,6.3,2.7,238|2034|3394|3479|7432,ALK|EPAS1|IRF8|IGF1|VIP,-1.5,0
1,-3.9,C0205824,M1,1,0,DisGeNET,35,"Liposarcoma, Dedifferentiated",,-3.9,16,7.6,30304,95,79,4,5.1,2.5,238|1050|2034|3479,ALK|CEBPA|EPAS1|IGF1,-1.5,0
1,-3.9,C0027019,M1,1,0,DisGeNET,35,Myelomonocytic leukemia,,-3.9,32,9.5,30304,36,79,3,3.8,2.2,238|2122|3394,ALK|MECOM|IRF8,-1.5,0
1,-3.8,C2981150,M1,1,0,DisGeNET,35,Uranostaphyloschisis,,-3.8,10,6.4,30304,190,79,5,6.3,2.7,2259|2295|2571|5080|23543,FGF14|FOXF2|GAD1|PAX6|RBFOX2,-1.4,0
1,-3.8,C0018273,M1,1,0,DisGeNET,35,Growth Disorders,,-3.8,30,9.1,30304,39,79,3,3.8,2.2,1902|3479|6913,LPAR1|IGF1|TBX15,-1.4,0
1,-3.8,C0025990,M1,1,0,DisGeNET,35,Micrognathism,,-3.8,5.2,5.3,30304,586,79,8,10,3.4,3479|5080|5745|6913|64919|84570|170302|340419,IGF1|PAX6|PTH1R|TBX15|BCL11B|COL25A1|ARX|RSPO2,-1.4,0
1,-3.8,C0008626,M1,1,0,DisGeNET,35,Congenital chromosomal disease,,-3.8,4.6,5.1,30304,757,79,9,11,3.6,238|1050|2034|2122|2296|3676|5080|6886|6935,ALK|CEBPA|EPAS1|MECOM|FOXC1|ITGA4|PAX6|TAL1|ZEB1,-1.4,0
1,-3.8,C0016667,M1,1,0,DisGeNET,35,Fragile X Syndrome,,-3.8,9.9,6.3,30304,194,79,5,6.3,2.7,1993|2897|3084|3479|7432,ELAVL2|GRIK1|NRG1|IGF1|VIP,-1.4,0
1,-3.8,C0598589,M1,1,0,DisGeNET,35,Inherited neuropathies,,-3.8,15,7.2,30304,104,79,4,5.1,2.5,1902|2259|6663|22854,LPAR1|FGF14|SOX10|NTNG1,-1.4,0
1,-3.8,C2930967,M1,1,0,DisGeNET,35,Gastro-enteropancreatic neuroendocrine tumor,,-3.8,28,8.9,30304,41,79,3,3.8,2.2,429|8320|22806,ASCL1|EOMES|IKZF3,-1.4,0
1,-3.8,C0079588,M1,1,0,DisGeNET,35,"Ichthyosis, X-Linked",,-3.8,9.6,6.3,30304,199,79,5,6.3,2.7,238|2034|3394|3479|7432,ALK|EPAS1|IRF8|IGF1|VIP,-1.4,0
1,-3.7,C0018784,M1,1,0,DisGeNET,35,Sensorineural Hearing Loss (disorder),,-3.7,4.4,4.9,30304,783,79,9,11,3.6,29|429|2122|2295|2296|3479|4094|6663|84570,ABR|ASCL1|MECOM|FOXF2|FOXC1|IGF1|MAF|SOX10|COL25A1,-1.3,0
1,-3.7,C0270824,M1,1,0,DisGeNET,35,Visual seizure,,-3.7,9.2,6.1,30304,209,79,5,6.3,2.7,2897|3084|5074|5803|7432,GRIK1|NRG1|PAWR|PTPRZ1|VIP,-1.3,0
1,-3.6,C0026499,M1,1,0,DisGeNET,35,Monosomy,,-3.6,9,6,30304,213,79,5,6.3,2.7,238|1050|1993|2122|3479,ALK|CEBPA|ELAVL2|MECOM|IGF1,-1.3,0
1,-3.6,C0026010,M1,1,0,DisGeNET,35,Microphthalmos,,-3.6,6.8,5.5,30304,336,79,6,7.6,3,5080|6913|6935|30812|55553|340419,PAX6|TBX15|ZEB1|SOX8|SOX6|RSPO2,-1.3,0
1,-3.6,C1333015,M1,1,0,DisGeNET,35,Childhood Kidney Wilms Tumor,,-3.6,6.8,5.5,30304,338,79,6,7.6,3,238|3394|3479|5074|5080|5420,ALK|IRF8|IGF1|PAWR|PAX6|PODXL,-1.2,0
1,-3.6,C0085669,M1,1,0,DisGeNET,35,Acute leukemia,,-3.6,4.8,5,30304,639,79,8,10,3.4,238|1007|2122|3394|3676|6886|7432|64919,ALK|CDH9|MECOM|IRF8|ITGA4|TAL1|VIP|BCL11B,-1.2,0
1,-3.6,C0041696,M1,1,0,DisGeNET,35,Unipolar Depression,,-3.6,4.8,5,30304,641,79,8,10,3.4,1993|2571|3084|3479|5074|6446|6886|7432,ELAVL2|GAD1|NRG1|IGF1|PAWR|SGK1|TAL1|VIP,-1.2,0
1,-3.6,C1961099,M1,1,0,DisGeNET,35,Precursor T-Cell Lymphoblastic Leukemia-Lymphoma,,-3.6,4.8,4.9,30304,644,79,8,10,3.4,2122|3479|5074|5080|6886|6935|22806|64919,MECOM|IGF1|PAWR|PAX6|TAL1|ZEB1|IKZF3|BCL11B,-1.2,0
1,-3.6,C1378511,M1,1,0,DisGeNET,35,Undifferentiated leukemia,,-3.6,13,6.6,30304,120,79,4,5.1,2.5,2122|3479|6886|6935,MECOM|IGF1|TAL1|ZEB1,-1.2,0
1,-3.5,C0007787,M1,1,0,DisGeNET,35,Transient Ischemic Attack,,-3.5,6.7,5.4,30304,344,79,6,7.6,3,1050|1902|3479|5074|5080|6446,CEBPA|LPAR1|IGF1|PAWR|PAX6|SGK1,-1.2,0
1,-3.5,C0153690,M1,1,0,DisGeNET,35,Secondary malignant neoplasm of bone,,-3.5,4.7,4.9,30304,647,79,8,10,3.4,238|2295|3479|3676|5745|6446|6909|6935,ALK|FOXF2|IGF1|ITGA4|PTH1R|SGK1|TBX2|ZEB1,-1.2,0
1,-3.5,C0239234,M1,1,0,DisGeNET,35,Low set ears,,-3.5,5.5,5.1,30304,489,79,7,8.9,3.2,429|4094|5745|6909|6913|170302|340419,ASCL1|MAF|PTH1R|TBX2|TBX15|ARX|RSPO2,-1.2,0
1,-3.5,C0002170,M1,1,0,DisGeNET,35,Alopecia,,-3.5,5.5,5.1,30304,491,79,7,8.9,3.2,3479|3909|6573|6913|58499|64919|340419,IGF1|LAMA3|SLC19A1|TBX15|ZNF462|BCL11B|RSPO2,-1.2,0
1,-3.5,C0685409,M1,1,0,DisGeNET,35,Congenital Camptodactyly,,-3.5,12,6.5,30304,123,79,4,5.1,2.5,3479|6909|6913|84570,IGF1|TBX2|TBX15|COL25A1,-1.2,0
1,-3.5,C1855496,M1,1,0,DisGeNET,35,Contiguous gene syndrome,,-3.5,22,7.8,30304,52,79,3,3.8,2.2,429|3479|5080,ASCL1|IGF1|PAX6,-1.2,0
1,-3.4,C0023453,M1,1,0,DisGeNET,35,L2 Acute Lymphoblastic Leukemia,,-3.4,22,7.7,30304,53,79,3,3.8,2.2,6573|6886|22806,SLC19A1|TAL1|IKZF3,-1.1,0
1,-3.4,C0035372,M1,1,0,DisGeNET,35,Rett Syndrome,,-3.4,8.2,5.6,30304,234,79,5,6.3,2.7,29|3479|7432|22854|170302,ABR|IGF1|VIP|NTNG1|ARX,-1.1,0
1,-3.4,C3160889,M1,1,0,DisGeNET,35,Node-negative breast cancer,,-3.4,21,7.6,30304,54,79,3,3.8,2.2,3479|5420|80760,IGF1|PODXL|ITIH5,-1.1,0
1,-3.4,C0023508,M1,1,0,DisGeNET,35,White Blood Cell Count procedure,,-3.4,4.5,4.7,30304,681,79,8,10,3.4,2355|3676|3909|6886|9586|22806|55553|221395,FOSL2|ITGA4|LAMA3|TAL1|CREB5|IKZF3|SOX6|ADGRF5,-1.1,0
1,-3.4,C0334276,M1,1,0,DisGeNET,35,Adenocarcinoma in Situ,,-3.4,21,7.6,30304,55,79,3,3.8,2.2,238|1993|64321,ALK|ELAVL2|SOX17,-1.1,0
1,-3.4,C1849157,M1,1,0,DisGeNET,35,Resistance to Insulin-Like Growth Factor I,,-3.4,21,7.6,30304,55,79,3,3.8,2.2,238|1050|3479,ALK|CEBPA|IGF1,-1.1,0
1,-3.4,C0553580,M1,1,0,DisGeNET,35,Ewings sarcoma,,-3.4,5.2,4.9,30304,517,79,7,8.9,3.2,238|1993|2296|3084|3479|64321|64919,ALK|ELAVL2|FOXC1|NRG1|IGF1|SOX17|BCL11B,-1.1,0
1,-3.4,C0235833,M1,1,0,DisGeNET,35,Congenital diaphragmatic hernia,,-3.4,8,5.6,30304,239,79,5,6.3,2.7,2034|2296|3084|6909|340419,EPAS1|FOXC1|NRG1|TBX2|RSPO2,-1.1,0
1,-3.4,C1839333,M1,1,0,DisGeNET,35,"EPILEPTIC ENCEPHALOPATHY, EARLY INFANTILE, 2",,-3.4,21,7.5,30304,56,79,3,3.8,2.2,3479|7432|170302,IGF1|VIP|ARX,-1.1,0
1,-3.3,C0206718,M1,1,0,DisGeNET,35,Ganglioneuroblastoma,,-3.3,20,7.4,30304,57,79,3,3.8,2.2,238|429|7432,ALK|ASCL1|VIP,-1.1,0
1,-3.3,C0007570,M1,1,0,DisGeNET,35,Celiac Disease,,-3.3,5.1,4.8,30304,527,79,7,8.9,3.2,238|1993|2571|3479|6446|7432|23266,ALK|ELAVL2|GAD1|IGF1|SGK1|VIP|ADGRL2,-1.1,0
1,-3.3,C1257931,M1,1,0,DisGeNET,35,"Mammary Neoplasms, Human",,-3.3,5.1,4.8,30304,527,79,7,8.9,3.2,238|1902|2122|3084|3479|6935|116135,ALK|LPAR1|MECOM|NRG1|IGF1|ZEB1|LRRC3B,-1.1,0
1,-3.3,C3642347,M1,1,0,DisGeNET,35,Basal-Like Breast Carcinoma,,-3.3,7.8,5.5,30304,245,79,5,6.3,2.7,1993|2295|2296|3479|6663,ELAVL2|FOXF2|FOXC1|IGF1|SOX10,-1.1,0
1,-3.3,C0026998,M1,1,0,DisGeNET,35,"Acute Myeloid Leukemia, M1",,-3.3,11,6.1,30304,138,79,4,5.1,2.5,1050|1902|2122|6446,CEBPA|LPAR1|MECOM|SGK1,-1.1,0
1,-3.3,C0038220,M1,1,0,DisGeNET,35,Status Epilepticus,,-3.3,5,4.8,30304,533,79,7,8.9,3.2,429|2897|5745|5803|7432|30820|170302,ASCL1|GRIK1|PTH1R|PTPRZ1|VIP|KCNIP1|ARX,-1.1,0
1,-3.3,C0023470,M1,1,0,DisGeNET,35,Myeloid Leukemia,,-3.3,6,5,30304,385,79,6,7.6,3,238|1050|2122|3394|3479|6886,ALK|CEBPA|MECOM|IRF8|IGF1|TAL1,-1.1,0
1,-3.3,C0023493,M1,1,0,DisGeNET,35,Adult T-Cell Lymphoma/Leukemia,,-3.3,5,4.8,30304,540,79,7,8.9,3.2,238|1993|2355|3394|6886|6935|64919,ALK|ELAVL2|FOSL2|IRF8|TAL1|ZEB1|BCL11B,-1.1,0
1,-3.3,C0007621,M1,1,0,DisGeNET,35,Neoplastic Cell Transformation,,-3.3,11,6,30304,143,79,4,5.1,2.5,238|2034|3084|6935,ALK|EPAS1|NRG1|ZEB1,-1.1,0
1,-3.3,C0278608,M1,1,0,DisGeNET,35,Adult Liposarcoma,,-3.3,11,6,30304,143,79,4,5.1,2.5,2034|3479|6663|6886,EPAS1|IGF1|SOX10|TAL1,-1.1,0
1,-3.3,C0279984,M1,1,0,DisGeNET,35,Childhood Liposarcoma,,-3.3,11,6,30304,143,79,4,5.1,2.5,2034|3479|6663|6886,EPAS1|IGF1|SOX10|TAL1,-1.1,0
1,-3.3,C1879321,M1,1,0,DisGeNET,35,Acute Myeloid Leukemia (AML-M2),,-3.3,11,6,30304,143,79,4,5.1,2.5,1050|1902|2122|6446,CEBPA|LPAR1|MECOM|SGK1,-1.1,0
1,-3.3,C0545074,M1,1,0,DisGeNET,35,Myxoid/Round Cell Liposarcoma,,-3.3,19,7.1,30304,61,79,3,3.8,2.2,238|3479|6935,ALK|IGF1|ZEB1,-1.1,0
1,-3.3,C4704874,M1,1,0,DisGeNET,35,"Mammary Carcinoma, Human",,-3.3,4.9,4.7,30304,545,79,7,8.9,3.2,238|1902|2122|3084|3479|6935|116135,ALK|LPAR1|MECOM|NRG1|IGF1|ZEB1|LRRC3B,-1.1,0
1,-3.3,C0038379,M1,1,0,DisGeNET,35,Strabismus,,-3.3,4.3,4.5,30304,716,79,8,10,3.4,429|2259|2296|5080|6913|7432|84570|170302,ASCL1|FGF14|FOXC1|PAX6|TBX15|VIP|COL25A1|ARX,-1.1,0
1,-3.3,C0014772,M1,1,0,DisGeNET,35,Red Blood Cell Count measurement,,-3.3,4.3,4.5,30304,717,79,8,10,3.4,2034|2122|3084|6886|8537|55553|58499|64919,EPAS1|MECOM|NRG1|TAL1|BCAS1|SOX6|ZNF462|BCL11B,-1.1,0
1,-3.2,C0751122,M1,1,0,DisGeNET,35,Infantile Severe Myoclonic Epilepsy,,-3.2,19,7.1,30304,62,79,3,3.8,2.2,3479|7432|170302,IGF1|VIP|ARX,-1.1,0
1,-3.2,C0428886,M1,1,0,DisGeNET,35,Mean blood pressure,,-3.2,11,5.9,30304,146,79,4,5.1,2.5,2122|6909|23266|55553,MECOM|TBX2|ADGRL2|SOX6,-1.1,0
1,-3.2,C0266551,M1,1,0,DisGeNET,35,Congenital coloboma of iris,,-3.2,10,5.8,30304,148,79,4,5.1,2.5,4094|5080|84570|340419,MAF|PAX6|COL25A1|RSPO2,-1,0
1,-3.2,C0376705,M1,1,0,DisGeNET,35,Viral Load result,,-3.2,18,6.9,30304,65,79,3,3.8,2.2,238|9586|30820,ALK|CREB5|KCNIP1,-1,0
1,-3.2,C0152021,M1,1,0,DisGeNET,35,Congenital heart disease,,-3.2,7.2,5.2,30304,267,79,5,6.3,2.7,2034|2296|3479|6909|64321,EPAS1|FOXC1|IGF1|TBX2|SOX17,-1,0
1,-3.2,C2936719,M1,1,0,DisGeNET,35,Mechanical Allodynia,,-3.2,5.6,4.8,30304,408,79,6,7.6,3,2571|3084|3394|3479|6663|7432,GAD1|NRG1|IRF8|IGF1|SOX10|VIP,-1,0
1,-3.2,C0240063,M1,1,0,DisGeNET,35,Coloboma of iris,,-3.2,10,5.7,30304,153,79,4,5.1,2.5,4094|5080|84570|340419,MAF|PAX6|COL25A1|RSPO2,-1,0
1,-3.1,C3496069,M1,1,0,DisGeNET,35,cocaine use,,-3.1,17,6.8,30304,67,79,3,3.8,2.2,2897|22854|79694,GRIK1|NTNG1|MANEA,-0.99,0
1,-3.1,C0011303,M1,1,0,DisGeNET,35,Demyelinating Diseases,,-3.1,9.8,5.7,30304,156,79,4,5.1,2.5,3084|3394|3479|3676,NRG1|IRF8|IGF1|ITGA4,-0.98,0
1,-3.1,C0014145,M1,1,0,DisGeNET,35,Yolk Sac Tumor,,-3.1,17,6.7,30304,68,79,3,3.8,2.2,6935|8320|64321,ZEB1|EOMES|SOX17,-0.98,0
1,-3.1,C0027766,M1,1,0,DisGeNET,35,Nervous System Neoplasms,,-3.1,17,6.7,30304,68,79,3,3.8,2.2,238|429|6663,ALK|ASCL1|SOX10,-0.98,0
1,-3.1,C0947785,M1,1,0,DisGeNET,35,[D]Sleep disturbances (& [hypersomnia] or [insomnia]),,-3.1,17,6.7,30304,68,79,3,3.8,2.2,2571|3479|5080,GAD1|IGF1|PAX6,-0.98,0
1,-3.1,C1861922,M1,1,0,DisGeNET,35,CAMPOMELIC DYSPLASIA,,-3.1,17,6.7,30304,68,79,3,3.8,2.2,6663|30812|55553,SOX10|SOX8|SOX6,-0.98,0
1,-3.1,C0026838,M1,1,0,DisGeNET,35,Muscle Spasticity,,-3.1,4.6,4.5,30304,580,79,7,8.9,3.2,2259|3479|5420|6663|22854|64919|170302,FGF14|IGF1|PODXL|SOX10|NTNG1|BCL11B|ARX,-0.97,0
1,-3.1,C3898127,M1,1,0,DisGeNET,35,Non-Metastatic Childhood Soft Tissue Sarcoma,,-3.1,9.6,5.6,30304,160,79,4,5.1,2.5,2034|3394|3479|7432,EPAS1|IRF8|IGF1|VIP,-0.96,0
1,-3.1,C0006287,M1,1,0,DisGeNET,35,Bronchopulmonary Dysplasia,,-3.1,5.4,4.7,30304,423,79,6,7.6,3,1902|2034|2295|2571|3084|3479,LPAR1|EPAS1|FOXF2|GAD1|NRG1|IGF1,-0.95,0
1,-3.1,C0685938,M1,1,0,DisGeNET,35,Malignant neoplasm of gastrointestinal tract,,-3.1,5.4,4.7,30304,423,79,6,7.6,3,2296|3479|6663|6935|23266|83641,FOXC1|IGF1|SOX10|ZEB1|ADGRL2|FAM107B,-0.95,0
1,-3.1,C0920350,M1,1,0,DisGeNET,35,Autoimmune thyroiditis,,-3.1,9.5,5.5,30304,161,79,4,5.1,2.5,2571|3479|7432|23266,GAD1|IGF1|VIP|ADGRL2,-0.95,0
1,-3.1,C0030297,M1,1,0,DisGeNET,35,Pancreatic Neoplasm,,-3.1,4,4.3,30304,764,79,8,10,3.4,238|1050|2034|3084|3479|5074|5745|7432,ALK|CEBPA|EPAS1|NRG1|IGF1|PAWR|PTH1R|VIP,-0.95,0
1,-3.1,C0206686,M1,1,0,DisGeNET,35,Adrenocortical carcinoma,,-3.1,6.8,5,30304,281,79,5,6.3,2.7,1993|3479|6446|6909|7432,ELAVL2|IGF1|SGK1|TBX2|VIP,-0.95,0
1,-3.1,C1842366,M1,1,0,DisGeNET,35,Low anterior hairline,,-3.1,16,6.6,30304,71,79,3,3.8,2.2,3479|6909|170302,IGF1|TBX2|ARX,-0.95,0
1,-3.1,C1865014,M1,1,0,DisGeNET,35,Long philtrum,,-3.1,6.8,5,30304,282,79,5,6.3,2.7,4094|5745|22854|64919|170302,MAF|PTH1R|NTNG1|BCL11B|ARX,-0.95,0
1,-3.1,C0220613,M1,1,0,DisGeNET,35,Adult Soft Tissue Sarcoma,,-3.1,9.5,5.5,30304,162,79,4,5.1,2.5,2034|3394|3479|7432,EPAS1|IRF8|IGF1|VIP,-0.95,0
1,-3.1,C0428472,M1,1,0,DisGeNET,35,Serum HDL cholesterol measurement,,-3.1,6.8,5,30304,283,79,5,6.3,2.7,3084|3479|22854|55553|283383,NRG1|IGF1|NTNG1|SOX6|ADGRD1,-0.95,0
1,-3,C1850049,M1,1,0,DisGeNET,35,Clinodactyly of the 5th finger,,-3,6.8,5,30304,284,79,5,6.3,2.7,2122|3479|5745|6913|22854,MECOM|IGF1|PTH1R|TBX15|NTNG1,-0.95,0
1,-3,C0521620,M1,1,0,DisGeNET,35,Dilatation of ureter,,-3,16,6.5,30304,72,79,3,3.8,2.2,2296|9096|64321,FOXC1|TBX18|SOX17,-0.95,0
1,-3,C0338831,M1,1,0,DisGeNET,35,Manic,,-3,9.2,5.4,30304,166,79,4,5.1,2.5,2571|3084|3479|22854,GAD1|NRG1|IGF1|NTNG1,-0.93,0
1,-3,C0265101,M1,1,0,DisGeNET,35,Carotid artery occlusion,,-3,16,6.4,30304,74,79,3,3.8,2.2,3084|5074|7432,NRG1|PAWR|VIP,-0.92,0
1,-3,C0011175,M1,1,0,DisGeNET,35,Dehydration,,-3,6.5,4.9,30304,295,79,5,6.3,2.7,1993|3479|3909|6446|6539,ELAVL2|IGF1|LAMA3|SGK1|SLC6A12,-0.89,0
1,-3,C1837218,M1,1,0,DisGeNET,35,"Cleft palate, isolated",,-3,6.5,4.9,30304,295,79,5,6.3,2.7,2295|2571|6573|6909|23543,FOXF2|GAD1|SLC19A1|TBX2|RBFOX2,-0.89,0
1,-3,C0026034,M1,1,0,DisGeNET,35,Microstomia,,-3,8.9,5.3,30304,172,79,4,5.1,2.5,3909|4094|64919|340419,LAMA3|MAF|BCL11B|RSPO2,-0.88,0
1,-2.9,C0005699,M1,1,0,DisGeNET,35,Blast Phase,,-2.9,6.4,4.8,30304,299,79,5,6.3,2.7,1050|2122|3394|3479|64919,CEBPA|MECOM|IRF8|IGF1|BCL11B,-0.87,0
1,-2.9,C0037274,M1,1,0,DisGeNET,35,Dermatologic disorders,,-2.9,4.4,4.3,30304,615,79,7,8.9,3.2,238|2034|3479|3909|6663|7432|80760,ALK|EPAS1|IGF1|LAMA3|SOX10|VIP|ITIH5,-0.87,0
1,-2.9,C0917801,M1,1,0,DisGeNET,35,Sleeplessness,,-2.9,8.8,5.3,30304,174,79,4,5.1,2.5,2571|5080|5420|7432,GAD1|PAX6|PODXL|VIP,-0.87,0
1,-2.9,C0028768,M1,1,0,DisGeNET,35,Obsessive-Compulsive Disorder,,-2.9,8.8,5.3,30304,175,79,4,5.1,2.5,1007|3479|6886|116448,CDH9|IGF1|TAL1|OLIG1,-0.86,0
1,-2.9,C0020429,M1,1,0,DisGeNET,35,Hyperalgesia,,-2.9,5.1,4.5,30304,451,79,6,7.6,3,3084|3479|5074|6446|6539|7432,NRG1|IGF1|PAWR|SGK1|SLC6A12|VIP,-0.86,0
1,-2.9,C0206634,M1,1,0,DisGeNET,35,"Liposarcoma, Myxoid",,-2.9,15,6.2,30304,79,79,3,3.8,2.2,238|3479|6935,ALK|IGF1|ZEB1,-0.86,0
1,-2.9,C0023440,M1,1,0,DisGeNET,35,Acute Erythroblastic Leukemia,,-2.9,6.4,4.8,30304,302,79,5,6.3,2.7,238|1050|2034|3084|6886,ALK|CEBPA|EPAS1|NRG1|TAL1,-0.86,0
1,-2.9,C1302401,M1,1,0,DisGeNET,35,Adenoma of large intestine,,-2.9,5.1,4.5,30304,452,79,6,7.6,3,1902|2295|3479|3676|6573|64321,LPAR1|FOXF2|IGF1|ITGA4|SLC19A1|SOX17,-0.86,0
1,-2.9,C0278704,M1,1,0,DisGeNET,35,Malignant Childhood Neoplasm,,-2.9,8.6,5.2,30304,179,79,4,5.1,2.5,238|2034|3479|5067,ALK|EPAS1|IGF1|CNTN3,-0.84,0
1,-2.9,C0037317,M1,1,0,DisGeNET,35,Sleep disturbances,,-2.9,6.2,4.7,30304,310,79,5,6.3,2.7,2571|3479|5080|7432|170302,GAD1|IGF1|PAX6|VIP|ARX,-0.82,0
1,-2.9,C0021841,M1,1,0,DisGeNET,35,Intestinal Neoplasms,,-2.9,8.4,5.1,30304,182,79,4,5.1,2.5,6446|6935|7432|64321,SGK1|ZEB1|VIP|SOX17,-0.82,0
1,-2.9,C0027831,M1,1,0,DisGeNET,35,Neurofibromatosis 1,,-2.9,6.2,4.7,30304,311,79,5,6.3,2.7,238|2034|4094|5080|6663,ALK|EPAS1|MAF|PAX6|SOX10,-0.82,0
1,-2.9,C0025286,M1,1,0,DisGeNET,35,Meningioma,,-2.9,4.2,4.2,30304,634,79,7,8.9,3.2,2034|3479|5420|6446|6663|6935|7432,EPAS1|IGF1|PODXL|SGK1|SOX10|ZEB1|VIP,-0.82,0
1,-2.9,C0003076,M1,1,0,DisGeNET,35,Aniridia,,-2.9,14,6,30304,83,79,3,3.8,2.2,2296|5080|84570,FOXC1|PAX6|COL25A1,-0.82,0
1,-2.9,C0271183,M1,1,0,DisGeNET,35,Severe myopia,,-2.9,8.3,5.1,30304,184,79,4,5.1,2.5,3479|5080|6573|7432,IGF1|PAX6|SLC19A1|VIP,-0.82,0
1,-2.9,C1096063,M1,1,0,DisGeNET,35,Drug Resistant Epilepsy,,-2.9,8.3,5.1,30304,184,79,4,5.1,2.5,6446|7432|22854|170302,SGK1|VIP|NTNG1|ARX,-0.82,0
1,-2.8,C1266042,M1,1,0,DisGeNET,35,Chromophobe Renal Cell Carcinoma,,-2.8,8.3,5.1,30304,185,79,4,5.1,2.5,238|1993|2034|57801,ALK|ELAVL2|EPAS1|HES4,-0.81,0
1,-2.8,C0013384,M1,1,0,DisGeNET,35,Dyskinetic syndrome,,-2.8,6.1,4.6,30304,316,79,5,6.3,2.7,2259|2355|2571|5420|170302,FGF14|FOSL2|GAD1|PODXL|ARX,-0.81,0
1,-2.8,C0002418,M1,1,0,DisGeNET,35,Amblyopia,,-2.8,14,5.9,30304,85,79,3,3.8,2.2,5080|7432|84570,PAX6|VIP|COL25A1,-0.81,0
1,-2.8,C0278721,M1,1,0,DisGeNET,35,Adult Lymphoblastic Lymphoma,,-2.8,14,5.9,30304,85,79,3,3.8,2.2,2122|6573|6886,MECOM|SLC19A1|TAL1,-0.81,0
1,-2.8,C0279525,M1,1,0,DisGeNET,35,Childhood Lymphoblastic Lymphoma,,-2.8,14,5.9,30304,85,79,3,3.8,2.2,2122|6573|6886,MECOM|SLC19A1|TAL1,-0.81,0
1,-2.8,C0017075,M1,1,0,DisGeNET,35,Ganglioneuroma,,-2.8,13,5.8,30304,88,79,3,3.8,2.2,238|429|7432,ALK|ASCL1|VIP,-0.77,0
1,-2.8,C0019572,M1,1,0,DisGeNET,35,Hirsutism,,-2.8,13,5.8,30304,88,79,3,3.8,2.2,6913|64919|170302,TBX15|BCL11B|ARX,-0.77,0
1,-2.8,C0520679,M1,1,0,DisGeNET,35,"Sleep Apnea, Obstructive",,-2.8,4.8,4.3,30304,480,79,6,7.6,3,1902|1993|2571|3084|3479|7432,LPAR1|ELAVL2|GAD1|NRG1|IGF1|VIP,-0.77,0
1,-2.8,C0221357,M1,1,0,DisGeNET,35,Brachydactyly,,-2.8,5.9,4.5,30304,325,79,5,6.3,2.7,2296|4094|5745|6913|84570,FOXC1|MAF|PTH1R|TBX15|COL25A1,-0.77,0
1,-2.8,C0003119,M1,1,0,DisGeNET,35,Anophthalmos,,-2.8,13,5.8,30304,89,79,3,3.8,2.2,2296|3479|5080,FOXC1|IGF1|PAX6,-0.76,0
1,-2.8,C0524528,M1,1,0,DisGeNET,35,Pervasive Development Disorder,,-2.8,5.8,4.5,30304,328,79,5,6.3,2.7,3084|5080|6573|57194|58499,NRG1|PAX6|SLC19A1|ATP10A|ZNF462,-0.75,0
1,-2.8,C0079772,M1,1,0,DisGeNET,35,T-Cell Lymphoma,,-2.8,4.7,4.3,30304,485,79,6,7.6,3,238|3479|4094|6886|6935|64919,ALK|IGF1|MAF|TAL1|ZEB1|BCL11B,-0.75,0
1,-2.8,C0242596,M1,1,0,DisGeNET,35,"Neoplasm, Residual",,-2.8,5.8,4.5,30304,329,79,5,6.3,2.7,238|1050|2122|6573|6886,ALK|CEBPA|MECOM|SLC19A1|TAL1,-0.75,0
1,-2.8,C0423112,M1,1,0,DisGeNET,35,Short palpebral fissure,,-2.8,13,5.7,30304,91,79,3,3.8,2.2,6913|64919|84570,TBX15|BCL11B|COL25A1,-0.75,0
1,-2.8,C4083212,M1,1,0,DisGeNET,35,"Alopecia, Male Pattern",,-2.8,13,5.7,30304,91,79,3,3.8,2.2,3479|6913|340419,IGF1|TBX15|RSPO2,-0.75,0
1,-2.7,C0027092,M1,1,0,DisGeNET,35,Myopia,,-2.7,4.7,4.2,30304,490,79,6,7.6,3,2571|3479|4094|5080|7432|64919,GAD1|IGF1|MAF|PAX6|VIP|BCL11B,-0.74,0
1,-2.7,C4521042,M1,1,0,DisGeNET,35,Complete Trisomy 21 Syndrome,,-2.7,4,4,30304,668,79,7,8.9,3.2,2034|2571|2897|6573|7432|84570|170302,EPAS1|GAD1|GRIK1|SLC19A1|VIP|COL25A1|ARX,-0.74,0
1,-2.7,C0280781,M1,1,0,DisGeNET,35,Adult Pilocytic Astrocytoma,,-2.7,13,5.7,30304,92,79,3,3.8,2.2,5803|6663|6935,PTPRZ1|SOX10|ZEB1,-0.74,0
1,-2.7,C0278660,M1,1,0,DisGeNET,35,Adult Synovial Sarcoma,,-2.7,7.7,4.9,30304,198,79,4,5.1,2.5,238|3479|6663|131096,ALK|IGF1|SOX10|KCNH8,-0.74,0
1,-2.7,C0279982,M1,1,0,DisGeNET,35,Childhood Synovial Sarcoma,,-2.7,7.7,4.9,30304,198,79,4,5.1,2.5,238|3479|6663|131096,ALK|IGF1|SOX10|KCNH8,-0.74,0
1,-2.7,C0149782,M1,1,0,DisGeNET,35,Squamous cell carcinoma of lung,,-2.7,4,4,30304,670,79,7,8.9,3.2,238|1993|2034|3394|6935|26468|64321,ALK|ELAVL2|EPAS1|IRF8|ZEB1|LHX6|SOX17,-0.74,0
1,-2.7,C0266464,M1,1,0,DisGeNET,35,Polymicrogyria,,-2.7,7.7,4.9,30304,199,79,4,5.1,2.5,3479|5080|8320|170302,IGF1|PAX6|EOMES|ARX,-0.73,0
1,-2.7,C0600427,M1,1,0,DisGeNET,35,Cocaine Dependence,,-2.7,7.7,4.9,30304,199,79,4,5.1,2.5,2571|5074|22854|79694,GAD1|PAWR|NTNG1|MANEA,-0.73,0
1,-2.7,C0242488,M1,1,0,DisGeNET,35,Acute Lung Injury,,-2.7,12,5.6,30304,93,79,3,3.8,2.2,429|5074|7432,ASCL1|PAWR|VIP,-0.73,0
1,-2.7,C0023827,M1,1,0,DisGeNET,35,liposarcoma,,-2.7,7.7,4.8,30304,200,79,4,5.1,2.5,2034|3479|6663|6886,EPAS1|IGF1|SOX10|TAL1,-0.73,0
1,-2.7,C0007140,M1,1,0,DisGeNET,35,Carcinosarcoma,,-2.7,12,5.6,30304,94,79,3,3.8,2.2,238|3479|6935,ALK|IGF1|ZEB1,-0.72,0
1,-2.7,C0003125,M1,1,0,DisGeNET,35,Anorexia Nervosa,,-2.7,7.6,4.8,30304,202,79,4,5.1,2.5,1007|3479|6886|22854,CDH9|IGF1|TAL1|NTNG1,-0.72,0
1,-2.7,C0334579,M1,1,0,DisGeNET,35,Anaplastic astrocytoma,,-2.7,7.6,4.8,30304,202,79,4,5.1,2.5,29|429|3479|5420,ABR|ASCL1|IGF1|PODXL,-0.72,0
1,-2.7,C0152020,M1,1,0,DisGeNET,35,Gastroparesis,,-2.7,12,5.5,30304,95,79,3,3.8,2.2,2295|5420|55553,FOXF2|PODXL|SOX6,-0.72,0
1,-2.7,C0233401,M1,1,0,DisGeNET,35,Psychiatric symptom,,-2.7,12,5.5,30304,95,79,3,3.8,2.2,2571|6886|7223,GAD1|TAL1|TRPC4,-0.72,0
1,-2.7,C3536893,M1,1,0,DisGeNET,35,Ewing Sarcoma/Peripheral Primitive Neuroectodermal Tumor,,-2.7,12,5.5,30304,95,79,3,3.8,2.2,238|3479|7432,ALK|IGF1|VIP,-0.72,0
1,-2.7,C0024143,M1,1,0,DisGeNET,35,Lupus Nephritis,,-2.7,4.6,4.1,30304,503,79,6,7.6,3,1993|2355|5420|5803|6446|7432,ELAVL2|FOSL2|PODXL|PTPRZ1|SGK1|VIP,-0.71,0
1,-2.7,C0025362,M1,1,0,DisGeNET,35,Mental Retardation,,-2.7,4.6,4.1,30304,504,79,6,7.6,3,2296|3479|5080|6886|23543|170302,FOXC1|IGF1|PAX6|TAL1|RBFOX2|ARX,-0.7,0
1,-2.7,C1332995,M1,1,0,DisGeNET,35,Childhood Pilocytic Astrocytoma,,-2.7,12,5.5,30304,97,79,3,3.8,2.2,5803|6663|6935,PTPRZ1|SOX10|ZEB1,-0.69,0
1,-2.7,C0042373,M1,1,0,DisGeNET,35,Vascular Diseases,,-2.7,3.9,3.9,30304,688,79,7,8.9,3.2,2122|2296|2355|3479|5074|6446|6886,MECOM|FOXC1|FOSL2|IGF1|PAWR|SGK1|TAL1,-0.69,0
1,-2.7,C0020224,M1,1,0,DisGeNET,35,Polyhydramnios,,-2.7,7.4,4.7,30304,208,79,4,5.1,2.5,429|5745|64321|340419,ASCL1|PTH1R|SOX17|RSPO2,-0.69,0
1,-2.7,C0013274,M1,1,0,DisGeNET,35,Patent ductus arteriosus,,-2.7,4.5,4.1,30304,510,79,6,7.6,3,2296|3479|6909|6935|22854|170302,FOXC1|IGF1|TBX2|ZEB1|NTNG1|ARX,-0.69,0
1,-2.7,C0302142,M1,1,0,DisGeNET,35,Deformity,,-2.7,5.5,4.3,30304,350,79,5,6.3,2.7,2296|5080|6573|6909|170302,FOXC1|PAX6|SLC19A1|TBX2|ARX,-0.68,0
1,-2.6,C0014556,M1,1,0,DisGeNET,35,"Epilepsy, Temporal Lobe",,-2.6,5.4,4.3,30304,354,79,5,6.3,2.7,2571|2897|3084|3479|5803,GAD1|GRIK1|NRG1|IGF1|PTPRZ1,-0.66,0
1,-2.6,C4733092,M1,1,0,DisGeNET,35,estrogen receptor-negative breast cancer,,-2.6,5.4,4.3,30304,356,79,5,6.3,2.7,1993|2034|2122|2296|3479,ELAVL2|EPAS1|MECOM|FOXC1|IGF1,-0.65,0
1,-2.6,C0017639,M1,1,0,DisGeNET,35,Gliosis,,-2.6,11,5.3,30304,102,79,3,3.8,2.2,3084|3676|170302,NRG1|ITGA4|ARX,-0.65,0
1,-2.6,C0007786,M1,1,0,DisGeNET,35,Brain Ischemia,,-2.6,5.4,4.2,30304,358,79,5,6.3,2.7,2034|3084|3479|6446|7432,EPAS1|NRG1|IGF1|SGK1|VIP,-0.65,0
1,-2.6,C0851578,M1,1,0,DisGeNET,35,Sleep Disorders,,-2.6,5.3,4.2,30304,359,79,5,6.3,2.7,2571|3479|5080|7432|170302,GAD1|IGF1|PAX6|VIP|ARX,-0.64,0
1,-2.6,C1387005,M1,1,0,DisGeNET,35,Penis agenesis,,-2.6,7.1,4.6,30304,217,79,4,5.1,2.5,3479|6663|170302|340419,IGF1|SOX10|ARX|RSPO2,-0.64,0
1,-2.6,C0038013,M1,1,0,DisGeNET,35,Ankylosing spondylitis,,-2.6,3.8,3.8,30304,710,79,7,8.9,3.2,2122|3394|3479|6886|7432|23266|64919,MECOM|IRF8|IGF1|TAL1|VIP|ADGRL2|BCL11B,-0.64,0
1,-2.6,C0020608,M1,1,0,DisGeNET,35,Hypodontia,,-2.6,7,4.6,30304,218,79,4,5.1,2.5,2296|3909|5745|64919,FOXC1|LAMA3|PTH1R|BCL11B,-0.64,0
1,-2.6,C0205697,M1,1,0,DisGeNET,35,"Carcinoma, Spindle-Cell",,-2.6,7,4.6,30304,218,79,4,5.1,2.5,238|3479|6446|6935,ALK|IGF1|SGK1|ZEB1,-0.64,0
1,-2.6,C0023479,M1,1,0,DisGeNET,35,Acute myelomonocytic leukemia,,-2.6,11,5.2,30304,105,79,3,3.8,2.2,238|1050|3479,ALK|CEBPA|IGF1,-0.63,0
1,-2.6,C1853246,M1,1,0,DisGeNET,35,Eversion of lower lip,,-2.6,11,5.2,30304,105,79,3,3.8,2.2,2296|5080|84570,FOXC1|PAX6|COL25A1,-0.63,0
1,-2.6,C0853897,M1,1,0,DisGeNET,35,Diabetic Cardiomyopathies,,-2.6,7,4.5,30304,220,79,4,5.1,2.5,3084|3479|6446|23543,NRG1|IGF1|SGK1|RBFOX2,-0.63,0
1,-2.6,C0027022,M1,1,0,DisGeNET,35,Myeloproliferative disease,,-2.6,5.3,4.2,30304,365,79,5,6.3,2.7,238|1050|2122|3394|55553,ALK|CEBPA|MECOM|IRF8|SOX6,-0.62,0
1,-2.6,C0278987,M1,1,0,DisGeNET,35,Metastatic non-small cell lung cancer,,-2.6,11,5.2,30304,106,79,3,3.8,2.2,238|3479|6935,ALK|IGF1|ZEB1,-0.62,0
1,-2.6,C1292778,M1,1,0,DisGeNET,35,Chronic myeloproliferative disorder,,-2.6,5.2,4.2,30304,366,79,5,6.3,2.7,238|1050|2122|3394|3479,ALK|CEBPA|MECOM|IRF8|IGF1,-0.62,0
1,-2.6,C0409959,M1,1,0,DisGeNET,35,"Osteoarthritis, Knee",,-2.6,5.2,4.2,30304,368,79,5,6.3,2.7,1902|1993|2034|3479|7432,LPAR1|ELAVL2|EPAS1|IGF1|VIP,-0.61,0
1,-2.5,C0002793,M1,1,0,DisGeNET,35,Anaplasia,,-2.5,4.3,3.9,30304,538,79,6,7.6,3,238|2296|3084|3479|6935|64321,ALK|FOXC1|NRG1|IGF1|ZEB1|SOX17,-0.6,0
1,-2.5,C0238198,M1,1,0,DisGeNET,35,Gastrointestinal Stromal Tumors,,-2.5,4.3,3.9,30304,538,79,6,7.6,3,238|2034|3479|3676|22806|56934,ALK|EPAS1|IGF1|ITGA4|IKZF3|CA10,-0.6,0
1,-2.5,C0237123,M1,1,0,DisGeNET,35,Alcohol or Other Drugs use,,-2.5,11,5.1,30304,108,79,3,3.8,2.2,2571|3084|6886,GAD1|NRG1|TAL1,-0.6,0
1,-2.5,C0235480,M1,1,0,DisGeNET,35,Paroxysmal atrial fibrillation,,-2.5,6.8,4.5,30304,226,79,4,5.1,2.5,3084|9586|58499|222553,NRG1|CREB5|ZNF462|SLC35F1,-0.59,0
1,-2.5,C1384666,M1,1,0,DisGeNET,35,hearing impairment,,-2.5,3.6,3.7,30304,739,79,7,8.9,3.2,2296|3479|4094|5745|6663|6913|22854,FOXC1|IGF1|MAF|PTH1R|SOX10|TBX15|NTNG1,-0.57,0
1,-2.5,C0162311,M1,1,0,DisGeNET,35,Androgenetic Alopecia,,-2.5,10,5,30304,112,79,3,3.8,2.2,3479|6913|340419,IGF1|TBX15|RSPO2,-0.57,0
1,-2.5,C0205696,M1,1,0,DisGeNET,35,Anaplastic carcinoma,,-2.5,6.6,4.4,30304,232,79,4,5.1,2.5,238|1902|6446|6935,ALK|LPAR1|SGK1|ZEB1,-0.56,0
1,-2.5,C0010036,M1,1,0,DisGeNET,35,Corneal dystrophy,,-2.5,10,5,30304,113,79,3,3.8,2.2,4094|5080|6935,MAF|PAX6|ZEB1,-0.56,0
1,-2.5,C0235031,M1,1,0,DisGeNET,35,Neurologic Symptoms,,-2.5,6.6,4.4,30304,233,79,4,5.1,2.5,1993|5745|6663|170302,ELAVL2|PTH1R|SOX10|ARX,-0.56,0
1,-2.5,C0376634,M1,1,0,DisGeNET,35,Craniofacial Abnormalities,,-2.5,6.6,4.4,30304,234,79,4,5.1,2.5,1902|5080|6913|58499,LPAR1|PAX6|TBX15|ZNF462,-0.55,0
1,-2.5,C3665386,M1,1,0,DisGeNET,35,Abnormal vision,,-2.5,10,4.9,30304,115,79,3,3.8,2.2,2296|5080|6935,FOXC1|PAX6|ZEB1,-0.55,0
1,-2.4,C2004493,M1,1,0,DisGeNET,35,"Leukemia, B-Cell",,-2.4,6.4,4.3,30304,239,79,4,5.1,2.5,2122|6446|6935|64919,MECOM|SGK1|ZEB1|BCL11B,-0.53,0
1,-2.4,C0684337,M1,1,0,DisGeNET,35,Ewings sarcoma-primitive neuroectodermal tumor (PNET),,-2.4,9.8,4.9,30304,117,79,3,3.8,2.2,3084|3479|5074,NRG1|IGF1|PAWR,-0.53,0
1,-2.4,C3888194,M1,1,0,DisGeNET,35,MIXED LINEAGE LEUKEMIA,,-2.4,6.4,4.3,30304,240,79,4,5.1,2.5,1050|2122|3479|6573,CEBPA|MECOM|IGF1|SLC19A1,-0.53,0
1,-2.4,C0013080,M1,1,0,DisGeNET,35,Down Syndrome,,-2.4,3.5,3.6,30304,765,79,7,8.9,3.2,2034|2571|2897|6573|7432|84570|170302,EPAS1|GAD1|GRIK1|SLC19A1|VIP|COL25A1|ARX,-0.51,0
1,-2.4,C0221369,M1,1,0,DisGeNET,35,Acquired Camptodactyly,,-2.4,9.6,4.8,30304,120,79,3,3.8,2.2,3479|6913|84570,IGF1|TBX15|COL25A1,-0.51,0
1,-2.4,C0855095,M1,1,0,DisGeNET,35,Small Lymphocytic Lymphoma,,-2.4,9.6,4.8,30304,120,79,3,3.8,2.2,3394|3676|22806,IRF8|ITGA4|IKZF3,-0.51,0
1,-2.4,C0017601,M1,1,0,DisGeNET,35,Glaucoma,,-2.4,3.5,3.6,30304,769,79,7,8.9,3.2,1993|2122|2296|3479|3676|5080|6935,ELAVL2|MECOM|FOXC1|IGF1|ITGA4|PAX6|ZEB1,-0.5,0
1,-2.4,C0039585,M1,1,0,DisGeNET,35,Androgen-Insensitivity Syndrome,,-2.4,6.2,4.2,30304,247,79,4,5.1,2.5,2571|3479|55553|64321,GAD1|IGF1|SOX6|SOX17,-0.5,0
1,-2.4,C1510472,M1,1,0,DisGeNET,35,Drug Dependence,,-2.4,6.2,4.2,30304,248,79,4,5.1,2.5,238|2571|6446|121601,ALK|GAD1|SGK1|ANO4,-0.49,0
1,-2.4,C0018671,M1,1,0,DisGeNET,35,Head and Neck Neoplasms,,-2.4,9.3,4.7,30304,124,79,3,3.8,2.2,1050|2034|3479,CEBPA|EPAS1|IGF1,-0.48,0
1,-2.4,C0018798,M1,1,0,DisGeNET,35,Congenital Heart Defects,,-2.4,4.7,3.9,30304,406,79,5,6.3,2.7,2296|3394|3479|6909|9096,FOXC1|IRF8|IGF1|TBX2|TBX18,-0.48,0
1,-2.4,C0424605,M1,1,0,DisGeNET,35,Developmental delay (disorder),,-2.4,3.9,3.7,30304,584,79,6,7.6,3,2296|3084|3479|5080|58499|170302,FOXC1|NRG1|IGF1|PAX6|ZNF462|ARX,-0.48,0
1,-2.4,C2700439,M1,1,0,DisGeNET,35,MAJOR AFFECTIVE DISORDER 8,,-2.4,9.1,4.7,30304,126,79,3,3.8,2.2,2571|3084|3479,GAD1|NRG1|IGF1,-0.47,0
1,-2.4,C2700440,M1,1,0,DisGeNET,35,MAJOR AFFECTIVE DISORDER 9,,-2.4,9.1,4.7,30304,126,79,3,3.8,2.2,2571|3084|3479,GAD1|NRG1|IGF1,-0.47,0
1,-2.3,C2700438,M1,1,0,DisGeNET,35,MAJOR AFFECTIVE DISORDER 7,,-2.3,9.1,4.7,30304,127,79,3,3.8,2.2,2571|3084|3479,GAD1|NRG1|IGF1,-0.47,0
1,-2.3,C2973725,M1,1,0,DisGeNET,35,Pulmonary arterial hypertension,,-2.3,4.6,3.8,30304,413,79,5,6.3,2.7,2034|2355|7432|64321|131096,EPAS1|FOSL2|VIP|SOX17|KCNH8,-0.47,0
1,-2.3,C0242350,M1,1,0,DisGeNET,35,Erectile dysfunction,,-2.3,6,4.1,30304,256,79,4,5.1,2.5,3394|3479|6886|7432,IRF8|IGF1|TAL1|VIP,-0.47,0
1,-2.3,C0005745,M1,1,0,DisGeNET,35,Blepharoptosis,,-2.3,3.9,3.6,30304,595,79,6,7.6,3,3479|4094|5080|6663|58499|84570,IGF1|MAF|PAX6|SOX10|ZNF462|COL25A1,-0.47,0
1,-2.3,C0271650,M1,1,0,DisGeNET,35,Impaired glucose tolerance,,-2.3,3.9,3.6,30304,596,79,6,7.6,3,2034|2296|2571|3479|5080|6446,EPAS1|FOXC1|GAD1|IGF1|PAX6|SGK1,-0.47,0
1,-2.3,C0021670,M1,1,0,DisGeNET,35,insulinoma,,-2.3,5.9,4.1,30304,258,79,4,5.1,2.5,2571|5080|55553|131096,GAD1|PAX6|SOX6|KCNH8,-0.47,0
1,-2.3,C4551687,M1,1,0,DisGeNET,35,Sarcoma of soft tissue,,-2.3,5.9,4.1,30304,258,79,4,5.1,2.5,2034|3394|3479|7432,EPAS1|IRF8|IGF1|VIP,-0.47,0
1,-2.3,C2931852,M1,1,0,DisGeNET,35,Clear-cell metastatic renal cell carcinoma,,-2.3,5.9,4.1,30304,260,79,4,5.1,2.5,238|1993|2034|6935,ALK|ELAVL2|EPAS1|ZEB1,-0.46,0
1,-2.3,C0856975,M1,1,0,DisGeNET,35,Autistic behavior,,-2.3,5.9,4,30304,261,79,4,5.1,2.5,5080|6909|58499|170302,PAX6|TBX2|ZNF462|ARX,-0.46,0
1,-2.3,C0086132,M1,1,0,DisGeNET,35,Depressive Symptoms,,-2.3,4.6,3.8,30304,421,79,5,6.3,2.7,2571|3084|3479|5067|6886,GAD1|NRG1|IGF1|CNTN3|TAL1,-0.46,0
1,-2.3,C0027859,M1,1,0,DisGeNET,35,Acoustic Neuroma,,-2.3,8.8,4.6,30304,131,79,3,3.8,2.2,29|3084|3676,ABR|NRG1|ITGA4,-0.46,0
1,-2.3,C1857276,M1,1,0,DisGeNET,35,Trichohepatoenteric Syndrome,,-2.3,4.5,3.7,30304,422,79,5,6.3,2.7,2296|3479|5067|6663|58499,FOXC1|IGF1|CNTN3|SOX10|ZNF462,-0.46,0
1,-2.3,C0009806,M1,1,0,DisGeNET,35,Constipation,,-2.3,4.5,3.7,30304,424,79,5,6.3,2.7,429|2571|5420|6663|7432,ASCL1|GAD1|PODXL|SOX10|VIP,-0.45,0
1,-2.3,C0033377,M1,1,0,DisGeNET,35,Ptosis,,-2.3,3.8,3.6,30304,607,79,6,7.6,3,3479|4094|5080|6663|58499|84570,IGF1|MAF|PAX6|SOX10|ZNF462|COL25A1,-0.45,0
1,-2.3,C0013473,M1,1,0,DisGeNET,35,Eating Disorders,,-2.3,8.7,4.5,30304,133,79,3,3.8,2.2,2571|3479|6886,GAD1|IGF1|TAL1,-0.45,0
1,-2.3,C0018818,M1,1,0,DisGeNET,35,Ventricular Septal Defects,,-2.3,4.5,3.7,30304,426,79,5,6.3,2.7,3479|6909|9096|170302|340419,IGF1|TBX2|TBX18|ARX|RSPO2,-0.45,0
1,-2.3,C1836542,M1,1,0,DisGeNET,35,Depressed nasal bridge,,-2.3,4.5,3.7,30304,426,79,5,6.3,2.7,2296|4094|5745|6909|170302,FOXC1|MAF|PTH1R|TBX2|ARX,-0.45,0
1,-2.3,C0032580,M1,1,0,DisGeNET,35,Adenomatous Polyposis Coli,,-2.3,3.8,3.5,30304,609,79,6,7.6,3,238|1993|5080|6446|6935|7432,ALK|ELAVL2|PAX6|SGK1|ZEB1|VIP,-0.45,0
1,-2.3,C0423113,M1,1,0,DisGeNET,35,Telecanthus,,-2.3,8.6,4.5,30304,134,79,3,3.8,2.2,2296|5745|6663,FOXC1|PTH1R|SOX10,-0.44,0
1,-2.3,C1849367,M1,1,0,DisGeNET,35,Nasal bridge wide,,-2.3,4.5,3.7,30304,429,79,5,6.3,2.7,2296|4094|6663|84570|170302,FOXC1|MAF|SOX10|COL25A1|ARX,-0.44,0
1,-2.3,C0042834,M1,1,0,DisGeNET,35,Vital capacity,,-2.3,4.5,3.7,30304,430,79,5,6.3,2.7,2122|3084|3479|9586|55553,MECOM|NRG1|IGF1|CREB5|SOX6,-0.44,0
1,-2.3,C1565489,M1,1,0,DisGeNET,35,Renal Insufficiency,,-2.3,3.7,3.5,30304,615,79,6,7.6,3,238|2034|3479|5420|6446|30820,ALK|EPAS1|IGF1|PODXL|SGK1|KCNIP1,-0.44,0
1,-2.3,C4086152,M1,1,0,DisGeNET,35,Childhood Astrocytoma,,-2.3,3.7,3.5,30304,615,79,6,7.6,3,238|429|3479|5420|6539|6909,ALK|ASCL1|IGF1|PODXL|SLC6A12|TBX2,-0.44,0
1,-2.3,C0038358,M1,1,0,DisGeNET,35,Gastric ulcer,,-2.3,8.5,4.5,30304,136,79,3,3.8,2.2,3084|3479|7432,NRG1|IGF1|VIP,-0.43,0
1,-2.3,C0002895,M1,1,0,DisGeNET,35,"Anemia, Sickle Cell",,-2.3,4.4,3.7,30304,433,79,5,6.3,2.7,1993|2034|2571|3479|3676,ELAVL2|EPAS1|GAD1|IGF1|ITGA4,-0.43,0
1,-2.3,C0523465,M1,1,0,DisGeNET,35,Serum albumin measurement,,-2.3,4.4,3.7,30304,433,79,5,6.3,2.7,238|3084|8537|23266|132204,ALK|NRG1|BCAS1|ADGRL2|SYNPR,-0.43,0
1,-2.2,C0200641,M1,1,0,DisGeNET,35,Blood basophil count (lab test),,-2.2,5.6,3.9,30304,272,79,4,5.1,2.5,1902|3394|3676|9586,LPAR1|IRF8|ITGA4|CREB5,-0.43,0
1,-2.2,C0020459,M1,1,0,DisGeNET,35,Hyperinsulinism,,-2.2,3.7,3.5,30304,620,79,6,7.6,3,3479|5080|6446|6935|23543|30820,IGF1|PAX6|SGK1|ZEB1|RBFOX2|KCNIP1,-0.43,0
1,-2.2,C0158731,M1,1,0,DisGeNET,35,Congenital pectus carinatum,,-2.2,8.3,4.4,30304,138,79,3,3.8,2.2,1993|2259|6909,ELAVL2|FGF14|TBX2,-0.42,0
1,-2.2,C0034013,M1,1,0,DisGeNET,35,Precocious Puberty,,-2.2,8.3,4.4,30304,139,79,3,3.8,2.2,3479|5745|170302,IGF1|PTH1R|ARX,-0.42,0
1,-2.2,C0200637,M1,1,0,DisGeNET,35,Monocyte count procedure,,-2.2,8.3,4.4,30304,139,79,3,3.8,2.2,3394|3676|221395,IRF8|ITGA4|ADGRF5,-0.42,0
1,-2.2,C0750880,M1,1,0,DisGeNET,35,Monocyte count result,,-2.2,8.3,4.4,30304,139,79,3,3.8,2.2,3394|3676|221395,IRF8|ITGA4|ADGRF5,-0.42,0
1,-2.2,C0432072,M1,1,0,DisGeNET,35,Dysmorphic features,,-2.2,4.4,3.6,30304,439,79,5,6.3,2.7,3479|23543|55553|64919|170302,IGF1|RBFOX2|SOX6|BCL11B|ARX,-0.42,0
1,-2.2,C0740391,M1,1,0,DisGeNET,35,Middle Cerebral Artery Occlusion,,-2.2,3.7,3.5,30304,626,79,6,7.6,3,2571|3084|3479|5074|5080|6446,GAD1|NRG1|IGF1|PAWR|PAX6|SGK1,-0.41,0
1,-2.2,C0023530,M1,1,0,DisGeNET,35,Leukopenia,,-2.2,4.4,3.6,30304,440,79,5,6.3,2.7,238|1050|2296|6573|7432,ALK|CEBPA|FOXC1|SLC19A1|VIP,-0.41,0
1,-2.2,C0497156,M1,1,0,DisGeNET,35,Lymphadenopathy,,-2.2,5.5,3.9,30304,277,79,4,5.1,2.5,238|2296|3394|3676,ALK|FOXC1|IRF8|ITGA4,-0.41,0
1,-2.2,C0206664,M1,1,0,DisGeNET,35,Teratocarcinoma,,-2.2,8.2,4.4,30304,141,79,3,3.8,2.2,1993|2897|6886,ELAVL2|GRIK1|TAL1,-0.41,0
1,-2.2,C1842981,M1,1,0,DisGeNET,35,NEUROTICISM,,-2.2,8.2,4.4,30304,141,79,3,3.8,2.2,429|3084|6886,ASCL1|NRG1|TAL1,-0.41,0
1,-2.2,C0025363,M1,1,0,DisGeNET,35,"Mental Retardation, Psychosocial",,-2.2,8.1,4.3,30304,142,79,3,3.8,2.2,429|5080|7432,ASCL1|PAX6|VIP,-0.4,0
1,-2.2,C0011882,M1,1,0,DisGeNET,35,Diabetic Neuropathies,,-2.2,8,4.3,30304,143,79,3,3.8,2.2,3084|3479|6446,NRG1|IGF1|SGK1,-0.4,0
1,-2.2,C0016053,M1,1,0,DisGeNET,35,Fibromyalgia,,-2.2,8,4.3,30304,143,79,3,3.8,2.2,3479|5067|6886,IGF1|CNTN3|TAL1,-0.4,0
1,-2.2,C1335177,M1,1,0,DisGeNET,35,Ovarian Serous Adenocarcinoma,,-2.2,8,4.3,30304,143,79,3,3.8,2.2,238|3909|6909,ALK|LAMA3|TBX2,-0.4,0
1,-2.2,C0278874,M1,1,0,DisGeNET,35,Adult Ependymoma,,-2.2,8,4.3,30304,144,79,3,3.8,2.2,6663|6935|57801,SOX10|ZEB1|HES4,-0.39,0
1,-2.2,C0796611,M1,1,0,DisGeNET,35,Newly Diagnosed Childhood Ependymoma,,-2.2,8,4.3,30304,144,79,3,3.8,2.2,6663|6935|57801,SOX10|ZEB1|HES4,-0.39,0
1,-2.2,C3495559,M1,1,0,DisGeNET,35,Juvenile arthritis,,-2.2,4.3,3.6,30304,450,79,5,6.3,2.7,2355|3084|3479|6573|23266,FOSL2|NRG1|IGF1|SLC19A1|ADGRL2,-0.39,0
1,-2.2,C0238301,M1,1,0,DisGeNET,35,Cancer of Nasopharynx,,-2.2,7.9,4.3,30304,145,79,3,3.8,2.2,2122|3479|6909,MECOM|IGF1|TBX2,-0.39,0
1,-2.2,C0740392,M1,1,0,DisGeNET,35,"Infarction, Middle Cerebral Artery",,-2.2,7.9,4.3,30304,145,79,3,3.8,2.2,3479|5074|5803,IGF1|PAWR|PTPRZ1,-0.39,0
1,-2.2,C1858430,M1,1,0,DisGeNET,35,Death in infancy,,-2.2,7.9,4.3,30304,146,79,3,3.8,2.2,429|3909|170302,ASCL1|LAMA3|ARX,-0.38,0
1,-2.2,C1836231,M1,1,0,DisGeNET,35,"HIV-1, RESISTANCE TO",,-2.2,7.8,4.2,30304,147,79,3,3.8,2.2,238|9586|30820,ALK|CREB5|KCNIP1,-0.38,0
1,-2.2,C1836232,M1,1,0,DisGeNET,35,"ACQUIRED IMMUNODEFICIENCY SYNDROME, PROGRESSION TO",,-2.2,7.8,4.2,30304,147,79,3,3.8,2.2,238|9586|30820,ALK|CREB5|KCNIP1,-0.38,0
1,-2.2,C1836233,M1,1,0,DisGeNET,35,"AIDS, PROGRESSION TO",,-2.2,7.8,4.2,30304,147,79,3,3.8,2.2,238|9586|30820,ALK|CREB5|KCNIP1,-0.38,0
1,-2.2,C1851584,M1,1,0,DisGeNET,35,Childhood Ependymoma,,-2.2,7.8,4.2,30304,147,79,3,3.8,2.2,6663|6935|57801,SOX10|ZEB1|HES4,-0.38,0
1,-2.2,C4551649,M1,1,0,DisGeNET,35,Congenital Dysplasia Of The Hip,,-2.2,7.8,4.2,30304,147,79,3,3.8,2.2,2296|3479|6913,FOXC1|IGF1|TBX15,-0.38,0
1,-2.2,C0917816,M1,1,0,DisGeNET,35,Mental deficiency,,-2.2,7.8,4.2,30304,148,79,3,3.8,2.2,429|5080|7432,ASCL1|PAX6|VIP,-0.37,0
1,-2.2,C4021790,M1,1,0,DisGeNET,35,Abnormality of the skeletal system,,-2.2,7.8,4.2,30304,148,79,3,3.8,2.2,2296|3479|5745,FOXC1|IGF1|PTH1R,-0.37,0
1,-2.2,C0023492,M1,1,0,DisGeNET,35,"Leukemia, T-Cell",,-2.2,4.2,3.5,30304,457,79,5,6.3,2.7,2355|3394|6886|6935|64919,FOSL2|IRF8|TAL1|ZEB1|BCL11B,-0.37,0
1,-2.2,C0010692,M1,1,0,DisGeNET,35,Cystitis,,-2.2,7.7,4.2,30304,149,79,3,3.8,2.2,3084|5074|7432,NRG1|PAWR|VIP,-0.37,0
1,-2.2,C0314719,M1,1,0,DisGeNET,35,Dryness of eye,,-2.2,7.7,4.2,30304,149,79,3,3.8,2.2,3479|5067|5080,IGF1|CNTN3|PAX6,-0.37,0
1,-2.2,C1836230,M1,1,0,DisGeNET,35,"HUMAN IMMUNODEFICIENCY VIRUS TYPE 1, SUSCEPTIBILITY TO",,-2.2,7.7,4.2,30304,149,79,3,3.8,2.2,238|9586|30820,ALK|CREB5|KCNIP1,-0.37,0
1,-2.1,C0023487,M1,1,0,DisGeNET,35,Acute Promyelocytic Leukemia,,-2.1,3.5,3.3,30304,651,79,6,7.6,3,238|1050|2122|2296|3394|8320,ALK|CEBPA|MECOM|FOXC1|IRF8|EOMES,-0.36,0
1,-2.1,C0010823,M1,1,0,DisGeNET,35,Cytomegalovirus Infections,,-2.1,4.2,3.5,30304,462,79,5,6.3,2.7,1050|3394|6886|7432|8320,CEBPA|IRF8|TAL1|VIP|EOMES,-0.36,0
1,-2.1,C0037299,M1,1,0,DisGeNET,35,Skin Ulcer,,-2.1,7.6,4.2,30304,151,79,3,3.8,2.2,3479|3909|5745,IGF1|LAMA3|PTH1R,-0.35,0
1,-2.1,C0206694,M1,1,0,DisGeNET,35,Mucoepidermoid Carcinoma,,-2.1,7.5,4.1,30304,153,79,3,3.8,2.2,429|3479|6663,ASCL1|IGF1|SOX10,-0.34,0
1,-2.1,C0235527,M1,1,0,DisGeNET,35,"Heart Failure, Right-Sided",,-2.1,7.5,4.1,30304,154,79,3,3.8,2.2,2034|3084|3479,EPAS1|NRG1|IGF1,-0.33,0
1,-2.1,C0341858,M1,1,0,DisGeNET,35,Endometriosis of uterus,,-2.1,7.5,4.1,30304,154,79,3,3.8,2.2,1902|6935|23072,LPAR1|ZEB1|HECW1,-0.33,0
1,-2.1,C0032927,M1,1,0,DisGeNET,35,Precancerous Conditions,,-2.1,4.1,3.4,30304,471,79,5,6.3,2.7,1050|2122|2355|3479|64321,CEBPA|MECOM|FOSL2|IGF1|SOX17,-0.33,0
1,-2.1,C0751956,M1,1,0,DisGeNET,35,Acute Cerebrovascular Accidents,,-2.1,7.4,4.1,30304,155,79,3,3.8,2.2,2295|3084|3479,FOXF2|NRG1|IGF1,-0.33,0
1,-2.1,C0039101,M1,1,0,DisGeNET,35,synovial sarcoma,,-2.1,5.1,3.7,30304,299,79,4,5.1,2.5,238|3479|6663|131096,ALK|IGF1|SOX10|KCNH8,-0.33,0
1,-2.1,C1378703,M1,1,0,DisGeNET,35,Renal carcinoma,,-2.1,3.5,3.3,30304,665,79,6,7.6,3,238|2034|2355|3479|6446|7223,ALK|EPAS1|FOSL2|IGF1|SGK1|TRPC4,-0.33,0
1,-2.1,C0853879,M1,1,0,DisGeNET,35,Invasive carcinoma of breast,,-2.1,4.1,3.4,30304,472,79,5,6.3,2.7,238|1902|3479|5067|5080,ALK|LPAR1|IGF1|CNTN3|PAX6,-0.33,0
1,-2.1,C2316810,M1,1,0,DisGeNET,35,Chronic kidney disease stage 5,,-2.1,3.5,3.3,30304,666,79,6,7.6,3,238|2571|3479|5067|5745|6446,ALK|GAD1|IGF1|CNTN3|PTH1R|SGK1,-0.33,0
1,-2.1,C0020255,M1,1,0,DisGeNET,35,Hydrocephalus,,-2.1,4.1,3.4,30304,473,79,5,6.3,2.7,2296|3479|6913|170302|340419,FOXC1|IGF1|TBX15|ARX|RSPO2,-0.33,0
1,-2.1,C0013238,M1,1,0,DisGeNET,35,Dry Eye Syndromes,,-2.1,7.4,4.1,30304,156,79,3,3.8,2.2,3479|5067|5080,IGF1|CNTN3|PAX6,-0.33,0
1,-2.1,C0020542,M1,1,0,DisGeNET,35,Pulmonary Hypertension,,-2.1,7.4,4.1,30304,156,79,3,3.8,2.2,2034|7223|7432,EPAS1|TRPC4|VIP,-0.33,0
1,-2.1,C0022568,M1,1,0,DisGeNET,35,Keratitis,,-2.1,7.4,4.1,30304,156,79,3,3.8,2.2,5080|6935|7432,PAX6|ZEB1|VIP,-0.33,0
1,-2.1,C0038580,M1,1,0,DisGeNET,35,Substance Dependence,,-2.1,7.4,4.1,30304,156,79,3,3.8,2.2,3084|84570|121601,NRG1|COL25A1|ANO4,-0.33,0
1,-2.1,C0302511,M1,1,0,DisGeNET,35,Small for gestational age fetus,,-2.1,7.4,4.1,30304,156,79,3,3.8,2.2,429|3479|170302,ASCL1|IGF1|ARX,-0.33,0
1,-2.1,C2585653,M1,1,0,DisGeNET,35,Persistent atrial fibrillation,,-2.1,7.4,4.1,30304,156,79,3,3.8,2.2,9586|58499|222553,CREB5|ZNF462|SLC35F1,-0.33,0
1,-2.1,C1847835,M1,1,0,DisGeNET,35,VITILIGO-ASSOCIATED MULTIPLE AUTOIMMUNE DISEASE SUSCEPTIBILITY 1 (finding),,-2.1,5.1,3.7,30304,301,79,4,5.1,2.5,29|3084|3479|6663,ABR|NRG1|IGF1|SOX10,-0.33,0
1,-2.1,C3468561,M1,1,0,DisGeNET,35,familial atrial fibrillation,,-2.1,7.3,4.1,30304,157,79,3,3.8,2.2,9586|58499|222553,CREB5|ZNF462|SLC35F1,-0.33,0
1,-2.1,C4722419,M1,1,0,DisGeNET,35,Extrapulmonary Small Cell Carcinoma,,-2.1,7.3,4.1,30304,157,79,3,3.8,2.2,1993|3479|6935,ELAVL2|IGF1|ZEB1,-0.33,0
1,-2.1,C0264408,M1,1,0,DisGeNET,35,Childhood asthma,,-2.1,5.1,3.6,30304,303,79,4,5.1,2.5,3084|3676|22806|56934,NRG1|ITGA4|IKZF3|CA10,-0.32,0
1,-2.1,C4553743,M1,1,0,DisGeNET,35,"Spasticity, CTCAE",,-2.1,4,3.4,30304,477,79,5,6.3,2.7,5420|6663|22854|64919|170302,PODXL|SOX10|NTNG1|BCL11B|ARX,-0.32,0
1,-2.1,C0007130,M1,1,0,DisGeNET,35,Mucinous Adenocarcinoma,,-2.1,7.2,4,30304,159,79,3,3.8,2.2,238|3084|3479,ALK|NRG1|IGF1,-0.31,0
1,-2.1,C1837260,M1,1,0,DisGeNET,35,Prominent forehead,,-2.1,7.2,4,30304,159,79,3,3.8,2.2,2296|3479|170302,FOXC1|IGF1|ARX,-0.31,0
1,-2.1,C0020796,M1,1,0,DisGeNET,35,Profound Mental Retardation,,-2.1,7.2,4,30304,160,79,3,3.8,2.2,429|5080|7432,ASCL1|PAX6|VIP,-0.31,0
1,-2.1,C0162770,M1,1,0,DisGeNET,35,Right Ventricular Hypertrophy,,-2.1,7.2,4,30304,160,79,3,3.8,2.2,2034|3479|7223,EPAS1|IGF1|TRPC4,-0.31,0
1,-2.1,C1970943,M1,1,0,DisGeNET,35,MAJOR AFFECTIVE DISORDER 4,,-2.1,7.2,4,30304,160,79,3,3.8,2.2,2571|3084|3479,GAD1|NRG1|IGF1,-0.31,0
1,-2.1,C1970945,M1,1,0,DisGeNET,35,MAJOR AFFECTIVE DISORDER 6,,-2.1,7.2,4,30304,160,79,3,3.8,2.2,2571|3084|3479,GAD1|NRG1|IGF1,-0.31,0
1,-2.1,C0442874,M1,1,0,DisGeNET,35,Neuropathy,,-2.1,4,3.4,30304,483,79,5,6.3,2.7,2571|3084|3479|22854|137970,GAD1|NRG1|IGF1|NTNG1|UNC5D,-0.31,0
1,-2.1,C0152171,M1,1,0,DisGeNET,35,Idiopathic pulmonary hypertension,,-2.1,7.1,4,30304,161,79,3,3.8,2.2,2034|2355|7432,EPAS1|FOSL2|VIP,-0.31,0
1,-2.1,C1852197,M1,1,0,DisGeNET,35,MAJOR AFFECTIVE DISORDER 1,,-2.1,7.1,4,30304,161,79,3,3.8,2.2,2571|3084|3479,GAD1|NRG1|IGF1,-0.31,0
1,-2,C0007766,M1,1,0,DisGeNET,35,Intracranial Aneurysm,,-2,4.9,3.6,30304,311,79,4,5.1,2.5,3479|6573|7432|64321,IGF1|SLC19A1|VIP|SOX17,-0.3,0
1,-2,C0036631,M1,1,0,DisGeNET,35,Seminoma,,-2,4.9,3.6,30304,311,79,4,5.1,2.5,1993|5420|8320|64321,ELAVL2|PODXL|EOMES|SOX17,-0.3,0
1,-2,C0334583,M1,1,0,DisGeNET,35,Pilocytic Astrocytoma,,-2,7.1,4,30304,163,79,3,3.8,2.2,5803|6663|6935,PTPRZ1|SOX10|ZEB1,-0.3,0
1,-2,C0346429,M1,1,0,DisGeNET,35,Multiple malignancy,,-2,7.1,4,30304,163,79,3,3.8,2.2,3084|3479|6663,NRG1|IGF1|SOX10,-0.3,0
1,-2,C0410158,M1,1,0,DisGeNET,35,Muscle damage,,-2,7.1,4,30304,163,79,3,3.8,2.2,3084|3479|6935,NRG1|IGF1|ZEB1,-0.3,0
1,-2,C0751295,M1,1,0,DisGeNET,35,Memory Loss,,-2,7.1,4,30304,163,79,3,3.8,2.2,2259|2571|3479,FGF14|GAD1|IGF1,-0.3,0
1,-2,C0010278,M1,1,0,DisGeNET,35,Craniosynostosis,,-2,3.9,3.3,30304,488,79,5,6.3,2.7,2259|3479|55553|58499|64919,FGF14|IGF1|SOX6|ZNF462|BCL11B,-0.3,0
1,-2,C0036220,M1,1,0,DisGeNET,35,Kaposi Sarcoma,,-2,3.9,3.3,30304,488,79,5,6.3,2.7,1050|2034|3479|23543|83641,CEBPA|EPAS1|IGF1|RBFOX2|FAM107B,-0.3,0
1,-2,C0032914,M1,1,0,DisGeNET,35,Pre-Eclampsia,,-2,6.9,3.9,30304,166,79,3,3.8,2.2,2259|3479|3676,FGF14|IGF1|ITGA4,-0.28,0
1,-2,C0521707,M1,1,0,DisGeNET,35,Bilateral cataracts (disorder),,-2,6.9,3.9,30304,166,79,3,3.8,2.2,3479|3909|5080,IGF1|LAMA3|PAX6,-0.28,0
1,-2,C0002726,M1,1,0,DisGeNET,35,Amyloidosis,,-2,3.3,3.2,30304,694,79,6,7.6,3,1050|3084|3479|5074|7432|84570,CEBPA|NRG1|IGF1|PAWR|VIP|COL25A1,-0.27,0
1,-2,C4722172,M1,1,0,DisGeNET,35,Primary differentiated carcinoma of thyroid gland,,-2,6.9,3.9,30304,167,79,3,3.8,2.2,238|3084|3479,ALK|NRG1|IGF1,-0.27,0
1,-2,C3714796,M1,1,0,DisGeNET,35,Isolated somatotropin deficiency,,-2,6.8,3.9,30304,168,79,3,3.8,2.2,3479|5080|6909,IGF1|PAX6|TBX2,-0.27,0
1,-2,C0206062,M1,1,0,DisGeNET,35,"Lung Diseases, Interstitial",,-2,4.8,3.5,30304,319,79,4,5.1,2.5,238|2355|3479|6886,ALK|FOSL2|IGF1|TAL1,-0.27,0
1,-2,C0024115,M1,1,0,DisGeNET,35,Lung diseases,,-2,3.3,3.1,30304,700,79,6,7.6,3,238|1902|2355|3479|5745|221395,ALK|LPAR1|FOSL2|IGF1|PTH1R|ADGRF5,-0.26,0
