AD,SCZ,Data,_BACKGROUND
AHNAK,ACSS3,ABCC9,A2M
ARID5A,AHNAK,ACSS3,A2MP1
ATP1A2,ANGPT1,ADAM28,A4GALT
CDC14A,AQP1,AHNAK,AADACL2-AS1
E2F3,ATP1A2,ALOX5,AATK
EPAS1,CDC14A,ANGPT1,ABCA1
FOXF2,COLEC12,APBB1IP,ABCA10
GLI3,ETV6,ATP1A2,ABCA2
ITPR2,EYA2,ATP8B4,ABCA6
MYO16,FAM189A2,BCAR3,ABCA8
NFATC2,FOXO1,BCL6,ABCA9
NFIB,GLI3,BMPR1B,ABCB1
PARD3B,IGFBP7,CARD8,ABCB4
TCF7L1,ITGB4,CDC14A,ABCC4
TCF7L2,ITPR2,CEBPB,ABCC9
YAP1,LAMA1,CLMN,ABCG2
,LINC00598,CPED1,ABHD15
,MAFK,CRYAB,ABHD3
,MAML2,CSGALNACT1,ABI3
,MYO16,DDR2,ABI3BP
,NFIB,DOCK11,ABL1
,PARD3,DOCK2,ABLIM1
,PARD3B,DOCK8,ABO
,RFX2,ETV6,ABR
,SRPX2,EYA2,ABTB2
,STK33,FAM189A2,ACAA1
,TCF7L1,FTH1,ACACB
,TCF7L2,GAS6-AS1,ACAN
,TNC,GLI3,ACAP1
,WWC1,GPC5,ACER2
,WWTR1,GYG2,ACKR1
,YAP1,HEYL,ACKR3
,ZMAT4,HMBOX1,ACOT11
,ZNF423,HPGDS,ACSBG1
,,HSPA2,ACSF2
,,ID4,ACSL1
,,IGFBP7,ACSL5
,,IKZF1,ACSM5
,,INPP5D,ACSS1
,,IRF8,ACSS3
,,ITGB4,ACTA2
,,ITPR2,ACVR1
,,JUND,ACVR1C
,,KHDRBS2,ACVRL1
,,LAMA1,ADA
,,LPAR1,ADAM12
,,LYN,ADAM28
,,MAFK,ADAM33
,,MAML2,ADAMTS1
,,MID1IP1,ADAMTS12
,,NHSL1,ADAMTS14
,,PALD1,ADAMTS15
,,PARD3,ADAMTS17
,,PARD3B,ADAMTS18
,,PAX6,ADAMTS19
,,PDGFC,ADAMTS20
,,PDLIM5,ADAMTS3
,,PKNOX2,ADAMTS4
,,PLB1,ADAMTS6
,,PLCXD3,ADAMTS9
,,PLSCR4,ADAMTS9-AS1
,,PRDM1,ADAMTS9-AS2
,,PRDM16,ADAMTSL1
,,PRRX1,ADAMTSL2
,,PTCHD4,ADAMTSL3
,,PTPRC,ADAMTSL4
,,RASSF8,ADAP2
,,RBPMS,ADARB1
,,REL,ADARB2
,,RFX2,ADARB2-AS1
,,RFX4,ADCY10P1
,,RGS10,ADCY2
,,RIN3,ADCY7
,,RSPO2,ADCY8
,,RUNX1,ADD3-AS1
,,SALL3,ADGRA3
,,SCIN,ADGRD1
,,SLC11A1,ADGRE2
,,SLC16A9,ADGRE4P
,,SLC1A3,ADGRE5
,,SLC2A5,ADGRF5
,,SLC7A11,ADGRG1
,,SLCO2B1,ADGRG5
,,SNTB1,ADGRG6
,,SP100,ADGRL2
,,SRGAP2,ADGRL4
,,STK33,ADGRV1
,,TAL1,ADIPOR2
,,TBX15,ADIRF
,,TBX2,ADM
,,TBXAS1,ADNP
,,TCF12,ADNP2
,,TCF7L1,ADORA2A-AS1
,,TCF7L2,ADORA2B
,,TEAD1,ADPGK
,,TGFBR1,ADRA1A
,,TLE1,ADRA1B
,,TMTC1,ADRB2
,,TNC,AEBP1
,,TNS3,AEBP2
,,TUBA1A,AFAP1L1
,,UTRN,AFAP1L2
,,WWC1,AFF4
,,WWTR1,AFMID
,,YAP1,AGAP2
,,ZMAT4,AGBL1
,,ZNF423,AGBL3
,,,AGMAT
,,,AGMO
,,,AGT
,,,AHCTF1
,,,AHCYL1
,,,AHCYL2
,,,AHDC1
,,,AHNAK
,,,AHR
,,,AIDA
,,,AIF1
,,,AIF1L
,,,AIRE
,,,AKAP12
,,,AKAP13
,,,AKNA
,,,AKR1A1
,,,AKR1C2
,,,ALDH1A1
,,,ALDH1A2
,,,ALDH1L1
,,,ALK
,,,ALOX12P2
,,,ALOX15B
,,,ALOX5
,,,ALOX5AP
,,,ALPK1
,,,ALPK3
,,,ALPL
,,,ALX3
,,,ALX4
,,,AMER2
,,,AMOT
,,,AMOTL1
,,,AMOTL2
,,,AMZ1
,,,AMZ2
,,,ANGPT1
,,,ANGPT2
,,,ANGPTL4
,,,ANK1
,,,ANKFN1
,,,ANKRD18A
,,,ANKRD20A11P
,,,ANKRD22
,,,ANKRD36BP1
,,,ANKRD37
,,,ANKRD44
,,,ANKRD55
,,,ANKS1A
,,,ANKUB1
,,,ANLN
,,,ANO2
,,,ANO3
,,,ANO4
,,,ANO6
,,,ANOS1
,,,ANTXR2
,,,ANXA1
,,,ANXA11
,,,ANXA2
,,,ANXA3
,,,ANXA5
,,,AOAH
,,,APAF1
,,,APBB1IP
,,,APCDD1
,,,APEX2
,,,APLF
,,,APLNR
,,,APMAP
,,,APOA1-AS
,,,APOBEC3G
,,,APOC1
,,,APOD
,,,APOE
,,,APOL3
,,,APOL6
,,,APOLD1
,,,AQP1
,,,AQP4
,,,AQP4-AS1
,,,AR
,,,ARG2
,,,ARGFX
,,,ARHGAP10
,,,ARHGAP15
,,,ARHGAP18
,,,ARHGAP22
,,,ARHGAP24
,,,ARHGAP25
,,,ARHGAP26
,,,ARHGAP26-AS1
,,,ARHGAP27
,,,ARHGAP28
,,,ARHGAP29
,,,ARHGAP30
,,,ARHGAP31
,,,ARHGAP31-AS1
,,,ARHGAP4
,,,ARHGAP42
,,,ARHGAP6
,,,ARHGAP9
,,,ARHGDIB
,,,ARHGEF1
,,,ARHGEF10L
,,,ARHGEF26
,,,ARHGEF26-AS1
,,,ARHGEF28
,,,ARHGEF4
,,,ARHGEF40
,,,ARHGEF6
,,,ARID3A
,,,ARID3B
,,,ARID3C
,,,ARID5A
,,,ARID5B
,,,ARL15
,,,ARL5A
,,,ARMC3
,,,ARNT
,,,ARNT2
,,,ARNTL
,,,ARNTL2
,,,ARRB2
,,,ARRDC2
,,,ARRDC3
,,,ARRDC3-AS1
,,,ARRDC4
,,,ARRDC5
,,,ARSI
,,,ARSJ
,,,ARX
,,,ASAP3
,,,ASCC1
,,,ASCL1
,,,ASCL2
,,,ASIC2
,,,ASIC4
,,,ASPA
,,,ASPH
,,,ASPN
,,,ASTN2-AS1
,,,ATF1
,,,ATF2
,,,ATF3
,,,ATF4
,,,ATF5
,,,ATF6
,,,ATF6B
,,,ATF7
,,,ATG16L2
,,,ATOH7
,,,ATOH8
,,,ATP10A
,,,ATP10B
,,,ATP11C
,,,ATP13A4
,,,ATP13A5
,,,ATP1A2
,,,ATP1B3
,,,ATP2A3
,,,ATP2C2
,,,ATP7B
,,,ATP8B1
,,,ATP8B4
,,,ATRNL1
,,,AVEN
,,,AXL
,,,AZGP1
,,,Astro
,,,B2M
,,,B3GAT2
,,,B3GNT5
,,,B4GALT1
,,,BAALC
,,,BAALC-AS1
,,,BACE2
,,,BACH1
,,,BACH2
,,,BAG3
,,,BAIAP2L1
,,,BAMBI
,,,BANK1
,,,BANP
,,,BARD1
,,,BARX2
,,,BATF
,,,BATF3
,,,BAX
,,,BAZ1A
,,,BBOX1
,,,BBOX1-AS1
,,,BBX
,,,BCAM
,,,BCAN
,,,BCAR3
,,,BCAS1
,,,BCAS2
,,,BCAT2
,,,BCHE
,,,BCL11A
,,,BCL11B
,,,BCL2
,,,BCL2A1
,,,BCL2L11
,,,BCL2L14
,,,BCL3
,,,BCL6
,,,BCL6B
,,,BCLAF1
,,,BDNF
,,,BDNF-AS
,,,BDP1
,,,BEND7
,,,BEST1
,,,BEST3
,,,BGN
,,,BHLHA15
,,,BHLHE22
,,,BHLHE40
,,,BHLHE41
,,,BICC1
,,,BIN2
,,,BIRC3
,,,BLM
,,,BLNK
,,,BMF
,,,BMP2
,,,BMP2K
,,,BMP5
,,,BMP6
,,,BMP7
,,,BMPER
,,,BMPR1B
,,,BMX
,,,BNC1
,,,BNC2
,,,BOC
,,,BOK
,,,BPTF
,,,BRCA1
,,,BRCA2
,,,BRF1
,,,BRF2
,,,BRINP3
,,,BROX
,,,BSG
,,,BST2
,,,BSX
,,,BTBD11
,,,BTG1
,,,BTG2
,,,BTG3
,,,BTK
,,,BTN2A2
,,,BTN3A1
,,,BTN3A2
,,,BTNL9
,,,BVES
,,,C10orf90
,,,C11orf65
,,,C12orf42
,,,C12orf75
,,,C19orf25
,,,C1QA
,,,C1QB
,,,C1QC
,,,C1QL1
,,,C1QTNF1
,,,C1QTNF7
,,,C1R
,,,C1RL
,,,C1orf112
,,,C1orf162
,,,C1orf195
,,,C1orf54
,,,C20orf197
,,,C21orf62
,,,C21orf62-AS1
,,,C21orf91
,,,C22orf34
,,,C2CD2
,,,C2orf83
,,,C3
,,,C3AR1
,,,C4orf19
,,,C4orf45
,,,C4orf48
,,,C5AR1
,,,C5AR2
,,,C5orf64
,,,C7
,,,C7orf31
,,,C8orf34
,,,C8orf34-AS1
,,,CA1
,,,CA10
,,,CA2
,,,CA3
,,,CA4
,,,CA8
,,,CABLES1
,,,CACHD1
,,,CACNA2D3
,,,CACNB2
,,,CACNG4
,,,CACNG5
,,,CADPS2
,,,CALB2
,,,CALCR
,,,CALCRL
,,,CALD1
,,,CALN1
,,,CALR
,,,CAMK2G
,,,CAMKMT
,,,CANX
,,,CAP1
,,,CAPG
,,,CARD11
,,,CARD6
,,,CARD8
,,,CARD9
,,,CARF
,,,CARMN
,,,CARNS1
,,,CARTPT
,,,CASC15
,,,CASC17
,,,CASC6
,,,CASC9
,,,CASP1
,,,CASP10
,,,CASP4
,,,CASP7
,,,CASP8
,,,CASS4
,,,CAT
,,,CATSPERG
,,,CAV1
,,,CAV2
,,,CBFA2T2
,,,CBFB
,,,CBLB
,,,CBLN2
,,,CBX7
,,,CC2D2B
,,,CCBE1
,,,CCDC102B
,,,CCDC122
,,,CCDC141
,,,CCDC168
,,,CCDC18
,,,CCDC190
,,,CCDC26
,,,CCDC50
,,,CCDC60
,,,CCDC68
,,,CCDC69
,,,CCDC80
,,,CCDC88B
,,,CCDC88C
,,,CCDC97
,,,CCK
,,,CCL2
,,,CCL3
,,,CCL4
,,,CCL4L2
,,,CCL5
,,,CCND1
,,,CCND3
,,,CCNG2
,,,CCNT2
,,,CCR1
,,,CD109
,,,CD14
,,,CD163
,,,CD163L1
,,,CD22
,,,CD226
,,,CD247
,,,CD274
,,,CD300A
,,,CD302
,,,CD320
,,,CD33
,,,CD34
,,,CD36
,,,CD37
,,,CD38
,,,CD4
,,,CD40
,,,CD44
,,,CD53
,,,CD55
,,,CD58
,,,CD59
,,,CD6
,,,CD63
,,,CD69
,,,CD74
,,,CD82
,,,CD83
,,,CD84
,,,CD86
,,,CD9
,,,CD93
,,,CD96
,,,CDC14A
,,,CDC42EP1
,,,CDC42EP4
,,,CDC5L
,,,CDCA7L
,,,CDCP1
,,,CDH1
,,,CDH10
,,,CDH12
,,,CDH13
,,,CDH18
,,,CDH19
,,,CDH20
,,,CDH23
,,,CDH4
,,,CDH5
,,,CDH6
,,,CDH7
,,,CDH8
,,,CDH9
,,,CDHR3
,,,CDK18
,,,CDK19
,,,CDK2AP1
,,,CDKN1A
,,,CDKN1B
,,,CDKN1C
,,,CDKN2A
,,,CDKN2B-AS1
,,,CDX1
,,,CEACAM1
,,,CEACAM21
,,,CEBPA
,,,CEBPB
,,,CEBPD
,,,CEBPG
,,,CEBPZ
,,,CELF4
,,,CELF5
,,,CEMIP
,,,CENPB
,,,CENPE
,,,CENPF
,,,CEP128
,,,CEP135
,,,CEP152
,,,CEP85
,,,CERCAM
,,,CERS2
,,,CERS4
,,,CERS5
,,,CERS6
,,,CFAP47
,,,CFAP54
,,,CFH
,,,CFL2
,,,CFLAR
,,,CFLAR-AS1
,,,CFTR
,,,CGNL1
,,,CH25H
,,,CHADL
,,,CHD1
,,,CHD2
,,,CHD7
,,,CHEK2
,,,CHI3L1
,,,CHODL
,,,CHRDL1
,,,CHRM2
,,,CHRM3
,,,CHRM3-AS2
,,,CHRM5
,,,CHRNA7
,,,CHST11
,,,CHST15
,,,CHST3
,,,CHST6
,,,CHST8
,,,CHST9
,,,CHSY1
,,,CHSY3
,,,CIC
,,,CIITA
,,,CKMT1B
,,,CKS2
,,,CLCN5
,,,CLDN10
,,,CLDN14
,,,CLDN5
,,,CLDND1
,,,CLEC14A
,,,CLEC17A
,,,CLEC19A
,,,CLEC1A
,,,CLEC2B
,,,CLEC2D
,,,CLEC5A
,,,CLEC7A
,,,CLEC9A
,,,CLIC1
,,,CLIC2
,,,CLIC4
,,,CLIC5
,,,CLK1
,,,CLMN
,,,CLMP
,,,CLOCK
,,,CLSTN2
,,,CLTCL1
,,,CLU
,,,CLYBL
,,,CMAHP
,,,CMKLR1
,,,CMTM3
,,,CMTM5
,,,CMTM6
,,,CMTM7
,,,CMTM8
,,,CNDP1
,,,CNGA1
,,,CNN3
,,,CNOT3
,,,CNOT4
,,,CNOT6
,,,CNOT8
,,,CNP
,,,CNPY3
,,,CNR1
,,,CNTLN
,,,CNTN2
,,,CNTN3
,,,CNTN4
,,,CNTN5
,,,CNTN6
,,,CNTNAP3
,,,CNTNAP5
,,,COBLL1
,,,COL10A1
,,,COL11A1
,,,COL12A1
,,,COL13A1
,,,COL15A1
,,,COL18A1
,,,COL1A2
,,,COL20A1
,,,COL21A1
,,,COL23A1
,,,COL24A1
,,,COL25A1
,,,COL27A1
,,,COL3A1
,,,COL4A1
,,,COL4A2
,,,COL4A3
,,,COL4A4
,,,COL4A5
,,,COL5A2
,,,COL5A3
,,,COL6A2
,,,COL6A3
,,,COL8A1
,,,COL8A2
,,,COL9A1
,,,COL9A2
,,,COL9A3
,,,COLEC12
,,,COLGALT1
,,,COLGALT2
,,,COQ2
,,,COTL1
,,,CP
,,,CPA6
,,,CPAMD8
,,,CPB1
,,,CPB2
,,,CPB2-AS1
,,,CPE
,,,CPEB1
,,,CPED1
,,,CPM
,,,CPNE4
,,,CPNE8
,,,CPOX
,,,CPS1
,,,CPSF4
,,,CPT1A
,,,CPVL
,,,CPXM2
,,,CR1
,,,CRB1
,,,CRB2
,,,CREB1
,,,CREB3
,,,CREB3L1
,,,CREB3L2
,,,CREB3L4
,,,CREB5
,,,CREBL2
,,,CREBZF
,,,CREM
,,,CRH
,,,CRHBP
,,,CRIM1
,,,CRISPLD1
,,,CRISPLD2
,,,CRLF1
,,,CRX
,,,CRYAB
,,,CRYBG3
,,,CSF1
,,,CSF1R
,,,CSF3R
,,,CSGALNACT1
,,,CSPG4
,,,CSRNP1
,,,CSRP1
,,,CSRP2
,,,CST3
,,,CTBP1
,,,CTCF
,,,CTCFL
,,,CTDSP1
,,,CTNNA2
,,,CTNNB1
,,,CTSB
,,,CTSC
,,,CTSH
,,,CTSL
,,,CTSO
,,,CTSS
,,,CTSZ
,,,CTTNBP2NL
,,,CUX1
,,,CUX2
,,,CX3CR1
,,,CXCL12
,,,CXCL14
,,,CXCL16
,,,CXCR4
,,,CXXC1
,,,CXXC5
,,,CYBA
,,,CYBRD1
,,,CYCS
,,,CYFIP1
,,,CYP1B1
,,,CYP1B1-AS1
,,,CYP3A5
,,,CYP4F12
,,,CYP4F3
,,,CYP7B1
,,,CYSLTR1
,,,CYSLTR2
,,,CYTH4
,,,CYTIP
,,,CYTL1
,,,CYYR1
,,,CYYR1-AS1
,,,DAAM2
,,,DAB1
,,,DAB2
,,,DACH1
,,,DACH2
,,,DAGLB
,,,DAP
,,,DAPK2
,,,DAPP1
,,,DAZAP1
,,,DAZAP2
,,,DBI
,,,DBP
,,,DBX2
,,,DCBLD1
,,,DCC
,,,DCDC2
,,,DCDC2C
,,,DCHS2
,,,DCLK2
,,,DCN
,,,DDAH1
,,,DDAH2
,,,DDB2
,,,DDIT3
,,,DDIT4
,,,DDR2
,,,DDX20
,,,DDX21
,,,DDX3Y
,,,DDX43
,,,DDX60
,,,DDX60L
,,,DEAF1
,,,DEF6
,,,DENND1C
,,,DENND2A
,,,DENND2C
,,,DENND3
,,,DEPDC1B
,,,DEPTOR
,,,DERA
,,,DGKB
,,,DGKG
,,,DGKH
,,,DHCR24
,,,DHCR7
,,,DHRS3
,,,DHRS9
,,,DHX36
,,,DIAPH2
,,,DIAPH2-AS1
,,,DIAPH3
,,,DIDO1
,,,DIO2
,,,DIO3OS
,,,DIRC3
,,,DIS3
,,,DISC1
,,,DISC1FP1
,,,DISP1
,,,DKK2
,,,DLC1
,,,DLEU1
,,,DLEU7
,,,DLGAP1
,,,DLGAP1-AS5
,,,DLGAP2
,,,DLL1
,,,DLL4
,,,DLX1
,,,DLX2
,,,DLX4
,,,DLX5
,,,DLX6
,,,DLX6-AS1
,,,DMBX1
,,,DMRT1
,,,DMRT2
,,,DMRT3
,,,DMRTA1
,,,DMRTA2
,,,DMRTC2
,,,DNAH11
,,,DNAH7
,,,DNAJA4
,,,DNAJB1
,,,DNAJC21
,,,DNM1P46
,,,DNMT3A
,,,DNTTIP1
,,,DOCK11
,,,DOCK2
,,,DOCK4-AS1
,,,DOCK5
,,,DOCK6
,,,DOCK8
,,,DOHH
,,,DOK1
,,,DOK3
,,,DOK6
,,,DPEP2
,,,DPF1
,,,DPF2
,,,DPP10-AS1
,,,DPP10-AS3
,,,DPRX
,,,DPYD-AS1
,,,DPYSL3
,,,DPYSL5
,,,DR1
,,,DRAIC
,,,DRAM1
,,,DRGX
,,,DSC2
,,,DSCAM
,,,DSP
,,,DTHD1
,,,DTL
,,,DTNA
,,,DTX3L
,,,DUSP1
,,,DUSP10
,,,DUSP16
,,,DUSP2
,,,DUSP22
,,,DUSP5
,,,DUSP6
,,,DUX4
,,,DUXA
,,,DYSF
,,,E2F1
,,,E2F2
,,,E2F3
,,,E2F4
,,,E2F5
,,,E2F6
,,,E2F7
,,,E2F8
,,,E4F1
,,,EAF2
,,,EBF1
,,,EBF2
,,,EBF3
,,,EBF4
,,,EBI3
,,,ECHDC3
,,,ECM2
,,,ECT2
,,,EDA
,,,EDA2R
,,,EDN1
,,,EDNRA
,,,EDNRB
,,,EDNRB-AS1
,,,EEF1B2
,,,EEF1D
,,,EFCAB13
,,,EFEMP1
,,,EFHD1
,,,EFNA1
,,,EFNA5
,,,EFS
,,,EGFEM1P
,,,EGFL7
,,,EGFLAM
,,,EGFR
,,,EGLN3
,,,EGR1
,,,EGR2
,,,EGR3
,,,EGR4
,,,EHBP1L1
,,,EHD4
,,,EHF
,,,EIF4A3
,,,ELAVL2
,,,ELF1
,,,ELF2
,,,ELF3
,,,ELF4
,,,ELF5
,,,ELK1
,,,ELK3
,,,ELK4
,,,ELL2
,,,ELMO1-AS1
,,,ELN
,,,ELOVL1
,,,ELOVL2
,,,ELOVL5
,,,ELOVL7
,,,EMB
,,,EMC10
,,,EMCN
,,,EMID1
,,,EMILIN1
,,,EMILIN2
,,,EML3
,,,EML4
,,,EMP1
,,,EMP2
,,,EMX1
,,,EMX2
,,,EMX2OS
,,,EN2
,,,ENG
,,,ENO1
,,,ENO4
,,,ENOX2
,,,ENPEP
,,,ENPP1
,,,ENPP2
,,,ENPP6
,,,ENTPD1
,,,ENTPD1-AS1
,,,ENTPD2
,,,EN_L2_3_IT
,,,EN_L3_5_IT_1
,,,EN_L3_5_IT_2
,,,EN_L3_5_IT_3
,,,EN_L5_6_NP
,,,EN_L5_ET
,,,EN_L6B
,,,EN_L6_CT
,,,EN_L6_IT_1
,,,EN_L6_IT_2
,,,EOMES
,,,EP300
,,,EPAS1
,,,EPB41L4A
,,,EPHA1-AS1
,,,EPHA2
,,,EPHA3
,,,EPHA5
,,,EPHA6
,,,EPHA7
,,,EPHB1
,,,EPHX1
,,,EPN2
,,,EPN2-AS1
,,,EPOR
,,,EPS8
,,,EPSTI1
,,,ERAP2
,,,ERBB3
,,,ERG
,,,ERMAP
,,,ERMN
,,,ERN1
,,,ERRFI1
,,,ESAM
,,,ESR1
,,,ESR2
,,,ESRRA
,,,ESRRB
,,,ESRRG
,,,ESYT2
,,,ETNPPL
,,,ETS1
,,,ETS2
,,,ETV1
,,,ETV2
,,,ETV3
,,,ETV4
,,,ETV5
,,,ETV6
,,,ETV7
,,,EVC2
,,,EVI2A
,,,EWSR1
,,,EXPH5
,,,EYA1
,,,EYA2
,,,EYA4
,,,EYS
,,,EZH2
,,,EZR
,,,Endo
,,,F11R
,,,F13A1
,,,F2R
,,,F3
,,,FA2H
,,,FABP7
,,,FAM107A
,,,FAM107B
,,,FAM110B
,,,FAM111A
,,,FAM114A1
,,,FAM118A
,,,FAM124A
,,,FAM126A
,,,FAM149A
,,,FAM157A
,,,FAM160A1
,,,FAM167A
,,,FAM167A-AS1
,,,FAM177B
,,,FAM178B
,,,FAM181B
,,,FAM189A2
,,,FAM20A
,,,FAM222A-AS1
,,,FAM78A
,,,FAM89A
,,,FANCC
,,,FANK1
,,,FAP
,,,FAS
,,,FAT1
,,,FAT3
,,,FAT4
,,,FAU
,,,FAXDC2
,,,FBLN1
,,,FBLN2
,,,FBLN5
,,,FBN2
,,,FBXL19
,,,FBXL7
,,,FCER1G
,,,FCGBP
,,,FCGR1A
,,,FCGR1B
,,,FCGR1CP
,,,FCGR2A
,,,FCGR3A
,,,FCGRT
,,,FENDRR
,,,FER1L6
,,,FER1L6-AS1
,,,FER1L6-AS2
,,,FERMT1
,,,FERMT3
,,,FES
,,,FEZ1
,,,FEZF1
,,,FEZF2
,,,FGD2
,,,FGD3
,,,FGD4
,,,FGD5
,,,FGD6
,,,FGF1
,,,FGF10
,,,FGF13
,,,FGF14
,,,FGF2
,,,FGF20
,,,FGFR1
,,,FGFR3
,,,FGL1
,,,FGL2
,,,FGR
,,,FHL2
,,,FHL5
,,,FHOD1
,,,FIGLA
,,,FIGN
,,,FILIP1
,,,FILIP1L
,,,FIRRE
,,,FIS1
,,,FIZ1
,,,FKBP10
,,,FKBP5
,,,FLI1
,,,FLJ40194
,,,FLNA
,,,FLRT2
,,,FLT1
,,,FLT3
,,,FLVCR2
,,,FMN1
,,,FMNL1
,,,FMNL3
,,,FMO2
,,,FMO3
,,,FMO4
,,,FMO5
,,,FMO6P
,,,FN1
,,,FNDC3B
,,,FOLH1
,,,FOS
,,,FOSB
,,,FOSL1
,,,FOSL2
,,,FOXA3
,,,FOXB1
,,,FOXC1
,,,FOXC2
,,,FOXD1
,,,FOXD2
,,,FOXD4
,,,FOXD4L1
,,,FOXD4L3
,,,FOXD4L5
,,,FOXD4L6
,,,FOXF1
,,,FOXF2
,,,FOXH1
,,,FOXJ1
,,,FOXJ2
,,,FOXJ3
,,,FOXK1
,,,FOXK2
,,,FOXL1
,,,FOXL2
,,,FOXM1
,,,FOXN2
,,,FOXN3
,,,FOXN4
,,,FOXO1
,,,FOXO3
,,,FOXO4
,,,FOXO6
,,,FOXP1
,,,FOXP1-AS1
,,,FOXP2
,,,FOXP3
,,,FOXP4
,,,FOXQ1
,,,FOXR1
,,,FOXS1
,,,FPR1
,,,FPR3
,,,FRAS1
,,,FREM1
,,,FREM2
,,,FRK
,,,FRMD3
,,,FRMD4B
,,,FRMD6
,,,FRMPD2
,,,FRMPD3
,,,FRMPD4
,,,FRRS1
,,,FRZB
,,,FSCN1
,,,FSHR
,,,FSTL1
,,,FSTL4
,,,FSTL5
,,,FTH1
,,,FTL
,,,FUBP1
,,,FUT10
,,,FXYD5
,,,FYCO1
,,,FZD6
,,,G0S2
,,,GAB3
,,,GABPA
,,,GABPB1
,,,GABRA2
,,,GABRE
,,,GABRG1
,,,GABRG3
,,,GABRG3-AS1
,,,GAD1
,,,GAD2
,,,GADD45A
,,,GADD45B
,,,GADD45G
,,,GAL3ST1
,,,GAL3ST4
,,,GALM
,,,GALNT10
,,,GALNT14
,,,GALNT15
,,,GALNT18
,,,GALNT6
,,,GALNTL6
,,,GALR1
,,,GAS1
,,,GAS2L3
,,,GAS6-AS1
,,,GATA1
,,,GATA2
,,,GATA2-AS1
,,,GATA3
,,,GATA4
,,,GATA6
,,,GATAD1
,,,GATAD2A
,,,GBE1
,,,GBP1
,,,GBP2
,,,GBP3
,,,GBP4
,,,GBX1
,,,GCH1
,,,GCM1
,,,GCM2
,,,GCNT1
,,,GCNT2
,,,GDNF-AS1
,,,GEM
,,,GFAP
,,,GFI1
,,,GFI1B
,,,GFRA1
,,,GGT5
,,,GHR
,,,GIMAP2
,,,GIMAP4
,,,GIMAP7
,,,GIMAP8
,,,GINS3
,,,GIT2
,,,GJA1
,,,GJB1
,,,GJB6
,,,GJC1
,,,GJC2
,,,GK
,,,GLA
,,,GLDC
,,,GLDN
,,,GLI1
,,,GLI2
,,,GLI3
,,,GLIPR2
,,,GLIS1
,,,GLIS2
,,,GLIS3
,,,GLRA2
,,,GLRX
,,,GLUL
,,,GM2A
,,,GMEB1
,,,GMEB2
,,,GMFG
,,,GMIP
,,,GMPR
,,,GNA13
,,,GNA14
,,,GNA14-AS1
,,,GNA15
,,,GNAL
,,,GNB4
,,,GNG11
,,,GNG12
,,,GNG12-AS1
,,,GNG4
,,,GNLY
,,,GOLIM4
,,,GOT1
,,,GPAM
,,,GPAT3
,,,GPBP1L1
,,,GPC4
,,,GPC5
,,,GPC5-AS1
,,,GPC6
,,,GPCPD1
,,,GPER1
,,,GPIHBP1
,,,GPM6A
,,,GPNMB
,,,GPR132
,,,GPR149
,,,GPR160
,,,GPR17
,,,GPR174
,,,GPR183
,,,GPR34
,,,GPR37
,,,GPR37L1
,,,GPR39
,,,GPR65
,,,GPR85
,,,GPRC5C
,,,GPRIN3
,,,GPSM3
,,,GPX1
,,,GPX3
,,,GRAMD1A
,,,GRAMD1C
,,,GRAP2
,,,GRAPL
,,,GRB10
,,,GRB2
,,,GREB1L
,,,GREM1
,,,GREM2
,,,GRHL1
,,,GRHL2
,,,GRHL3
,,,GRIA1
,,,GRID2
,,,GRIK1
,,,GRIK2
,,,GRIK3
,,,GRIN2A
,,,GRIN2C
,,,GRIN3A
,,,GRIP1
,,,GRK5
,,,GRM1
,,,GRM3
,,,GRM7
,,,GRM8
,,,GRN
,,,GSDMD
,,,GSG1L
,,,GSN
,,,GTF2A1
,,,GTF2A2
,,,GTF2B
,,,GTF2F1
,,,GTF2I
,,,GTF2IRD1
,,,GTF3A
,,,GTF3C2
,,,GTPBP1
,,,GULP1
,,,GXYLT2
,,,GYG2
,,,GYG2P1
,,,GYPC
,,,GZF1
,,,HACD1
,,,HAMP
,,,HAP1
,,,HAPLN2
,,,HAS2
,,,HAS2-AS1
,,,HAVCR2
,,,HBEGF
,,,HBP1
,,,HCFC1
,,,HCFC2
,,,HCG22
,,,HCK
,,,HCLS1
,,,HCN1
,,,HCP5
,,,HCRTR2
,,,HDAC1
,,,HDAC2
,,,HDAC3
,,,HDAC9
,,,HDDC2
,,,HDX
,,,HEATR5A
,,,HEBP2
,,,HECA
,,,HECW1
,,,HEG1
,,,HELB
,,,HELZ2
,,,HEPH
,,,HEPN1
,,,HERC2P2
,,,HERC2P3
,,,HERC2P9
,,,HERC5
,,,HERPUD1
,,,HES1
,,,HES2
,,,HES4
,,,HES5
,,,HES6
,,,HES7
,,,HESX1
,,,HEY1
,,,HEY2
,,,HEYL
,,,HGF
,,,HHAT
,,,HHEX
,,,HHIP
,,,HIC1
,,,HIC2
,,,HIF1A
,,,HIF3A
,,,HIGD1B
,,,HINFP
,,,HIP1
,,,HIVEP1
,,,HIVEP2
,,,HIVEP3
,,,HK2
,,,HKDC1
,,,HLA-A
,,,HLA-B
,,,HLA-DMB
,,,HLA-DPA1
,,,HLA-DPB1
,,,HLA-DQA1
,,,HLA-DQB1
,,,HLA-DRA
,,,HLA-DRB1
,,,HLA-DRB5
,,,HLA-E
,,,HLA-F
,,,HLCS
,,,HLF
,,,HLTF
,,,HLX
,,,HLX-AS1
,,,HMBOX1
,,,HMCN1
,,,HMG20A
,,,HMG20B
,,,HMGA1
,,,HMGA2
,,,HMGB1
,,,HMGB2
,,,HMGB3
,,,HMGCS1
,,,HMGXB3
,,,HMOX1
,,,HMX1
,,,HNF1A
,,,HNF1B
,,,HNF4A
,,,HNF4G
,,,HNMT
,,,HNRNPA0
,,,HNRNPC
,,,HNRNPH3
,,,HNRNPKP3
,,,HNRNPLL
,,,HOMER1
,,,HOMEZ
,,,HOXB3
,,,HOXC4
,,,HOXD1
,,,HOXD3
,,,HP1BP3
,,,HPGD
,,,HPGDS
,,,HPN
,,,HPN-AS1
,,,HPS3
,,,HPSE
,,,HPSE2
,,,HRH1
,,,HS3ST2
,,,HS3ST3A1
,,,HS3ST3B1
,,,HS3ST4
,,,HS3ST5
,,,HS6ST2
,,,HS6ST3
,,,HSD11B1
,,,HSF1
,,,HSF2
,,,HSF4
,,,HSF5
,,,HSFY2
,,,HSP90AA1
,,,HSPA12B
,,,HSPA1A
,,,HSPA2
,,,HSPA5
,,,HSPB1
,,,HSPB8
,,,HSPBAP1
,,,HSPD1
,,,HSPE1-MOB4
,,,HSPG2
,,,HSPH1
,,,HTATIP2
,,,HTR1E
,,,HTR1F
,,,HTR2C
,,,HTR4
,,,HTR7
,,,HUNK
,,,HYAL2
,,,ICAM1
,,,ICAM2
,,,ID1
,,,ID2
,,,ID3
,,,ID4
,,,IDI1
,,,IER2
,,,IER3
,,,IER5
,,,IFI16
,,,IFI44
,,,IFI44L
,,,IFIH1
,,,IFIT2
,,,IFIT3
,,,IFITM3
,,,IFNG-AS1
,,,IFNGR1
,,,IFNLR1
,,,IGF1
,,,IGF2BP2
,,,IGFBP2
,,,IGFBP3
,,,IGFBP4
,,,IGFBP5
,,,IGFBP6
,,,IGFBP7
,,,IGSF1
,,,IGSF21
,,,IGSF6
,,,IKBIP
,,,IKBKE
,,,IKZF1
,,,IKZF2
,,,IKZF3
,,,IKZF4
,,,IKZF5
,,,IL10RA
,,,IL12RB2
,,,IL13RA1
,,,IL15
,,,IL15RA
,,,IL16
,,,IL17RA
,,,IL18
,,,IL18R1
,,,IL1B
,,,IL1R1
,,,IL1RAP
,,,IL1RAPL2
,,,IL21
,,,IL21R
,,,IL24
,,,IL26
,,,IL33
,,,IL4R
,,,IL6R
,,,IL6ST
,,,ILF2
,,,ILF3
,,,ING3
,,,ING4
,,,INHBA
,,,INPP4B
,,,INPP5D
,,,INPPL1
,,,INSIG1
,,,INSM2
,,,IN_ADARB2
,,,IN_LAMP5_LHX6
,,,IN_LAMP5_RELN
,,,IN_PVALB
,,,IN_PVALB_CHC
,,,IN_SST
,,,IN_VIP
,,,IP6K3
,,,IPO13
,,,IPO9-AS1
,,,IQCA1
,,,IQCH-AS1
,,,IQCJ-SCHIP1
,,,IQGAP1
,,,IQGAP2
,,,IRAK2
,,,IRAK3
,,,IRAK4
,,,IRF1
,,,IRF2
,,,IRF3
,,,IRF4
,,,IRF5
,,,IRF6
,,,IRF7
,,,IRF8
,,,IRF9
,,,IRX2
,,,IRX4
,,,IRX6
,,,ISG15
,,,ISG20
,,,ISM1
,,,ISYNA1
,,,ITGA1
,,,ITGA10
,,,ITGA11
,,,ITGA2
,,,ITGA4
,,,ITGA5
,,,ITGA6
,,,ITGA7
,,,ITGA8
,,,ITGAL
,,,ITGAM
,,,ITGAX
,,,ITGB2
,,,ITGB2-AS1
,,,ITGB4
,,,ITGB5
,,,ITGBL1
,,,ITIH5
,,,ITK
,,,ITM2A
,,,ITPKB
,,,ITPKC
,,,ITPR2
,,,ITPR3
,,,ITPRIP
,,,Immune
,,,JADE3
,,,JAG1
,,,JAK3
,,,JAM2
,,,JAZF1
,,,JDP2
,,,JPH2
,,,JUN
,,,JUNB
,,,JUND
,,,JUP
,,,KANK1
,,,KANK2
,,,KANK3
,,,KANK4
,,,KAT2B
,,,KAT7
,,,KAZN
,,,KBTBD12
,,,KCNAB1
,,,KCNB2
,,,KCNC2
,,,KCND2
,,,KCNE1
,,,KCNE3
,,,KCNE4
,,,KCNH5
,,,KCNH7
,,,KCNH8
,,,KCNIP1
,,,KCNJ16
,,,KCNJ2
,,,KCNJ5
,,,KCNJ8
,,,KCNK13
,,,KCNK2
,,,KCNK6
,,,KCNMB1
,,,KCNMB2
,,,KCNMB2-AS1
,,,KCNMB4
,,,KCNN3
,,,KCNQ1
,,,KCNQ1OT1
,,,KCNQ3
,,,KCNQ5
,,,KCNS3
,,,KCNT2
,,,KCTD12
,,,KCTD8
,,,KCTD9
,,,KDM2A
,,,KDM2B
,,,KDM4B
,,,KDM4C
,,,KDM4D
,,,KDM5A
,,,KDM5D
,,,KDM7A
,,,KDR
,,,KEL
,,,KHDRBS2
,,,KHDRBS3
,,,KIAA0040
,,,KIAA1217
,,,KIAA1755
,,,KIF13B
,,,KIF19
,,,KIF20B
,,,KIF26B
,,,KIF6
,,,KIT
,,,KITLG
,,,KIZ-AS1
,,,KLF10
,,,KLF11
,,,KLF12
,,,KLF13
,,,KLF15
,,,KLF16
,,,KLF17
,,,KLF2
,,,KLF3
,,,KLF4
,,,KLF5
,,,KLF6
,,,KLF7
,,,KLF8
,,,KLF9
,,,KLHL1
,,,KLHL13
,,,KLHL4
,,,KLHL6
,,,KLHL6-AS1
,,,KLK6
,,,KLRC4-KLRK1
,,,KLRD1
,,,KLRG1
,,,KMO
,,,KMT2A
,,,KNOP1
,,,KREMEN1
,,,KYNU
,,,LAIR1
,,,LAMA1
,,,LAMA2
,,,LAMA3
,,,LAMA4
,,,LAMB1
,,,LAMB2
,,,LAMC1
,,,LAMC3
,,,LAMP2
,,,LANCL1-AS1
,,,LAP3
,,,LAPTM4A
,,,LAPTM5
,,,LARP1
,,,LARP4
,,,LAS1L
,,,LAT2
,,,LATS2
,,,LAYN
,,,LBH
,,,LBX2
,,,LCAT
,,,LCOR
,,,LCORL
,,,LCP1
,,,LCP2
,,,LDB1
,,,LDB2
,,,LDB3
,,,LDLR
,,,LDLRAD3
,,,LDLRAD4
,,,LDLRAP1
,,,LEF1
,,,LEKR1
,,,LENG9
,,,LEPR
,,,LFNG
,,,LGALS1
,,,LGALS3
,,,LGALS9
,,,LGI1
,,,LGI3
,,,LGMN
,,,LGR4
,,,LGR5
,,,LGR6
,,,LHFPL2
,,,LHFPL3
,,,LHFPL3-AS1
,,,LHFPL3-AS2
,,,LHX1
,,,LHX2
,,,LHX4
,,,LHX6
,,,LILRB1
,,,LILRB3
,,,LILRB4
,,,LIMD1
,,,LIMK2
,,,LIMS1
,,,LIMS2
,,,LIN28B
,,,LINC00200
,,,LINC00276
,,,LINC00278
,,,LINC00290
,,,LINC00298
,,,LINC00299
,,,LINC00320
,,,LINC00326
,,,LINC00378
,,,LINC00484
,,,LINC00499
,,,LINC00507
,,,LINC00511
,,,LINC00578
,,,LINC00598
,,,LINC00601
,,,LINC00607
,,,LINC00609
,,,LINC00612
,,,LINC00639
,,,LINC00649
,,,LINC00836
,,,LINC00840
,,,LINC00844
,,,LINC00861
,,,LINC00862
,,,LINC00865
,,,LINC00877
,,,LINC00886
,,,LINC00923
,,,LINC00924
,,,LINC00926
,,,LINC00944
,,,LINC00958
,,,LINC00996
,,,LINC01010
,,,LINC01036
,,,LINC01060
,,,LINC01088
,,,LINC01090
,,,LINC01091
,,,LINC01094
,,,LINC01117
,,,LINC01122
,,,LINC01135
,,,LINC01141
,,,LINC01146
,,,LINC01170
,,,LINC01189
,,,LINC01197
,,,LINC01202
,,,LINC01208
,,,LINC01241
,,,LINC01250
,,,LINC01258
,,,LINC01266
,,,LINC01285
,,,LINC01299
,,,LINC01301
,,,LINC01320
,,,LINC01322
,,,LINC01331
,,,LINC01344
,,,LINC01356
,,,LINC01375
,,,LINC01376
,,,LINC01410
,,,LINC01411
,,,LINC01422
,,,LINC01445
,,,LINC01478
,,,LINC01482
,,,LINC01500
,,,LINC01504
,,,LINC01505
,,,LINC01508
,,,LINC01550
,,,LINC01568
,,,LINC01572
,,,LINC01591
,,,LINC01605
,,,LINC01608
,,,LINC01619
,,,LINGO2
,,,LIPC
,,,LIPE
,,,LIPG
,,,LITAF
,,,LIX1
,,,LLGL2
,,,LMCD1
,,,LMCD1-AS1
,,,LMNA
,,,LMNTD1
,,,LMO1
,,,LMO2
,,,LMOD1
,,,LMX1A
,,,LMX1B
,,,LOXL3
,,,LPAR1
,,,LPAR3
,,,LPAR4
,,,LPAR5
,,,LPAR6
,,,LPCAT2
,,,LPGAT1
,,,LPIN3
,,,LPL
,,,LPXN
,,,LRAT
,,,LRCH1
,,,LRFN5
,,,LRIG1
,,,LRIG3
,,,LRP10
,,,LRP2
,,,LRP4
,,,LRP4-AS1
,,,LRRC1
,,,LRRC32
,,,LRRC3B
,,,LRRC4C
,,,LRRC63
,,,LRRC69
,,,LRRC74A
,,,LRRC8A
,,,LRRC8D
,,,LRRFIP1
,,,LRRK1
,,,LRRK2
,,,LRRN1
,,,LRRTM4
,,,LRTM1
,,,LSM6
,,,LSR
,,,LST1
,,,LTB4R
,,,LTBP1
,,,LTBP2
,,,LTBR
,,,LTC4S
,,,LTF
,,,LUCAT1
,,,LURAP1L
,,,LURAP1L-AS1
,,,LUZP1
,,,LUZP2
,,,LY86
,,,LY86-AS1
,,,LY96
,,,LYL1
,,,LYN
,,,LYPD6
,,,LYPD6B
,,,LYVE1
,,,LZTS1
,,,LZTS1-AS1
,,,LZTS2
,,,MAF
,,,MAFB
,,,MAFF
,,,MAFG
,,,MAFK
,,,MAG
,,,MAGI1-AS1
,,,MAGT1
,,,MAL
,,,MALRD1
,,,MAMDC2
,,,MAMDC2-AS1
,,,MAML2
,,,MAML3
,,,MAN1A1
,,,MAN2A1
,,,MAN2B1
,,,MAOA
,,,MAOB
,,,MAP3K1
,,,MAP3K14
,,,MAP3K7CL
,,,MAP3K8
,,,MAP4K1
,,,MAP4K2
,,,MAP7D3
,,,MAPK1
,,,MAPK4
,,,MAPKAPK2
,,,MAPKAPK3
,,,MARCKSL1
,,,MASP1
,,,MATN2
,,,MAX
,,,MAZ
,,,MBD2
,,,MBNL1-AS1
,,,MBNL2
,,,MBNL3
,,,MBOAT1
,,,MBP
,,,MBTPS2
,,,MCAM
,,,MCC
,,,MCL1
,,,MCM3
,,,MCM5
,,,MCOLN2
,,,MCTP1
,,,MCTP2
,,,MDFIC
,,,MDM2
,,,MECOM
,,,MECP2
,,,MEF2A
,,,MEF2C
,,,MEF2D
,,,MEGF10
,,,MEGF11
,,,MEI4
,,,MEIS1
,,,MEIS2
,,,MEIS3
,,,MELK
,,,MEOX1
,,,MEOX2
,,,MEPE
,,,MERTK
,,,MESP1
,,,MESP2
,,,MET
,,,METAP1D
,,,METRN
,,,METRNL
,,,METTL14
,,,METTL7A
,,,MEX3C
,,,MFGE8
,,,MFHAS1
,,,MFNG
,,,MFSD2A
,,,MFSD4B
,,,MGA
,,,MGAM
,,,MGAT1
,,,MGAT4A
,,,MGAT4C
,,,MGME1
,,,MGP
,,,MGST1
,,,MGST2
,,,MIATNB
,,,MICALL1
,,,MID1
,,,MID1IP1
,,,MIDN
,,,MILR1
,,,MIOS
,,,MIR17HG
,,,MIR2052HG
,,,MIR3142HG
,,,MIR31HG
,,,MIR325HG
,,,MIR34AHG
,,,MIR3681HG
,,,MIR4300HG
,,,MIR4435-2HG
,,,MIR4500HG
,,,MIR503HG
,,,MIR646HG
,,,MIR924HG
,,,MIS18BP1
,,,MITF
,,,MIXL1
,,,MKNK1
,,,MKNK1-AS1
,,,MKRN3
,,,MKX
,,,MLC1
,,,MLIP
,,,MLKL
,,,MLLT10
,,,MLX
,,,MLXIP
,,,MLXIPL
,,,MMD2
,,,MME
,,,MMP14
,,,MMP16
,,,MMRN1
,,,MMRN2
,,,MMS22L
,,,MN1
,,,MNDA
,,,MNT
,,,MNX1
,,,MOB3A
,,,MOB3B
,,,MOBP
,,,MOCOS
,,,MOG
,,,MORC1
,,,MOXD1
,,,MPPED2
,,,MPZL1
,,,MR1
,,,MRC1
,,,MRC2
,,,MROH9
,,,MRPL1
,,,MS4A14
,,,MS4A4A
,,,MS4A6A
,,,MSC
,,,MSC-AS1
,,,MSI1
,,,MSI2
,,,MSN
,,,MSR1
,,,MSRA
,,,MSRB3
,,,MSX1
,,,MSX2
,,,MT1E
,,,MT1G
,,,MT1M
,,,MT2A
,,,MT3
,,,MTA3
,,,MTERF1
,,,MTF1
,,,MTF2
,,,MTHFD1
,,,MTHFD1L
,,,MTHFD2
,,,MTSS1
,,,MTUS2
,,,MUSK
,,,MVP
,,,MX1
,,,MX2
,,,MXD1
,,,MXD3
,,,MXD4
,,,MXI1
,,,MYB
,,,MYBL1
,,,MYBL2
,,,MYBPC1
,,,MYC
,,,MYCL
,,,MYCN
,,,MYCT1
,,,MYEF2
,,,MYH11
,,,MYL12A
,,,MYL12B
,,,MYL3
,,,MYL6
,,,MYL9
,,,MYLIP
,,,MYLK
,,,MYNN
,,,MYO10
,,,MYO16
,,,MYO16-AS1
,,,MYO1B
,,,MYO1C
,,,MYO1D
,,,MYO1E
,,,MYO1F
,,,MYO5B
,,,MYO7A
,,,MYOCD
,,,MYOF
,,,MYOG
,,,MYOM1
,,,MYPOP
,,,MYRF
,,,MYRFL
,,,MYRIP
,,,MYT1
,,,MZF1
,,,Micro
,,,NAA11
,,,NABP1
,,,NACAD
,,,NAMPT
,,,NANOG
,,,NANOGP8
,,,NAP1L1
,,,NAPSB
,,,NAT8L
,,,NBPF14
,,,NCALD
,,,NCAN
,,,NCF2
,,,NCF4
,,,NCK2
,,,NCKAP1L
,,,NCMAP
,,,NCOA1
,,,NCOA2
,,,NCOA3
,,,NCOR1
,,,NCOR2
,,,NDC1
,,,NDE1
,,,NDNF
,,,NDP
,,,NDRG1
,,,NDRG2
,,,NDST3
,,,NDST4
,,,NDUFA4L2
,,,NEAT1
,,,NEB
,,,NECTIN2
,,,NEDD1
,,,NEDD4
,,,NEDD9
,,,NEK3
,,,NEK6
,,,NELFA
,,,NELL1
,,,NELL2
,,,NES
,,,NET1
,,,NETO1
,,,NETO2
,,,NEU4
,,,NEURL1B
,,,NEUROD2
,,,NF1
,,,NFAM1
,,,NFAT5
,,,NFATC1
,,,NFATC2
,,,NFATC3
,,,NFATC4
,,,NFE2
,,,NFE2L1
,,,NFE2L2
,,,NFE2L3
,,,NFIA
,,,NFIB
,,,NFIC
,,,NFIL3
,,,NFIX
,,,NFKB1
,,,NFKB2
,,,NFKBIA
,,,NFKBID
,,,NFKBIZ
,,,NFX1
,,,NFYA
,,,NFYB
,,,NFYC
,,,NGF
,,,NHLH1
,,,NHLH2
,,,NHS
,,,NHSL1
,,,NHSL2
,,,NID1
,,,NID2
,,,NINJ1
,,,NINJ2
,,,NIPAL1
,,,NKAIN1
,,,NKAIN3
,,,NKAIN4
,,,NKD1
,,,NKX1-2
,,,NKX2-2
,,,NKX2-8
,,,NKX3-1
,,,NKX6-1
,,,NKX6-2
,,,NKX6-3
,,,NLGN4Y
,,,NLRC5
,,,NLRP1
,,,NLRP3
,,,NMI
,,,NMRAL1
,,,NMU
,,,NNT
,,,NOBOX
,,,NOD1
,,,NOL8
,,,NONO
,,,NOS1
,,,NOS3
,,,NOSTRIN
,,,NOTCH1
,,,NOTCH2
,,,NOTCH3
,,,NOTCH4
,,,NOTO
,,,NPAS2
,,,NPAS4
,,,NPC2
,,,NPDC1
,,,NPFFR2
,,,NPL
,,,NPLOC4
,,,NPNT
,,,NPSR1
,,,NPSR1-AS1
,,,NR0B1
,,,NR1D1
,,,NR1D2
,,,NR1H2
,,,NR1H3
,,,NR1H4
,,,NR1I2
,,,NR1I3
,,,NR2C1
,,,NR2C2
,,,NR2E1
,,,NR2E3
,,,NR2F1
,,,NR2F2
,,,NR2F2-AS1
,,,NR2F6
,,,NR3C1
,,,NR3C2
,,,NR4A1
,,,NR4A2
,,,NR4A3
,,,NR5A1
,,,NR5A2
,,,NR6A1
,,,NRARP
,,,NREP-AS1
,,,NRF1
,,,NRG1
,,,NRIP3
,,,NRL
,,,NRP1
,,,NRP2
,,,NSUN7
,,,NT5C
,,,NT5DC1
,,,NT5DC2
,,,NTM-AS1
,,,NTN1
,,,NTN4
,,,NTNG1
,,,NTNG2
,,,NUAK2
,,,NUCB1
,,,NUP107
,,,NUP133
,,,NUP210L
,,,NWD1
,,,NWD2
,,,NXN
,,,NXPE1
,,,NXPH1
,,,NXPH2
,,,NXPH3
,,,NYAP2
,,,OAF
,,,OARD1
,,,OAS1
,,,OAS2
,,,OAS3
,,,OCA2
,,,OCLN
,,,OGFRL1
,,,OLFM3
,,,OLFML2A
,,,OLFML2B
,,,OLFML3
,,,OLIG1
,,,OLIG2
,,,OLMALINC
,,,OLR1
,,,OMD
,,,ONECUT1
,,,ONECUT2
,,,ONECUT3
,,,OPALIN
,,,OPC
,,,OPCML
,,,OPHN1
,,,OPRM1
,,,OR3A2
,,,OSBPL11
,,,OSGIN2
,,,OSMR
,,,OSMR-AS1
,,,OSR1
,,,OTOGL
,,,OTP
,,,OTUD1
,,,OTUD4
,,,OTULIN
,,,OTX1
,,,OVCH1-AS1
,,,OVOL1
,,,OVOL2
,,,Oligo
,,,P2RX1
,,,P2RX4
,,,P2RY10
,,,P2RY12
,,,P2RY13
,,,P2RY14
,,,P2RY6
,,,P3H2
,,,P4HA1
,,,PACRG-AS3
,,,PADI2
,,,PAG1
,,,PAIP2B
,,,PALD1
,,,PALLD
,,,PALMD
,,,PAM
,,,PAMR1
,,,PAPLN
,,,PAPOLG
,,,PAPPA
,,,PAPSS2
,,,PAQR4
,,,PAQR5
,,,PAQR6
,,,PARD3
,,,PARD3B
,,,PARP1
,,,PARP12
,,,PARP14
,,,PARP15
,,,PARP4
,,,PARP8
,,,PARP9
,,,PARVA
,,,PARVB
,,,PARVG
,,,PATL2
,,,PATZ1
,,,PAWR
,,,PAX2
,,,PAX3
,,,PAX5
,,,PAX6
,,,PAX7
,,,PAX8
,,,PAX8-AS1
,,,PAXIP1
,,,PAXIP1-AS2
,,,PBX1
,,,PBX2
,,,PBX3
,,,PBX4
,,,PBXIP1
,,,PC
,,,PCA3
,,,PCAT1
,,,PCAT19
,,,PCBP3
,,,PCDH11X
,,,PCDH11Y
,,,PCDH15
,,,PCDH18
,,,PCDH7
,,,PCDH9-AS2
,,,PCDH9-AS3
,,,PCDH9-AS4
,,,PCED1B
,,,PCED1B-AS1
,,,PCOLCE2
,,,PCP4
,,,PCSK2
,,,PCSK5
,,,PCSK6
,,,PCYT1B
,,,PDCD1LG2
,,,PDE10A
,,,PDE1A
,,,PDE1C
,,,PDE3A
,,,PDE3B
,,,PDE6B
,,,PDE7B
,,,PDE9A
,,,PDGFA
,,,PDGFB
,,,PDGFC
,,,PDGFD
,,,PDGFRA
,,,PDGFRB
,,,PDHX
,,,PDK1
,,,PDK4
,,,PDLIM1
,,,PDLIM3
,,,PDLIM5
,,,PDPN
,,,PDS5A
,,,PDZD2
,,,PDZRN3
,,,PDZRN4
,,,PEAR1
,,,PECAM1
,,,PELI1
,,,PELI2
,,,PER1
,,,PERP
,,,PEX5L-AS2
,,,PEX7
,,,PFKFB2
,,,PFKFB3
,,,PFN1
,,,PGAM2
,,,PGM5
,,,PGR
,,,PHACTR1
,,,PHACTR2
,,,PHEX
,,,PHF12
,,,PHF19
,,,PHF2
,,,PHF20
,,,PHF21A
,,,PHF21B
,,,PHF8
,,,PHKA1
,,,PHLDA1
,,,PHLDA2
,,,PHLDA3
,,,PHLDB1
,,,PHLDB2
,,,PHTF1
,,,PHYHD1
,,,PI15
,,,PI16
,,,PICK1
,,,PID1
,,,PIEZO1
,,,PIEZO2
,,,PIGC
,,,PIGH
,,,PIK3AP1
,,,PIK3C3
,,,PIK3CD
,,,PIK3CD-AS2
,,,PIK3CG
,,,PIK3IP1
,,,PIK3R5
,,,PIK3R6
,,,PILRA
,,,PIM1
,,,PIM3
,,,PIP4K2A
,,,PIP5K1B
,,,PIPOX
,,,PIR
,,,PITPNC1
,,,PITX1
,,,PITX3
,,,PKHD1L1
,,,PKIB
,,,PKM
,,,PKN2-AS1
,,,PKN3
,,,PKNOX1
,,,PKNOX2
,,,PKP2
,,,PLA1A
,,,PLA2G15
,,,PLA2G4A
,,,PLA2G7
,,,PLA2R1
,,,PLAC8
,,,PLAC9
,,,PLAG1
,,,PLAGL1
,,,PLAGL2
,,,PLAT
,,,PLAUR
,,,PLB1
,,,PLBD1
,,,PLCB2
,,,PLCB4
,,,PLCG1-AS1
,,,PLCG2
,,,PLCH1
,,,PLCL1
,,,PLCXD3
,,,PLD1
,,,PLD4
,,,PLD5
,,,PLEK
,,,PLEKHA7
,,,PLEKHB1
,,,PLEKHF2
,,,PLEKHG1
,,,PLEKHG2
,,,PLEKHG3
,,,PLEKHH1
,,,PLEKHH2
,,,PLEKHM1P1
,,,PLEKHO1
,,,PLIN2
,,,PLIN5
,,,PLK3
,,,PLLP
,,,PLOD1
,,,PLOD2
,,,PLP1
,,,PLPP1
,,,PLPP2
,,,PLPP3
,,,PLPP4
,,,PLPPR1
,,,PLS3
,,,PLS3-AS1
,,,PLSCR1
,,,PLSCR4
,,,PLTP
,,,PLVAP
,,,PLXDC1
,,,PLXDC2
,,,PLXNA4
,,,PLXND1
,,,PMEPA1
,,,PML
,,,PMP2
,,,PMP22
,,,PNP
,,,PNRC1
,,,PODN
,,,PODXL
,,,POLD2
,,,POLE3
,,,POLE4
,,,POLR2A
,,,POLR2F
,,,POLR3A
,,,POLR3G
,,,PON2
,,,PON3
,,,POSTN
,,,POT1-AS1
,,,POU1F1
,,,POU2AF1
,,,POU2F1
,,,POU2F2
,,,POU2F3
,,,POU3F1
,,,POU3F2
,,,POU3F4
,,,POU4F1
,,,POU5F1
,,,POU6F1
,,,POU6F2
,,,PPARA
,,,PPARD
,,,PPARG
,,,PPARGC1A
,,,PPFIBP1
,,,PPFIBP2
,,,PPP1CB
,,,PPP1R10
,,,PPP1R13L
,,,PPP1R14A
,,,PPP1R15A
,,,PPP1R18
,,,PPP1R1B
,,,PPP1R1C
,,,PPP1R3B
,,,PPP1R3C
,,,PPP3CB-AS1
,,,PPP4R1L
,,,PPP5C
,,,PRAM1
,,,PRDM1
,,,PRDM10
,,,PRDM11
,,,PRDM15
,,,PRDM16
,,,PRDM4
,,,PRDM5
,,,PRDM6
,,,PRDX1
,,,PRELID2
,,,PRELP
,,,PREX1
,,,PREX2
,,,PRIMA1
,,,PRKAA1
,,,PRKAA2
,,,PRKAG2
,,,PRKCA-AS1
,,,PRKCD
,,,PRKCH
,,,PRKCQ
,,,PRKG1
,,,PRKG2
,,,PRKX
,,,PRKY
,,,PRLR
,,,PRNP
,,,PROCR
,,,PROM1
,,,PROP1
,,,PROS1
,,,PROSER2
,,,PROX1
,,,PROX1-AS1
,,,PRR16
,,,PRR18
,,,PRR5
,,,PRR5L
,,,PRRG4
,,,PRRX1
,,,PRRX2
,,,PRSS23
,,,PRTG
,,,PRX
,,,PSD2
,,,PSMA1
,,,PSMB9
,,,PSMC2
,,,PSMD12
,,,PSRC1
,,,PSTPIP1
,,,PSTPIP2
,,,PTAFR
,,,PTCHD1
,,,PTCHD4
,,,PTCSC3
,,,PTER
,,,PTF1A
,,,PTGDR
,,,PTGFR
,,,PTGS1
,,,PTGS2
,,,PTH1R
,,,PTMA
,,,PTN
,,,PTP4A3
,,,PTPN14
,,,PTPN22
,,,PTPN6
,,,PTPN7
,,,PTPRB
,,,PTPRC
,,,PTPRE
,,,PTPRG
,,,PTPRM
,,,PTPRO
,,,PTPRT
,,,PTPRZ1
,,,PUM3
,,,PURA
,,,PURG
,,,PVM
,,,PWRN1
,,,PXDC1
,,,PXDN
,,,PXK
,,,PXN
,,,PXT1
,,,PYGL
,,,PYGM
,,,PYHIN1
,,,PZP
,,,QDPR
,,,QRFPR
,,,R3HDM2
,,,RAB14
,,,RAB18
,,,RAB20
,,,RAB27A
,,,RAB2A
,,,RAB31
,,,RAB32
,,,RAB34
,,,RAB38
,,,RAB39A
,,,RAB3C
,,,RAB3IL1
,,,RAB3IP
,,,RAB7A
,,,RAB7B
,,,RAD21
,,,RAD51B
,,,RAI14
,,,RALYL
,,,RAMP2
,,,RAMP3
,,,RAN
,,,RANBP17
,,,RANBP3L
,,,RAPGEF1
,,,RARA
,,,RARB
,,,RARG
,,,RARRES1
,,,RASAL1
,,,RASAL3
,,,RASD1
,,,RASGEF1B
,,,RASGEF1C
,,,RASGRP3
,,,RASIP1
,,,RASL12
,,,RASSF1
,,,RASSF2
,,,RASSF3
,,,RASSF8
,,,RAX2
,,,RB1
,,,RBBP5
,,,RBBP9
,,,RBFOX2
,,,RBFOX3
,,,RBM17
,,,RBM20
,,,RBM42
,,,RBM47
,,,RBMS1
,,,RBMS2
,,,RBMS3
,,,RBMS3-AS3
,,,RBP1
,,,RBPJ
,,,RBPJL
,,,RBPMS
,,,RBPMS2
,,,RCAN3
,,,RCBTB2
,,,RCC2
,,,RCN3
,,,RCOR1
,,,RCSD1
,,,RDH10
,,,RDH10-AS1
,,,REEP4
,,,REL
,,,RELA
,,,RELB
,,,RELL1
,,,RELN
,,,RENBP
,,,RERG
,,,RERGL
,,,REST
,,,RFC2
,,,RFC3
,,,RFFL
,,,RFTN2
,,,RFWD3
,,,RFX1
,,,RFX2
,,,RFX3
,,,RFX4
,,,RFX5
,,,RFX7
,,,RFX8
,,,RFXANK
,,,RFXAP
,,,RGCC
,,,RGL3
,,,RGMA
,,,RGR
,,,RGS1
,,,RGS10
,,,RGS12
,,,RGS16
,,,RGS18
,,,RGS19
,,,RGS2
,,,RGS20
,,,RGS22
,,,RGS3
,,,RGS5
,,,RGS6
,,,RGS9
,,,RHBDF2
,,,RHOBTB1
,,,RHOBTB3
,,,RHOC
,,,RHOG
,,,RHOH
,,,RHOJ
,,,RHOU
,,,RHOXF1
,,,RHPN2
,,,RILPL2
,,,RIMKLB
,,,RIN2
,,,RIN3
,,,RIOK2
,,,RIPK2
,,,RLF
,,,RMST
,,,RNASE1
,,,RNASEH2B-AS1
,,,RNASET2
,,,RND3
,,,RNF122
,,,RNF135
,,,RNF138
,,,RNF144B
,,,RNF152
,,,RNF166
,,,RNF182
,,,RNF19A
,,,RNF217-AS1
,,,RNF220
,,,RNH1
,,,ROBO1
,,,ROBO2
,,,ROBO3
,,,ROBO4
,,,ROR1
,,,ROR2
,,,RORA
,,,RORA-AS1
,,,RORB
,,,RORC
,,,RP1
,,,RP2
,,,RPGR
,,,RPL10A
,,,RPL12
,,,RPL18A
,,,RPL19
,,,RPL22L1
,,,RPL23
,,,RPL23A
,,,RPL29
,,,RPL35
,,,RPL35A
,,,RPL41
,,,RPL6
,,,RPL8
,,,RPLP0
,,,RPLP1
,,,RPP25
,,,RPS11
,,,RPS12
,,,RPS16
,,,RPS2
,,,RPS20
,,,RPS21
,,,RPS23
,,,RPS25
,,,RPS27
,,,RPS27L
,,,RPS28
,,,RPS3A
,,,RPS4X
,,,RPS5
,,,RPS6KA1
,,,RPS6KA5
,,,RPS7
,,,RRAS
,,,RREB1
,,,RSPO2
,,,RTKN
,,,RTTN
,,,RUFY3
,,,RUNDC3B
,,,RUNX1
,,,RUNX2
,,,RUNX3
,,,RUVBL1
,,,RXFP1
,,,RXRA
,,,RXRB
,,,RXRG
,,,RYBP
,,,RYR1
,,,RYR2
,,,RYR3
,,,S100A10
,,,S100A11
,,,S100A13
,,,S100A16
,,,S100A6
,,,S100B
,,,S100Z
,,,S1PR1
,,,S1PR3
,,,S1PR5
,,,SALL1
,,,SALL2
,,,SALL3
,,,SALL4
,,,SAMD11
,,,SAMD12-AS1
,,,SAMD3
,,,SAMD4A
,,,SAMD5
,,,SAMD9
,,,SAMD9L
,,,SAMHD1
,,,SAMMSON
,,,SAMSN1
,,,SAP30L-AS1
,,,SASH3
,,,SAT1
,,,SATB1-AS1
,,,SATB2
,,,SAV1
,,,SBNO2
,,,SCAMP2
,,,SCARA3
,,,SCARA5
,,,SCARB1
,,,SCARF1
,,,SCD
,,,SCG2
,,,SCHLAP1
,,,SCIN
,,,SCMH1
,,,SCML1
,,,SCML4
,,,SCN9A
,,,SCO2
,,,SCRT1
,,,SDC2
,,,SDC3
,,,SDC4
,,,SDCBP
,,,SDK1
,,,SDK2
,,,SDS
,,,SEC14L1
,,,SEC24D
,,,SELE
,,,SELENBP1
,,,SELPLG
,,,SEMA3A
,,,SEMA3B
,,,SEMA3C
,,,SEMA3D
,,,SEMA3E
,,,SEMA3F
,,,SEMA4A
,,,SEMA4C
,,,SEMA4D
,,,SEMA5A
,,,SEMA6A
,,,SEMA6A-AS1
,,,SEMA6D
,,,SERF2
,,,SERPINB1
,,,SERPINB9
,,,SERPINB9P1
,,,SERPINE1
,,,SERPINE2
,,,SERPINH1
,,,SERPINI2
,,,SERTAD1
,,,SETBP1
,,,SETDB1
,,,SEZ6L
,,,SF1
,,,SF3B1
,,,SFMBT2
,,,SFPQ
,,,SFRP1
,,,SFRP2
,,,SFT2D1
,,,SFT2D2
,,,SFXN5
,,,SGCD
,,,SGCG
,,,SGCZ
,,,SGK1
,,,SGK2
,,,SGK3
,,,SGMS2
,,,SGO2
,,,SGPP2
,,,SH2B3
,,,SH2D4A
,,,SH3BP2
,,,SH3BP4
,,,SH3GL2
,,,SH3RF1
,,,SH3RF3
,,,SH3TC1
,,,SH3TC2
,,,SHC4
,,,SHE
,,,SHISA6
,,,SHISA9
,,,SHMT1
,,,SHOX
,,,SHROOM1
,,,SHROOM2
,,,SHROOM3
,,,SHROOM4
,,,SIGIRR
,,,SIGLEC1
,,,SIGLEC10
,,,SIGLEC8
,,,SIGLEC9
,,,SIM2
,,,SIN3A
,,,SIPA1
,,,SIPA1L2
,,,SIRPB2
,,,SIRT6
,,,SIX1
,,,SIX3
,,,SIX4
,,,SIX5
,,,SKA2
,,,SKAP1
,,,SKAP2
,,,SKI
,,,SKINT1L
,,,SKOR1
,,,SLA
,,,SLAIN1
,,,SLC11A1
,,,SLC12A2
,,,SLC12A4
,,,SLC12A7
,,,SLC12A9
,,,SLC13A4
,,,SLC13A5
,,,SLC14A1
,,,SLC15A2
,,,SLC15A3
,,,SLC16A1
,,,SLC16A10
,,,SLC16A12
,,,SLC16A3
,,,SLC16A6
,,,SLC16A9
,,,SLC17A9
,,,SLC18A1
,,,SLC19A1
,,,SLC19A3
,,,SLC1A1
,,,SLC1A2
,,,SLC1A3
,,,SLC1A5
,,,SLC22A24
,,,SLC22A25
,,,SLC22A3
,,,SLC24A3
,,,SLC25A13
,,,SLC25A19
,,,SLC25A21
,,,SLC25A33
,,,SLC25A37
,,,SLC25A48
,,,SLC26A2
,,,SLC26A7
,,,SLC27A6
,,,SLC29A3
,,,SLC2A1
,,,SLC2A12
,,,SLC2A3
,,,SLC2A5
,,,SLC2A9
,,,SLC30A1
,,,SLC30A10
,,,SLC31A2
,,,SLC35F1
,,,SLC35F2
,,,SLC35F3
,,,SLC35F4
,,,SLC37A2
,,,SLC38A1
,,,SLC38A11
,,,SLC38A2
,,,SLC38A3
,,,SLC38A4
,,,SLC38A5
,,,SLC39A10
,,,SLC39A12
,,,SLC39A8
,,,SLC40A1
,,,SLC44A1
,,,SLC44A5
,,,SLC45A3
,,,SLC47A1
,,,SLC4A4
,,,SLC4A7
,,,SLC5A11
,,,SLC5A6
,,,SLC5A9
,,,SLC6A1
,,,SLC6A1-AS1
,,,SLC6A11
,,,SLC6A12
,,,SLC6A13
,,,SLC6A20
,,,SLC6A6
,,,SLC6A8
,,,SLC6A9
,,,SLC7A1
,,,SLC7A10
,,,SLC7A11
,,,SLC7A11-AS1
,,,SLC7A14
,,,SLC7A2
,,,SLC7A5
,,,SLC7A7
,,,SLC8A1
,,,SLC8A1-AS1
,,,SLC8B1
,,,SLC9A2
,,,SLC9A3R1
,,,SLC9A3R2
,,,SLC9A9
,,,SLCO1A2
,,,SLCO1C1
,,,SLCO2B1
,,,SLCO4A1
,,,SLCO5A1
,,,SLFN11
,,,SLFN12
,,,SLFN12L
,,,SLFN5
,,,SLIT2
,,,SLIT3
,,,SMAD1
,,,SMAD2
,,,SMAD3
,,,SMAD4
,,,SMAD5
,,,SMAD6
,,,SMAD7
,,,SMAD9
,,,SMAP2
,,,SMARCA1
,,,SMARCA5
,,,SMARCC1
,,,SMC
,,,SMC3
,,,SMC4
,,,SMCO4
,,,SMG1P3
,,,SMIM3
,,,SMOC1
,,,SMOC2
,,,SMOX
,,,SMTN
,,,SMUG1
,,,SNAI1
,,,SNAI2
,,,SNAI3
,,,SNAP25-AS1
,,,SNAPC4
,,,SNAPC5
,,,SNCAIP
,,,SND1
,,,SNED1
,,,SNHG8
,,,SNRNP70
,,,SNRPB2
,,,SNTB1
,,,SNTG1
,,,SNTG2
,,,SNX18
,,,SNX22
,,,SOAT1
,,,SOCS3
,,,SOCS4
,,,SOCS6
,,,SOD1
,,,SOHLH2
,,,SORBS1
,,,SORBS2
,,,SORBS3
,,,SORCS1
,,,SORCS2
,,,SORCS3
,,,SORL1
,,,SOX10
,,,SOX11
,,,SOX12
,,,SOX13
,,,SOX15
,,,SOX17
,,,SOX18
,,,SOX21
,,,SOX21-AS1
,,,SOX3
,,,SOX30
,,,SOX4
,,,SOX5
,,,SOX6
,,,SOX7
,,,SOX8
,,,SOX9
,,,SP1
,,,SP100
,,,SP110
,,,SP140
,,,SP140L
,,,SP2
,,,SP2-AS1
,,,SP3
,,,SP4
,,,SP5
,,,SP6
,,,SP7
,,,SP8
,,,SP9
,,,SPARC
,,,SPATA1
,,,SPATA12
,,,SPATA22
,,,SPATS2
,,,SPC25
,,,SPDEF
,,,SPHKAP
,,,SPI1
,,,SPIB
,,,SPIC
,,,SPINT2
,,,SPNS3
,,,SPON1
,,,SPP1
,,,SPRY4
,,,SPSB1
,,,SPSB4
,,,SPTLC2
,,,SPTLC3
,,,SRBD1
,,,SREBF1
,,,SREBF2
,,,SRF
,,,SRGAP1
,,,SRGAP2
,,,SRGAP2-AS1
,,,SRGAP2B
,,,SRGAP2C
,,,SRGN
,,,SRP9
,,,SRPRB
,,,SRPX
,,,SRPX2
,,,SRRM3
,,,SSBP3
,,,SSPN
,,,SSRP1
,,,SST
,,,ST18
,,,ST6GAL1
,,,ST6GALNAC1
,,,ST6GALNAC3
,,,ST6GALNAC5
,,,ST8SIA4
,,,ST8SIA6
,,,ST8SIA6-AS1
,,,STAB1
,,,STAC
,,,STARD13-AS
,,,STARD8
,,,STAT1
,,,STAT2
,,,STAT3
,,,STAT4
,,,STAT5A
,,,STAT5B
,,,STAT6
,,,STAU2
,,,STEAP1B
,,,STEAP3
,,,STEAP4
,,,STK10
,,,STK17B
,,,STK26
,,,STK32A
,,,STK32B
,,,STK33
,,,STK40
,,,STOM
,,,STON2
,,,STOX1
,,,STX11
,,,STX17-AS1
,,,STX4
,,,STXBP5-AS1
,,,STXBP6
,,,SUCLG1
,,,SUCLG2
,,,SUCLG2-AS1
,,,SULF1
,,,SULF2
,,,SULT1C2
,,,SULT1C4
,,,SUN2
,,,SUSD3
,,,SUSD6
,,,SV2B
,,,SV2C
,,,SVEP1
,,,SVIL
,,,SWAP70
,,,SYAP1
,,,SYK
,,,SYN3
,,,SYNDIG1
,,,SYNE2
,,,SYNGR2
,,,SYNJ2
,,,SYNM
,,,SYNPO2
,,,SYNPR
,,,SYNPR-AS1
,,,SYPL1
,,,SYS1-DBNDD2
,,,SYT1
,,,SYT17
,,,SYT2
,,,SYT6
,,,SYTL3
,,,SYTL4
,,,TAC1
,,,TAC3
,,,TACC1
,,,TACR1
,,,TAF1
,,,TAF7
,,,TAGAP
,,,TAGLN
,,,TAGLN2
,,,TAL1
,,,TAL2
,,,TANC1
,,,TAP1
,,,TBC1D12
,,,TBC1D14
,,,TBC1D16
,,,TBC1D4
,,,TBL1X
,,,TBL1XR1
,,,TBL1Y
,,,TBP
,,,TBPL1
,,,TBPL2
,,,TBR1
,,,TBX1
,,,TBX10
,,,TBX15
,,,TBX18
,,,TBX19
,,,TBX2
,,,TBX20
,,,TBX21
,,,TBX22
,,,TBX3
,,,TBX5
,,,TBX6
,,,TBXAS1
,,,TC2N
,,,TCEAL2
,,,TCEAL3
,,,TCEAL6
,,,TCERG1L
,,,TCF12
,,,TCF15
,,,TCF23
,,,TCF24
,,,TCF3
,,,TCF4
,,,TCF4-AS1
,,,TCF7
,,,TCF7L1
,,,TCF7L2
,,,TCFL5
,,,TCIRG1
,,,TCN2
,,,TDRD10
,,,TEAD1
,,,TEAD2
,,,TEAD3
,,,TEAD4
,,,TEC
,,,TEF
,,,TEK
,,,TENM1
,,,TENM2
,,,TENM3
,,,TENM4
,,,TEP1
,,,TERF1
,,,TES
,,,TESC
,,,TET1
,,,TEX14
,,,TEX41
,,,TF
,,,TFAM
,,,TFAP2A
,,,TFAP2C
,,,TFAP2D
,,,TFAP2E
,,,TFAP4
,,,TFCP2
,,,TFCP2L1
,,,TFDP1
,,,TFDP2
,,,TFE3
,,,TFEB
,,,TFEC
,,,TFPI
,,,TFRC
,,,TG
,,,TGFA
,,,TGFB1
,,,TGFB2
,,,TGFBI
,,,TGFBR1
,,,TGFBR2
,,,TGFBR3
,,,TGIF1
,,,TGM2
,,,THAP1
,,,THAP11
,,,THAP12
,,,THBS1
,,,THBS2
,,,THBS4
,,,THEMIS
,,,THEMIS2
,,,THOC2
,,,THRA
,,,THRB
,,,THSD4
,,,THSD4-AS1
,,,THSD7A
,,,THSD7B
,,,TIE1
,,,TIFA
,,,TIGD4
,,,TIMD4
,,,TIMM8A
,,,TIMP1
,,,TIMP3
,,,TINAGL1
,,,TIPARP
,,,TLE1
,,,TLE3
,,,TLL1
,,,TLN1
,,,TLR1
,,,TLR10
,,,TLR2
,,,TLR3
,,,TLR5
,,,TLR7
,,,TLX2
,,,TM4SF1
,,,TM4SF18
,,,TM6SF1
,,,TMBIM1
,,,TMC1
,,,TMC6
,,,TMC8
,,,TMCC2
,,,TMCC3
,,,TMCO4
,,,TMED11P
,,,TMEM106A
,,,TMEM119
,,,TMEM123
,,,TMEM125
,,,TMEM132C
,,,TMEM132D
,,,TMEM140
,,,TMEM144
,,,TMEM151A
,,,TMEM154
,,,TMEM156
,,,TMEM163
,,,TMEM164
,,,TMEM165
,,,TMEM176B
,,,TMEM182
,,,TMEM196
,,,TMEM204
,,,TMEM236
,,,TMEM241
,,,TMEM255A
,,,TMEM255B
,,,TMEM258
,,,TMEM33
,,,TMEM45A
,,,TMEM51
,,,TMEM63A
,,,TMEM71
,,,TMEM87B
,,,TMEM88B
,,,TMEM98
,,,TMIGD3
,,,TMLHE-AS1
,,,TMPRSS5
,,,TMSB10
,,,TMSB4X
,,,TMTC1
,,,TMTC2
,,,TMTC4
,,,TNC
,,,TNFAIP2
,,,TNFAIP3
,,,TNFAIP8
,,,TNFRSF10A
,,,TNFRSF10B
,,,TNFRSF10D
,,,TNFRSF11A
,,,TNFRSF11B
,,,TNFRSF13C
,,,TNFRSF19
,,,TNFRSF1A
,,,TNFRSF1B
,,,TNFSF10
,,,TNFSF13B
,,,TNFSF8
,,,TNIP2
,,,TNR
,,,TNS1
,,,TNS2
,,,TNS3
,,,TOB1
,,,TOB2
,,,TONSL
,,,TOX
,,,TOX2
,,,TOX3
,,,TP53
,,,TP53INP1
,,,TP53TG5
,,,TP63
,,,TP73
,,,TPD52L1
,,,TPI1
,,,TPM1
,,,TPM2
,,,TPO
,,,TPPP
,,,TPRG1
,,,TPT1
,,,TPTE2P6
,,,TPTEP1
,,,TRABD2B
,,,TRAF1
,,,TRAF3IP3
,,,TRAF4
,,,TRDN
,,,TREM2
,,,TRG-AS1
,,,TRHDE
,,,TRIB1
,,,TRIB2
,,,TRIM21
,,,TRIM22
,,,TRIM28
,,,TRIM38
,,,TRIM5
,,,TRIM56
,,,TRIM59
,,,TRIM62
,,,TRIM69
,,,TRIOBP
,,,TRIP10
,,,TRIP6
,,,TRMT1
,,,TRPC3
,,,TRPC4
,,,TRPC6
,,,TRPM3
,,,TRPM6
,,,TRPS1
,,,TSC22D3
,,,TSC22D4
,,,TSHR
,,,TSHZ2
,,,TSPAN12
,,,TSPAN14
,,,TSPAN18
,,,TSPO
,,,TTC23
,,,TTC6
,,,TTC7A
,,,TTF1
,,,TTF2
,,,TTLL4
,,,TTN
,,,TTPA
,,,TTTY14
,,,TTYH2
,,,TUBA1A
,,,TUBA1C
,,,TUBB2B
,,,TUBB6
,,,TWIST1
,,,TWIST2
,,,TXK
,,,TXNIP
,,,TYMP
,,,TYMSOS
,,,TYROBP
,,,UACA
,,,UAP1
,,,UBA52
,,,UBA7
,,,UBASH3B
,,,UBB
,,,UBC
,,,UBE2K
,,,UBL5
,,,UBP1
,,,UBTD1
,,,UBTF
,,,UCP2
,,,UEVLD
,,,UGP2
,,,UGT8
,,,UHRF1
,,,UNC13C
,,,UNC13D
,,,UNC5D
,,,UNC93B1
,,,UQCRB
,,,USF1
,,,USF2
,,,USH1C
,,,USP13
,,,USP39
,,,USP53
,,,USP6NL
,,,USPL1
,,,UST
,,,UTP18
,,,UTRN
,,,UTY
,,,VAMP5
,,,VAMP8
,,,VASH1
,,,VASP
,,,VAV1
,,,VAX1
,,,VAX2
,,,VCAM1
,,,VCAN
,,,VCL
,,,VDR
,,,VEGFA
,,,VEGFC
,,,VENTX
,,,VEZF1
,,,VGF
,,,VGLL3
,,,VIM
,,,VIP
,,,VIPR2
,,,VIT
,,,VLMC
,,,VPS4B
,,,VPS72
,,,VRK2
,,,VSIG4
,,,VSX1
,,,VSX2
,,,VWA1
,,,VWA2
,,,VWA3B
,,,VWC2
,,,VWC2L
,,,VWF
,,,WAS
,,,WDFY4
,,,WDR49
,,,WDR64
,,,WDR86
,,,WEE1
,,,WHRN
,,,WIF1
,,,WIPF1
,,,WIPI1
,,,WLS
,,,WNT2B
,,,WNT5A
,,,WNT5B
,,,WRNIP1
,,,WSCD1
,,,WT1
,,,WWC1
,,,WWTR1
,,,XACT
,,,XAF1
,,,XBP1
,,,XKR4
,,,XPA
,,,XRCC1
,,,XRCC4
,,,XYLT1
,,,YAP1
,,,YBX1
,,,YBX3
,,,YES1
,,,YOD1
,,,YWHAE
,,,YWHAZ
,,,YY1
,,,ZBBX
,,,ZBED5
,,,ZBTB1
,,,ZBTB10
,,,ZBTB11
,,,ZBTB12
,,,ZBTB14
,,,ZBTB16
,,,ZBTB17
,,,ZBTB18
,,,ZBTB2
,,,ZBTB20
,,,ZBTB20-AS1
,,,ZBTB21
,,,ZBTB25
,,,ZBTB33
,,,ZBTB37
,,,ZBTB38
,,,ZBTB4
,,,ZBTB40
,,,ZBTB41
,,,ZBTB42
,,,ZBTB43
,,,ZBTB44
,,,ZBTB45
,,,ZBTB46
,,,ZBTB47
,,,ZBTB49
,,,ZBTB6
,,,ZBTB7A
,,,ZBTB7B
,,,ZBTB7C
,,,ZC3H7A
,,,ZC3HAV1
,,,ZCCHC14
,,,ZCCHC24
,,,ZDHHC15
,,,ZDHHC20
,,,ZDHHC5
,,,ZDHHC9
,,,ZEB1
,,,ZEB1-AS1
,,,ZEB2
,,,ZEB2-AS1
,,,ZFAND2A
,,,ZFAND4
,,,ZFAND6
,,,ZFHX2
,,,ZFHX3
,,,ZFHX4-AS1
,,,ZFP1
,,,ZFP14
,,,ZFP2
,,,ZFP28
,,,ZFP3
,,,ZFP30
,,,ZFP36
,,,ZFP36L1
,,,ZFP36L2
,,,ZFP62
,,,ZFP64
,,,ZFP69
,,,ZFP82
,,,ZFP90
,,,ZFP92
,,,ZFPM1
,,,ZFPM2
,,,ZFPM2-AS1
,,,ZFX
,,,ZFY
,,,ZGRF1
,,,ZHX2
,,,ZHX3
,,,ZIC1
,,,ZIC2
,,,ZIC3
,,,ZIC4
,,,ZIC5
,,,ZIM2
,,,ZIM3
,,,ZKSCAN1
,,,ZKSCAN3
,,,ZKSCAN7
,,,ZKSCAN8
,,,ZMAT2
,,,ZMAT4
,,,ZNF100
,,,ZNF101
,,,ZNF107
,,,ZNF112
,,,ZNF117
,,,ZNF12
,,,ZNF121
,,,ZNF124
,,,ZNF131
,,,ZNF133
,,,ZNF134
,,,ZNF135
,,,ZNF136
,,,ZNF141
,,,ZNF143
,,,ZNF146
,,,ZNF148
,,,ZNF155
,,,ZNF16
,,,ZNF160
,,,ZNF165
,,,ZNF175
,,,ZNF180
,,,ZNF182
,,,ZNF189
,,,ZNF195
,,,ZNF197
,,,ZNF2
,,,ZNF200
,,,ZNF205
,,,ZNF207
,,,ZNF208
,,,ZNF214
,,,ZNF217
,,,ZNF219
,,,ZNF22
,,,ZNF224
,,,ZNF225
,,,ZNF226
,,,ZNF227
,,,ZNF230
,,,ZNF232
,,,ZNF233
,,,ZNF234
,,,ZNF235
,,,ZNF236
,,,ZNF239
,,,ZNF24
,,,ZNF248
,,,ZNF25
,,,ZNF250
,,,ZNF251
,,,ZNF253
,,,ZNF254
,,,ZNF257
,,,ZNF26
,,,ZNF260
,,,ZNF263
,,,ZNF264
,,,ZNF266
,,,ZNF267
,,,ZNF273
,,,ZNF274
,,,ZNF275
,,,ZNF28
,,,ZNF280D
,,,ZNF281
,,,ZNF282
,,,ZNF283
,,,ZNF284
,,,ZNF286B
,,,ZNF287
,,,ZNF296
,,,ZNF30
,,,ZNF316
,,,ZNF317
,,,ZNF319
,,,ZNF32
,,,ZNF322
,,,ZNF324
,,,ZNF326
,,,ZNF329
,,,ZNF331
,,,ZNF333
,,,ZNF335
,,,ZNF33A
,,,ZNF33B
,,,ZNF341
,,,ZNF345
,,,ZNF35
,,,ZNF354A
,,,ZNF354B
,,,ZNF354C
,,,ZNF358
,,,ZNF362
,,,ZNF366
,,,ZNF367
,,,ZNF382
,,,ZNF383
,,,ZNF384
,,,ZNF385A
,,,ZNF385B
,,,ZNF385D
,,,ZNF385D-AS2
,,,ZNF394
,,,ZNF396
,,,ZNF397
,,,ZNF398
,,,ZNF407
,,,ZNF41
,,,ZNF410
,,,ZNF415
,,,ZNF418
,,,ZNF420
,,,ZNF423
,,,ZNF426
,,,ZNF429
,,,ZNF43
,,,ZNF430
,,,ZNF431
,,,ZNF432
,,,ZNF433
,,,ZNF436
,,,ZNF438
,,,ZNF439
,,,ZNF440
,,,ZNF441
,,,ZNF442
,,,ZNF444
,,,ZNF445
,,,ZNF449
,,,ZNF45
,,,ZNF451
,,,ZNF454
,,,ZNF460
,,,ZNF462
,,,ZNF467
,,,ZNF471
,,,ZNF48
,,,ZNF480
,,,ZNF483
,,,ZNF485
,,,ZNF491
,,,ZNF496
,,,ZNF501
,,,ZNF502
,,,ZNF507
,,,ZNF510
,,,ZNF513
,,,ZNF516
,,,ZNF518A
,,,ZNF519
,,,ZNF521
,,,ZNF524
,,,ZNF528
,,,ZNF529
,,,ZNF532
,,,ZNF534
,,,ZNF536
,,,ZNF540
,,,ZNF543
,,,ZNF546
,,,ZNF549
,,,ZNF552
,,,ZNF554
,,,ZNF556
,,,ZNF558
,,,ZNF560
,,,ZNF561
,,,ZNF562
,,,ZNF565
,,,ZNF566
,,,ZNF567
,,,ZNF568
,,,ZNF569
,,,ZNF570
,,,ZNF577
,,,ZNF579
,,,ZNF580
,,,ZNF582
,,,ZNF583
,,,ZNF586
,,,ZNF587
,,,ZNF589
,,,ZNF592
,,,ZNF594
,,,ZNF595
,,,ZNF597
,,,ZNF600
,,,ZNF607
,,,ZNF611
,,,ZNF615
,,,ZNF618
,,,ZNF623
,,,ZNF624
,,,ZNF628
,,,ZNF629
,,,ZNF639
,,,ZNF641
,,,ZNF644
,,,ZNF646
,,,ZNF648
,,,ZNF652
,,,ZNF654
,,,ZNF658
,,,ZNF658B
,,,ZNF664
,,,ZNF667
,,,ZNF669
,,,ZNF671
,,,ZNF672
,,,ZNF675
,,,ZNF676
,,,ZNF680
,,,ZNF681
,,,ZNF683
,,,ZNF69
,,,ZNF691
,,,ZNF692
,,,ZNF696
,,,ZNF697
,,,ZNF699
,,,ZNF7
,,,ZNF70
,,,ZNF704
,,,ZNF706
,,,ZNF708
,,,ZNF710
,,,ZNF711
,,,ZNF714
,,,ZNF716
,,,ZNF717
,,,ZNF718
,,,ZNF720
,,,ZNF721
,,,ZNF729
,,,ZNF732
,,,ZNF736
,,,ZNF740
,,,ZNF746
,,,ZNF749
,,,ZNF75A
,,,ZNF75D
,,,ZNF76
,,,ZNF761
,,,ZNF765
,,,ZNF768
,,,ZNF77
,,,ZNF770
,,,ZNF773
,,,ZNF774
,,,ZNF778
,,,ZNF780B
,,,ZNF782
,,,ZNF783
,,,ZNF786
,,,ZNF787
,,,ZNF789
,,,ZNF790
,,,ZNF800
,,,ZNF804A
,,,ZNF804B
,,,ZNF805
,,,ZNF808
,,,ZNF81
,,,ZNF813
,,,ZNF821
,,,ZNF823
,,,ZNF827
,,,ZNF83
,,,ZNF831
,,,ZNF84
,,,ZNF845
,,,ZNF846
,,,ZNF85
,,,ZNF853
,,,ZNF860
,,,ZNF879
,,,ZNF883
,,,ZNF90
,,,ZNF91
,,,ZNF92
,,,ZNF93
,,,ZNF98
,,,ZNRF2
,,,ZNRF3
,,,ZNRF3-AS1
,,,ZPBP
,,,ZRSR2
,,,ZSCAN12
,,,ZSCAN16
,,,ZSCAN18
,,,ZSCAN2
,,,ZSCAN20
,,,ZSCAN23
,,,ZSCAN25
,,,ZSCAN29
,,,ZSCAN31
,,,ZSCAN4
,,,ZSCAN5A
,,,ZSCAN9
,,,ZXDA
,,,ZXDB
,,,ZXDC
,,,ZZZ3
